freq,na_item,unit,geo\TIME_PERIOD	1995 	1996 	1997 	1998 	1999 	2000 	2001 	2002 	2003 	2004 	2005 	2006 	2007 	2008 	2009 	2010 	2011 	2012 	2013 	2014 	2015 	2016 	2017 	2018 	2019 	2020 	2021 	2022 	2023 
A,B1G,I15,AL	: 	: 	: 	: 	: 	: 	: 	: 	: 	: 	: 	: 	: 	84.4 e	87.5 e	90.8 e	93.7 e	94.7 e	95.7 e	97.8 e	100 	103.2 e	107.1 e	111.5 e	114.2 e	110.8 e	119.9 e	126.3 e	: 
A,B1G,I15,AL0	: 	: 	: 	: 	: 	: 	: 	: 	: 	: 	: 	: 	: 	84.4 e	87.5 e	90.8 e	93.7 e	94.7 e	95.7 e	97.8 e	100 	103.2 e	107.1 e	111.5 e	114.2 e	110.8 e	119.9 e	: 	: 
A,B1G,I15,AL01	: 	: 	: 	: 	: 	: 	: 	: 	: 	: 	: 	: 	: 	85.7 e	89.5 e	95.6 e	95.3 e	96.9 e	96.6 e	95.8 e	100 	103.7 e	106.2 e	108.9 e	111.5 e	105.9 e	114.4 e	: 	: 
A,B1G,I15,AL02	: 	: 	: 	: 	: 	: 	: 	: 	: 	: 	: 	: 	: 	84.9 e	88.8 e	90.7 e	90.5 e	91 e	92.5 e	95.3 e	100 	103.1 e	110.5 e	116 e	118.9 e	116.4 e	127.8 e	: 	: 
A,B1G,I15,AL03	: 	: 	: 	: 	: 	: 	: 	: 	: 	: 	: 	: 	: 	82.5 e	83.9 e	87.2 e	97.5 e	98.7 e	100.1 e	103.2 e	100 	102.9 e	102.5 e	106.4 e	108.7 e	105.9 e	111.6 e	: 	: 
A,B1G,I15,AT	: 	: 	: 	: 	: 	80.8 	82 	83.1 	84.2 	86.5 	88.6 	91.8 	95.3 	96.9 	93.1 	94.8 	97.9 	98.3 	98.2 	98.9 	100 	102.1 	104.5 	107.4 	109.3 	102.6 	107 	113.5 	112.2 
A,B1G,I15,AT1	: 	: 	: 	: 	: 	82.4 	82.9 	84.6 	85 	87.4 	89.3 	92.5 	95.9 	97.8 	95.9 	97.2 	99.8 	99.5 	99.3 	99.4 	100 	102.5 	104 	106.9 	108.6 	101.7 	106.5 	111 	111.7 
A,B1G,I15,AT11	: 	: 	: 	: 	: 	78.8 	79.7 	81.4 	80.7 	84.2 	84.1 	86 	89.1 	88.5 	88 	90.4 	93.2 	94.3 	95.5 	97.2 	100 	101 	104 	105.5 	106.4 	100.3 	105.3 	110.1 	108.5 
A,B1G,I15,AT12	: 	: 	: 	: 	: 	79.8 	79 	79 	80 	84.6 	86.3 	89.3 	93.4 	97.1 	94.6 	94.7 	98.1 	98 	97.8 	99.1 	100 	102.5 	105.8 	108.3 	111.6 	103.2 	107.4 	111.6 	109.9 
A,B1G,I15,AT13	: 	: 	: 	: 	: 	84.4 	85.8 	88.4 	88.5 	89.6 	91.7 	95.1 	98.1 	99.1 	97.5 	99.4 	101.5 	101 	100.7 	99.8 	100 	102.7 	102.8 	106.1 	106.9 	100.9 	106 	110.7 	113.2 
A,B1G,I15,AT2	: 	: 	: 	: 	: 	84.6 	85.8 	86.1 	87.9 	90.8 	91.6 	94.9 	99.2 	100.6 	94 	95.6 	99.1 	99.8 	98.1 	99.9 	100 	101.7 	105.6 	107.8 	109.9 	102.9 	107.9 	114.2 	112.6 
A,B1G,I15,AT21	: 	: 	: 	: 	: 	86.6 	87.4 	88.5 	89.5 	92.1 	92.5 	95.7 	100.1 	101.7 	95 	97 	99.9 	99.3 	98.2 	100.4 	100 	100.2 	103.7 	107.3 	108.6 	103.4 	108.1 	114.9 	113.2 
A,B1G,I15,AT22	: 	: 	: 	: 	: 	83.7 	85.1 	85 	87.2 	90.2 	91.3 	94.5 	98.7 	100 	93.6 	95 	98.8 	100 	98.1 	99.7 	100 	102.4 	106.4 	108 	110.4 	102.7 	107.8 	113.9 	112.4 
A,B1G,I15,AT3	: 	: 	: 	: 	: 	77.2 	79.1 	80 	81.6 	83.4 	86.4 	89.6 	92.9 	94.3 	89.4 	91.7 	95.2 	96.3 	97 	97.9 	100 	101.8 	104.7 	107.8 	109.8 	103.4 	107.3 	116.1 	112.5 
A,B1G,I15,AT31	: 	: 	: 	: 	: 	76.9 	79.5 	80.2 	82.1 	83.8 	87 	90 	93.7 	96.5 	89.5 	91.2 	95.4 	96 	97.3 	98.4 	100 	101.6 	104.6 	108.2 	110 	104.6 	111.1 	116.5 	114.3 
A,B1G,I15,AT32	: 	: 	: 	: 	: 	78.2 	79.2 	80.3 	82 	85.1 	87 	90.4 	94.7 	94.5 	90.6 	94.9 	97.9 	99.7 	97.7 	97.8 	100 	102.6 	105.3 	107.8 	110.1 	104.4 	107.8 	120.7 	120.5 
A,B1G,I15,AT33	: 	: 	: 	: 	: 	78.3 	80.3 	81.4 	82.7 	83.4 	87.5 	90.4 	92.5 	92.2 	90 	91.7 	94.2 	96.2 	97 	97.1 	100 	101.7 	104.5 	107.8 	109.8 	100.5 	99.2 	111.6 	110.5 
A,B1G,I15,AT34	: 	: 	: 	: 	: 	74.5 	75.4 	76.6 	77.2 	79.7 	81.9 	85.2 	88.6 	90 	86.5 	88.6 	92.2 	92.1 	94.7 	97.8 	100 	101.2 	104.4 	106.3 	108.8 	103 	108 	115.9 	99.4 
A,B1G,I15,ATZ	: 	: 	: 	: 	: 	102.9 	101.8 	101.8 	98.7 	98.7 	101.6 	98.7 	95.8 	104.3 	106.1 	107.9 	105.2 	104.4 	99.2 	97.5 	100 	100 	99.2 	100.8 	99.2 	96.9 	98.4 	100.7 	100.7 
A,B1G,I15,ATZZ	: 	: 	: 	: 	: 	102.9 	101.8 	101.8 	98.7 	98.7 	101.6 	98.7 	95.8 	104.3 	106.1 	107.9 	105.2 	104.4 	99.2 	97.5 	100 	100 	99.2 	100.8 	99.2 	96.9 	98.4 	100.7 	100.7 
A,B1G,I15,BE	: 	: 	: 	: 	: 	78.3 e	79.5 e	80.8 e	81.7 	84.2 	86.3 	88.4 	91.7 	92.5 b	90.6 p	93.2 p	95.1 p	95.8 p	96.2 p	97.8 p	100 	100.9 p	102.5 p	104.4 p	106.8 p	102.7 b	108.6 	113.5 	114.8 p
A,B1G,I15,BE1	: 	: 	: 	: 	: 	84.3 e	86.8 e	88.9 e	88.3 	90.2 	91.7 	94.6 	96.5 	96.8 b	94.6 p	96.6 p	97.3 p	98.6 p	98.3 p	98.9 p	100 	99.2 p	100.3 p	101.4 p	104 p	100.1 b	104.2 	106 	106.5 p
A,B1G,I15,BE10	: 	: 	: 	: 	: 	84.3 e	86.9 e	88.9 e	88.3 	90.2 	91.7 	94.6 	96.5 	96.8 b	94.6 p	96.6 p	97.3 p	98.6 p	98.3 p	98.9 p	100 	99.2 p	100.3 p	101.4 p	104 p	100.1 b	104.2 	106 	106.5 p
A,B1G,I15,BE2	: 	: 	: 	: 	: 	75.4 e	76.4 e	77.7 e	79 	81.5 	83.8 	86.2 	90 	90.5 b	88.9 p	91.2 p	93.7 p	94.5 p	95.1 p	97.2 p	100 	101.4 p	103.1 p	104.7 p	106.9 p	102.7 b	110.1 	116.2 	117.7 p
A,B1G,I15,BE21	: 	: 	: 	: 	: 	74.7 e	74.6 e	76.8 e	77.7 	80.8 	84.5 	85.2 	89 	90 b	88 p	90.4 p	93.7 p	94.1 p	94.8 p	96.7 p	100 	101.3 p	102.5 p	104.3 p	106.9 p	103.5 b	108.9 	115.5 	116.5 p
A,B1G,I15,BE22	: 	: 	: 	: 	: 	79.5 e	81 e	82.3 e	83.8 	85 	85.5 	88.7 	92.5 	94.4 b	88.7 p	92.1 p	95.4 p	95.8 p	96.3 p	99.4 p	100 	101.4 p	103.4 p	105.2 p	106.3 p	101.4 b	107.8 	112.1 	112.9 p
A,B1G,I15,BE23	: 	: 	: 	: 	: 	74.3 e	75.4 e	77.5 e	79 	81.4 	82.8 	85.4 	89.7 	89.4 b	89.1 p	91.3 p	93.3 p	93.5 p	94.1 p	96.1 p	100 	101.4 p	103.8 p	104.6 p	106.6 p	103.3 b	111.7 	117.1 	117.4 p
A,B1G,I15,BE24	: 	: 	: 	: 	: 	73 e	75.8 e	75.2 e	77 	79.4 	81.7 	85.1 	88.4 	89.4 b	90.1 p	91.4 p	93.1 p	95.1 p	95.8 p	97.1 p	100 	101.8 p	103.4 p	105.7 p	108.1 p	101.8 b	113.1 	122.6 	126.2 p
A,B1G,I15,BE25	: 	: 	: 	: 	: 	78 e	78.9 e	79.8 e	80.8 	83.3 	84.9 	88.6 	92.4 	91.8 b	89.2 p	91.9 p	93.8 p	94.7 p	95.7 p	98.1 p	100 	101.4 p	103 p	104.4 p	106.5 p	102.1 b	108.8 	112.4 	114.5 p
A,B1G,I15,BE3	: 	: 	: 	: 	: 	80.5 e	81.1 e	81.8 e	83 	86.4 	88.4 	89.3 	92.4 	93.9 b	91.7 p	95.5 p	96.6 p	96.9 p	97.2 p	98.6 p	100 	101.2 p	102.9 p	106 p	108.8 p	105.1 b	108.4 	112.8 	114.2 p
A,B1G,I15,BE31	: 	: 	: 	: 	: 	65 e	67 e	69.2 e	69.5 	74 	78.2 	76.9 	82.3 	83.6 b	84.1 p	93.6 p	87.7 p	90.4 p	93.9 p	98.4 p	100 	104.1 p	107.4 p	116.6 p	127.7 p	122.8 b	115.4 	124.6 	129.2 p
A,B1G,I15,BE32	: 	: 	: 	: 	: 	84.2 e	84.5 e	84.2 e	86.6 	90.6 	91.7 	92.3 	95.1 	97.1 b	92.8 p	95.7 p	98.4 p	97.9 p	97.3 p	98.6 p	100 	100.4 p	101.4 p	103.7 p	104 p	99.4 b	104.3 	107.3 	107.2 p
A,B1G,I15,BE33	: 	: 	: 	: 	: 	84.6 e	84.9 e	85.1 e	85.6 	88.3 	90.1 	91.4 	94.4 	95.5 b	93.7 p	95.7 p	98.6 p	99.1 p	98.8 p	98.8 p	100 	100.5 p	102.3 p	103.8 p	105.4 p	103.1 b	108.5 	111.9 	112.8 p
A,B1G,I15,BE34	: 	: 	: 	: 	: 	85.3 e	84.3 e	86.1 e	86.5 	87.9 	91 	94.1 	95.7 	95.1 b	93.5 p	96 p	98.3 p	97.2 p	97.1 p	97.7 p	100 	100.3 p	102.3 p	103.6 p	105.6 p	103.1 b	110.1 	114.2 	114.1 p
A,B1G,I15,BE35	: 	: 	: 	: 	: 	80.4 e	81.3 e	82.5 e	84.1 	86.6 	88.6 	90.7 	92.4 	94.9 b	93.3 p	96.7 p	98.4 p	98.1 p	97.4 p	98.9 p	100 	101.4 p	102.5 p	104.1 p	105.4 p	102 b	108.4 	113 	115.7 p
A,B1G,I15,BEZ	: 	: 	: 	: 	: 	200.7 e	202.1 e	189.6 e	158.1 	111.6 	90.6 	85.7 	84.6 	85.7 b	87 p	103.8 p	101.7 p	104.9 p	101.6 p	102.9 p	100 	69 p	71.1 p	92.2 p	100.7 p	62.3 b	63.1 	64.4 	65.2 p
A,B1G,I15,BEZZ	: 	: 	: 	: 	: 	200.8 e	202.2 e	189.6 e	158.1 	111.6 	90.6 	85.7 	84.6 	85.7 b	87 p	103.8 p	101.7 p	104.9 p	101.6 p	102.9 p	100 	69 p	71.1 p	92.2 p	100.7 p	62.3 b	63.1 	64.4 	65.2 p
A,B1G,I15,BG	: 	: 	: 	: 	: 	60.1 	62.6 	67.3 	70.1 	73.5 	78.3 	83.9 	89.4 	94.9 	94 	95.8 	97.6 	97.8 	96.2 	97.1 	100 	102.6 	105.9 	109.5 	113.2 	109.7 	118.6 	125.1 	126.7 
A,B1G,I15,BG3	: 	: 	: 	: 	: 	78.6 	78.8 	82.9 	84.3 	86.3 	91.2 	92.8 	94.4 	99 	95.9 	95.9 	96.5 	98.4 	97.5 	99.8 	100 	103.5 	106.6 	110.7 	108.9 	102.7 	109.8 	112.5 	113.2 
A,B1G,I15,BG31	: 	: 	: 	: 	: 	105.8 	108.2 	111.1 	109.4 	108.3 	111.9 	110 	111.1 	113.4 	108.8 	105.5 	104.6 	102.2 	100.1 	103.3 	100 	101.9 	107.2 	118.5 	113.8 	114.9 	121.7 	120.9 	124.4 
A,B1G,I15,BG32	: 	: 	: 	: 	: 	79.1 	83.7 	92.4 	89.3 	90.1 	95 	96.1 	98.1 	100.9 	97.8 	96.9 	97.7 	100 	99.7 	102 	100 	101.3 	104.2 	107.3 	107.8 	103.1 	109.6 	117.7 	123.8 
A,B1G,I15,BG33	: 	: 	: 	: 	: 	67.1 	67.5 	72.1 	74.8 	77.7 	82.2 	88.6 	92.7 	98.6 	93.5 	94.9 	96.9 	98.8 	98.4 	100.1 	100 	100.6 	103.4 	107.5 	108.2 	101.5 	106.4 	113.3 	117 
A,B1G,I15,BG34	: 	: 	: 	: 	: 	73.8 	69.9 	71.2 	76.2 	79.7 	85.5 	85.4 	84.7 	90.8 	90.2 	91.1 	91.2 	95.1 	94.1 	96.3 	100 	108.4 	110.7 	111.6 	107.3 	96.8 	106.5 	104 	98.9 
A,B1G,I15,BG4	: 	: 	: 	: 	: 	48.9 	52.8 	57.9 	61.5 	65.8 	70.5 	78.4 	86.3 	92.3 	92.9 	95.7 	98.2 	97.5 	95.4 	95.5 	100 	102 	105.5 	108.7 	115.7 	113.7 	123.7 	132.5 	134.8 
A,B1G,I15,BG41	: 	: 	: 	: 	: 	44.2 	48.3 	54 	57.2 	61.4 	66.1 	75.2 	85 	92 	93 	96.2 	99.5 	97.9 	95.5 	96 	100 	102.1 	106 	108.6 	117 	114.9 	125.8 	133.2 	137.2 
A,B1G,I15,BG42	: 	: 	: 	: 	: 	65 	67.8 	71 	76 	80.5 	85.1 	89.2 	90.8 	93.1 	92.4 	94.1 	94 	96.2 	94.9 	93.8 	100 	101.6 	104.1 	108.8 	111.6 	109.7 	116.5 	130.4 	126.8 
A,B1G,I15,CY	63.7 	64.5 	66.2 	70.2 	73.7 	78.1 	81.2 	84.2 	86.4 	90.8 	95.2 	99.7 	104.8 	108.6 	106.4 	108.9 	109.3 	105.5 	98.6 	96.8 	100 	106.6 	112.7 	119.9 	127.2 	123.2 	137.2 	147.3 	151.2 p
A,B1G,I15,CY0	63.7 	64.5 	66.2 	70.2 	73.7 	78.1 	81.2 	84.2 	86.4 	90.8 	95.2 	99.7 	104.8 	108.6 	106.4 	108.9 	109.3 	105.5 	98.6 	96.8 	100 	106.6 	112.7 	119.9 	127.2 	123.2 	137.2 	147.3 	151.2 p
A,B1G,I15,CY00	63.7 	64.5 	66.2 	70.2 	73.7 	78.1 	81.2 	84.2 	86.4 	90.8 	95.2 	99.7 	104.8 	108.6 	106.4 	108.9 	109.3 	105.5 	98.6 	96.8 	100 	106.6 	112.7 	119.9 	127.2 	123.2 	137.2 	147.3 	151.2 p
A,B1G,I15,CZ	62.4 	64.8 	64 	63.7 	64.6 	67.4 	69.4 	70.7 	72.6 	76.1 	81 	86.8 	91.3 	94.5 	89.4 	92.3 	94 	93.2 	93.2 	95.8 	100 	102.5 	107.9 	111.1 	115.1 	109.3 	113.6 	116.9 	117.4 
A,B1G,I15,CZ0	62.4 	64.8 	64 	63.7 	64.6 	67.4 	69.4 	70.7 	72.6 	76.1 	81 	86.8 	91.3 	94.5 	89.4 	92.3 	94 	93.2 	93.2 	95.8 	100 	102.5 	107.9 	111.1 	115.1 	109.3 	113.6 	116.9 	117.4 
A,B1G,I15,CZ01	48.4 	51.1 	52.4 	54.3 	56.4 	59.4 	62.6 	65 	68.2 	72.8 	78.2 	82.3 	90.6 	92.7 	86.8 	90.5 	89.2 	89.3 	91.1 	95.2 	100 	102.8 	107.6 	112.8 	116.9 	111.5 	118.5 	123.1 	121 
A,B1G,I15,CZ02	49.4 	50.6 	50.2 	52.1 	54.7 	57.8 	59.6 	63.3 	63.4 	67.1 	70.7 	80.8 	89.2 	94 	87.5 	89.3 	95.7 	95 	92.6 	95.1 	100 	105.4 	113.1 	116.1 	125.4 	115.1 	118.8 	125.8 	128.3 
A,B1G,I15,CZ03	70.5 	73.7 	71.9 	70.8 	71.3 	74.6 	76 	76.4 	78.1 	83.6 	88.5 	94.6 	90.2 	94.1 	91.1 	94.8 	96 	94.2 	94.8 	96.7 	100 	101.9 	108.3 	111 	113.8 	108.3 	111.6 	113.8 	115.4 
A,B1G,I15,CZ04	88.2 	89 	85 	82.8 	82 	83.8 	83.4 	84.3 	87.8 	87.4 	91.5 	98.4 	99 	101 	100.8 	97.5 	95.7 	96.1 	94.6 	95.3 	100 	99.6 	101.7 	101.2 	105.1 	97.6 	99.5 	101.7 	100.9 
A,B1G,I15,CZ05	67 	68.5 	68.4 	67.6 	68.4 	71.5 	72.8 	73.2 	73.1 	76.5 	82 	87.8 	91.4 	94.1 	89.4 	93.4 	96.4 	92.9 	93.2 	95.6 	100 	103.3 	111 	113.8 	117.4 	113.2 	113.9 	117.4 	121.2 
A,B1G,I15,CZ06	63.4 	65.8 	63.9 	63.5 	63.9 	66.7 	69.3 	69.8 	71.9 	74.9 	79.4 	84.1 	89.7 	93.2 	87.8 	90.9 	93.7 	93.6 	94.9 	95.9 	100 	101 	105.5 	109 	112.8 	110.2 	114.9 	115.9 	117.5 
A,B1G,I15,CZ07	65 	67.6 	66.9 	64.5 	64.7 	67.3 	68.8 	68.6 	70.9 	74.4 	78.5 	83.8 	85.9 	92.7 	88.1 	91.9 	94.7 	93 	92.7 	96.2 	100 	102.7 	108.6 	110.5 	114.8 	109.5 	112.5 	114 	115.8 
A,B1G,I15,CZ08	80.6 	84.8 	81.3 	77.9 	76.4 	77.6 	79.5 	80.2 	81.7 	82.9 	90.3 	95.9 	98.8 	99.9 	91.8 	95.6 	98.9 	98.8 	94.7 	97.6 	100 	102.8 	106 	108.9 	107.9 	100.1 	105.3 	107.8 	106.8 
A,B1G,I15,DE	: 	: 	: 	: 	: 	83.4 e	85.1 e	85.2 e	84.6 e	86 e	86.6 e	90 e	93.1 e	94.1 e	88.3 e	92.1 e	95.7 e	96.2 e	96.6 e	98.8 e	100 	102.3 e	105.1 e	106.1 e	107 e	102.4 b	106.3 p	108.1 p	108.5 p
A,B1G,I15,DE1	: 	: 	: 	: 	: 	79.7 e	82.6 e	82.1 e	82 e	82.6 e	83 e	88.3 e	92 e	92.5 e	82.9 e	89.5 e	94.2 e	94.9 e	95.7 e	97.8 e	100 	101.1 e	104.9 e	107 e	106.3 e	100.8 b	105.2 p	107.4 p	107.6 p
A,B1G,I15,DE11	: 	: 	: 	: 	: 	78.5 e	82.3 e	81.1 e	81.5 e	81.1 e	80.4 e	86.7 e	91.1 e	89.8 e	79.1 e	87.2 e	92.1 e	93.7 e	94.5 e	96.5 e	100 	100.1 e	104.7 e	107.4 e	104.3 e	98.6 b	103.3 p	105.6 p	105.8 e
A,B1G,I15,DE12	: 	: 	: 	: 	: 	82.1 e	84.7 e	85 e	84.3 e	85.1 e	86.5 e	91.3 e	94.4 e	96.1 e	87.9 e	92.8 e	96.4 e	96.4 e	96.5 e	98.6 e	100 	101 e	104.5 e	105.9 e	106.6 e	100.6 b	104.6 p	107.6 p	107.7 e
A,B1G,I15,DE13	: 	: 	: 	: 	: 	81.6 e	83.1 e	82.7 e	82.4 e	83.7 e	84.5 e	89.4 e	92 e	93.7 e	85.3 e	90.4 e	95.1 e	95.4 e	96.4 e	99.4 e	100 	101.4 e	104.3 e	106.2 e	107.5 e	102.1 b	106.2 p	107.7 p	108 e
A,B1G,I15,DE14	: 	: 	: 	: 	: 	77.3 e	79.5 e	79.2 e	79.3 e	81.5 e	82.7 e	87 e	90.9 e	93.1 e	83.1 e	90 e	95.3 e	95.5 e	96.6 e	98.5 e	100 	103.4 e	106.5 e	108.5 e	110.2 e	105.5 b	110.3 p	111.6 p	111.9 e
A,B1G,I15,DE2	: 	: 	: 	: 	: 	76.5 e	79 e	79.8 e	78.7 e	80.7 e	81.8 e	85 e	88.2 e	88.3 e	84.1 e	88.5 e	93.9 e	94.9 e	96.2 e	98.5 e	100 	102.5 e	106.4 e	106.7 e	108.3 e	103.5 b	108.2 p	110.4 p	111.5 p
A,B1G,I15,DE21	: 	: 	: 	: 	: 	74.3 e	77.4 e	77.8 e	76.5 e	78.5 e	79.6 e	83 e	86.8 e	85.8 e	82.3 e	86.2 e	92.1 e	93.5 e	95.7 e	97.8 e	100 	102.7 e	106.9 e	106.8 e	109.5 e	104.1 b	110.1 p	113.5 p	114.6 e
A,B1G,I15,DE22	: 	: 	: 	: 	: 	74.5 e	78.4 e	79.4 e	78.5 e	81.5 e	82.3 e	84.5 e	87.9 e	88 e	84 e	91.1 e	96.2 e	94.6 e	95.5 e	99.9 e	100 	102.2 e	106.4 e	105.3 e	106.4 e	103.7 b	107.9 p	111.1 p	111.4 e
A,B1G,I15,DE23	: 	: 	: 	: 	: 	75.1 e	75.3 e	77.3 e	76.9 e	78.4 e	80.3 e	83 e	87.4 e	89.1 e	83.6 e	89.5 e	94.4 e	94.8 e	95.4 e	99.6 e	100 	101.7 e	106.7 e	106.9 e	107.4 e	103.8 b	108.6 p	110.7 p	111.9 e
A,B1G,I15,DE24	: 	: 	: 	: 	: 	82.9 e	85.7 e	84.4 e	82.4 e	84.2 e	84.1 e	88.6 e	90.2 e	90.2 e	87.4 e	91.4 e	95.6 e	96.2 e	96.3 e	97.7 e	100 	102.2 e	106.1 e	106.2 e	106.2 e	101.9 b	106.2 p	106.1 p	107.2 e
A,B1G,I15,DE25	: 	: 	: 	: 	: 	79.3 e	79 e	80.8 e	79.9 e	83.1 e	82.2 e	85.3 e	88.1 e	90.4 e	86.1 e	89.4 e	94.2 e	96.2 e	96.9 e	99.1 e	100 	102.8 e	106.6 e	108.1 e	109.1 e	104.2 b	108.3 p	109.3 p	110.4 e
A,B1G,I15,DE26	: 	: 	: 	: 	: 	81.3 e	84.6 e	85.1 e	85.1 e	86.4 e	88.9 e	91.6 e	94.4 e	94.2 e	87.9 e	92.9 e	98.7 e	98.6 e	98.3 e	99.9 e	100 	102.5 e	105.7 e	105.9 e	106.1 e	100.8 b	104.1 p	105.1 p	106.1 e
A,B1G,I15,DE27	: 	: 	: 	: 	: 	77 e	79.6 e	81.5 e	80.1 e	81.5 e	83.2 e	87 e	88.2 e	89.9 e	84.8 e	89.2 e	94 e	95.8 e	96.2 e	98.7 e	100 	102.5 e	105.2 e	106.7 e	107.6 e	103.4 b	105.1 p	106.2 p	107.2 e
A,B1G,I15,DE3	: 	: 	: 	: 	: 	82.7 e	82.7 e	81.2 e	79.3 e	78.8 e	80.2 e	83 e	85.9 e	89.3 e	87.8 e	90.5 e	93.9 e	93.8 e	94.2 e	96.8 e	100 	105.2 e	109.8 e	113.9 e	117.4 e	113.7 b	118.6 p	124.2 p	126.9 p
A,B1G,I15,DE30	: 	: 	: 	: 	: 	82.7 e	82.7 e	81.2 e	79.3 e	78.8 e	80.2 e	83 e	85.9 e	89.3 e	87.8 e	90.5 e	93.9 e	93.8 e	94.2 e	96.8 e	100 	105.2 e	109.8 e	113.9 e	117.4 e	113.7 b	118.6 p	124.2 p	126.9 p
A,B1G,I15,DE4	: 	: 	: 	: 	: 	83.6 e	84.1 e	84.3 e	84.4 e	86.1 e	86.8 e	89.9 e	91.7 e	93.6 e	90.4 e	93.2 e	94.1 e	95.3 e	95.8 e	99.4 e	100 	102.1 e	104.8 e	105.4 e	107.1 e	104.3 b	106.4 p	108.9 p	112 p
A,B1G,I15,DE40	: 	: 	: 	: 	: 	83.6 e	84.1 e	84.3 e	84.4 e	86.1 e	86.8 e	89.9 e	91.7 e	93.6 e	90.4 e	93.2 e	94.1 e	95.3 e	95.8 e	99.4 e	100 	102.1 e	104.8 e	105.4 e	107.1 e	104.3 b	106.4 p	108.9 p	112 p
A,B1G,I15,DE5	: 	: 	: 	: 	: 	88 e	90 e	91.5 e	92.5 e	92.8 e	93.8 e	98.1 e	99.9 e	100 e	90 e	94.7 e	96.6 e	99.6 e	98.7 e	99.9 e	100 	101.9 e	103.4 e	103.1 e	101.4 e	96.1 b	101.2 p	103.5 p	103.4 p
A,B1G,I15,DE50	: 	: 	: 	: 	: 	88 e	90 e	91.5 e	92.5 e	92.8 e	93.8 e	98.1 e	99.9 e	100 e	90 e	94.7 e	96.6 e	99.6 e	98.7 e	99.9 e	100 	101.9 e	103.4 e	103.1 e	101.4 e	96.1 b	101.2 p	103.5 p	103.4 p
A,B1G,I15,DE6	: 	: 	: 	: 	: 	84.8 e	89.7 e	90.3 e	88.3 e	89.3 e	90.6 e	92.3 e	94.8 e	98.6 e	94 e	94.7 e	95.2 e	95.7 e	98.6 e	98.3 e	100 	102.2 e	104.1 e	104.1 e	107.2 e	101.6 b	104.4 p	109.6 p	108.9 p
A,B1G,I15,DE60	: 	: 	: 	: 	: 	84.8 e	89.7 e	90.3 e	88.3 e	89.3 e	90.6 e	92.3 e	94.8 e	98.6 e	94 e	94.7 e	95.2 e	95.7 e	98.6 e	98.3 e	100 	102.2 e	104.1 e	104.1 e	107.2 e	101.6 b	104.4 p	109.6 p	108.9 p
A,B1G,I15,DE7	: 	: 	: 	: 	: 	90.7 e	93.1 e	91.9 e	92.4 e	92.8 e	93.1 e	96.1 e	99 e	99.7 e	92 e	94.9 e	98.3 e	97.6 e	98.1 e	99.8 e	100 	102.7 e	105.1 e	105.6 e	107 e	101.2 b	106.1 p	107.1 p	109 p
A,B1G,I15,DE71	: 	: 	: 	: 	: 	91.1 e	94 e	92.1 e	92.3 e	92.5 e	92.8 e	95.8 e	98.7 e	99.4 e	91.9 e	94.7 e	98.2 e	97.4 e	98.1 e	99.9 e	100 	102.6 e	105 e	105.6 e	106.8 e	101.2 b	106.3 p	106.8 p	108.7 e
A,B1G,I15,DE72	: 	: 	: 	: 	: 	90.6 e	92 e	91.8 e	91.9 e	94.5 e	95.5 e	98.3 e	101.8 e	103.7 e	93 e	96 e	99.3 e	98.4 e	97.8 e	100.2 e	100 	102.5 e	106 e	107.3 e	108.7 e	104.2 b	109 p	108.5 p	110.1 e
A,B1G,I15,DE73	: 	: 	: 	: 	: 	88.7 e	90.2 e	90.8 e	92.9 e	92.9 e	92.4 e	95.6 e	98.1 e	97.7 e	91.5 e	95 e	97.9 e	97.5 e	98.1 e	99 e	100 	103.4 e	104.7 e	104.6 e	106.4 e	98.9 b	102.9 p	107.7 p	109.4 e
A,B1G,I15,DE8	: 	: 	: 	: 	: 	88.6 e	88.1 e	88.6 e	88.5 e	89.4 e	89 e	90.9 e	94.5 e	95.5 e	93.8 e	94.9 e	97.1 e	96.7 e	97 e	100 e	100 	101.4 e	105.9 e	103.9 e	108.3 e	103.9 b	106 p	109.7 p	113.9 p
A,B1G,I15,DE80	: 	: 	: 	: 	: 	88.6 e	88.1 e	88.6 e	88.5 e	89.4 e	89 e	90.9 e	94.5 e	95.5 e	93.8 e	94.9 e	97.1 e	96.7 e	97 e	100 e	100 	101.4 e	105.9 e	103.9 e	108.3 e	103.9 b	106 p	109.7 p	113.9 p
A,B1G,I15,DE9	: 	: 	: 	: 	: 	84 e	84.1 e	83 e	82.7 e	84.5 e	86.1 e	89.6 e	92.7 e	94.4 e	88.7 e	93.8 e	98.1 e	98.8 e	98 e	100.8 e	100 	106.1 e	107.1 e	108.3 e	110.4 e	105.5 b	107.5 p	108.6 p	109.5 p
A,B1G,I15,DE91	: 	: 	: 	: 	: 	85.7 e	86.7 e	83.2 e	83.7 e	85.2 e	88.1 e	90.9 e	95.5 e	96.7 e	87.8 e	96.7 e	103.5 e	102.6 e	101.8 e	105.8 e	100 	115.9 e	114.1 e	118.2 e	121.3 e	110.1 b	107.8 p	107.8 p	109.2 e
A,B1G,I15,DE92	: 	: 	: 	: 	: 	88.2 e	87.7 e	87.9 e	86.6 e	86.8 e	89.8 e	93.7 e	95 e	97 e	92 e	95.5 e	99.3 e	99.5 e	97.6 e	99.9 e	100 	104 e	105 e	105.7 e	107.2 e	102.6 b	106.5 p	105.6 p	106.4 e
A,B1G,I15,DE93	: 	: 	: 	: 	: 	82.6 e	81.9 e	82 e	82 e	83.9 e	84 e	87 e	90.3 e	91.2 e	87.3 e	89.7 e	93.2 e	95.6 e	96.1 e	99.2 e	100 	100.8 e	102.8 e	103.9 e	106.2 e	104.6 b	107.8 p	109.6 p	110.2 e
A,B1G,I15,DE94	: 	: 	: 	: 	: 	79.6 e	79.9 e	78.8 e	78.8 e	82 e	82.2 e	86.2 e	89.6 e	91.8 e	87.3 e	92.1 e	95.5 e	96.9 e	96.2 e	98.7 e	100 	103.1 e	105.8 e	105.3 e	107 e	104.8 b	108.1 p	111.3 p	112.1 e
A,B1G,I15,DEA	: 	: 	: 	: 	: 	87.5 e	88.9 e	89.3 e	88.2 e	89.7 e	90 e	92.7 e	96.5 e	97.7 e	91.9 e	94.3 e	96.9 e	96.7 e	96.9 e	98.8 e	100 	101.2 e	103.9 e	105.1 e	104.9 e	101.1 b	104 p	104.5 p	104.1 p
A,B1G,I15,DEA1	: 	: 	: 	: 	: 	89.7 e	92.2 e	91.8 e	91.4 e	93.1 e	93.2 e	94.9 e	99.6 e	102.4 e	95.7 e	96.8 e	99 e	97.9 e	97.8 e	99.5 e	100 	100.9 e	103.8 e	105.1 e	104.4 e	100.6 b	103.5 p	103.4 p	102.9 e
A,B1G,I15,DEA2	: 	: 	: 	: 	: 	84.2 e	85.5 e	88 e	84.9 e	86.1 e	85.3 e	89 e	92.8 e	92.2 e	88.8 e	90.8 e	93 e	93.4 e	94.9 e	97.1 e	100 	101 e	103.8 e	105.5 e	104.4 e	99.5 b	102.6 p	103.7 p	103.5 e
A,B1G,I15,DEA3	: 	: 	: 	: 	: 	86.8 e	88.3 e	87.8 e	87.8 e	90.7 e	91.4 e	94.6 e	98 e	99.8 e	92.9 e	96.8 e	99.5 e	99.5 e	97.9 e	98.8 e	100 	102.3 e	105.4 e	105.6 e	106.9 e	105 b	107.4 p	108.3 p	108 e
A,B1G,I15,DEA4	: 	: 	: 	: 	: 	86.3 e	86.6 e	86 e	85.4 e	86.3 e	87.8 e	90.4 e	94.5 e	94.5 e	88.7 e	91.2 e	95.4 e	96.1 e	97.1 e	100 e	100 	102.2 e	103.7 e	104.9 e	106.2 e	103.9 b	105.4 p	105.6 p	105.2 e
A,B1G,I15,DEA5	: 	: 	: 	: 	: 	90.1 e	90 e	89.7 e	89.5 e	90.9 e	92 e	94.4 e	97.1 e	98.6 e	91.4 e	95.4 e	98.5 e	97.8 e	97.4 e	99.6 e	100 	100.9 e	103.1 e	104.4 e	104.4 e	99.8 b	103.5 p	104.3 p	103.8 e
A,B1G,I15,DEB	: 	: 	: 	: 	: 	84 e	83.1 e	84 e	83.8 e	86.2 e	86 e	89.2 e	91.8 e	92.2 e	87.1 e	91.9 e	94.6 e	95.9 e	95.9 e	97.9 e	100 	101.1 e	102.6 e	102.8 e	103.2 e	98.9 b	109.9 p	110.2 p	105.2 p
A,B1G,I15,DEB1	: 	: 	: 	: 	: 	87.8 e	86.8 e	88 e	87.5 e	89.6 e	89.8 e	92.9 e	94.5 e	94.6 e	88.8 e	92.4 e	95.2 e	95.8 e	96.1 e	98.9 e	100 	100.9 e	104.2 e	104.7 e	105.7 e	102.3 b	105.1 p	107.1 p	105.2 e
A,B1G,I15,DEB2	: 	: 	: 	: 	: 	82.3 e	82.1 e	84 e	85.5 e	87.7 e	87.3 e	89.5 e	91.9 e	93.3 e	88.2 e	91.5 e	95.4 e	95.9 e	97.2 e	98.3 e	100 	102.1 e	102.5 e	103 e	103.3 e	100.1 b	100.7 p	103.3 p	101.6 e
A,B1G,I15,DEB3	: 	: 	: 	: 	: 	82 e	80.9 e	81.5 e	81.1 e	83.7 e	83.4 e	86.8 e	90.2 e	90.4 e	85.7 e	91.6 e	94 e	95.9 e	95.5 e	97.1 e	100 	101.1 e	101.7 e	101.6 e	101.5 e	96.5 b	114.8 p	113.6 p	105.9 e
A,B1G,I15,DEC	: 	: 	: 	: 	: 	89.7 e	91.7 e	90.6 e	90.4 e	93.6 e	96.9 e	100 e	102.5 e	102.8 e	91.5 e	96.3 e	100.8 e	99.3 e	96.9 e	100 e	100 	99.5 e	101.5 e	100.8 e	98.6 e	93.3 b	96.4 p	97.1 p	97.2 p
A,B1G,I15,DEC0	: 	: 	: 	: 	: 	89.7 e	91.7 e	90.6 e	90.4 e	93.6 e	96.9 e	100 e	102.5 e	102.8 e	91.5 e	96.3 e	100.8 e	99.3 e	96.9 e	100 e	100 	99.5 e	101.5 e	100.8 e	98.6 e	93.3 b	96.4 p	97.1 p	97.2 p
A,B1G,I15,DED	: 	: 	: 	: 	: 	79.5 e	81 e	82.8 e	83.8 e	85.8 e	85.3 e	89.2 e	92.3 e	92.2 e	87.9 e	91 e	94.1 e	94.8 e	95 e	98.1 e	100 	101.8 e	104.3 e	104.9 e	106.3 e	102 b	104.8 p	107.1 p	107.3 p
A,B1G,I15,DED2	: 	: 	: 	: 	: 	78.6 e	80.8 e	83.4 e	85.3 e	87.9 e	87.3 e	89.9 e	93.1 e	92.1 e	88.1 e	90.5 e	92.7 e	93 e	93.9 e	96.6 e	100 	101.2 e	103.5 e	104.8 e	106 e	101.9 b	104.2 p	107.3 p	107.2 e
A,B1G,I15,DED4	: 	: 	: 	: 	: 	85.7 e	86.4 e	87.7 e	88.3 e	90.2 e	89.8 e	94.5 e	97.5 e	97.3 e	91 e	95.1 e	98.3 e	97.8 e	96.3 e	99.3 e	100 	101.8 e	103.6 e	103.4 e	103.6 e	98.2 b	101.2 p	102.9 p	103.2 e
A,B1G,I15,DED5	: 	: 	: 	: 	: 	73.2 e	74.5 e	75.9 e	76.1 e	77.1 e	76.9 e	81.6 e	84.6 e	85.9 e	83.7 e	86.5 e	91.1 e	93.6 e	95 e	98.8 e	100 	102.8 e	106.3 e	107.1 e	110.2 e	106.8 b	110.4 p	112.2 p	112.5 e
A,B1G,I15,DEE	: 	: 	: 	: 	: 	90.1 e	89.7 e	92 e	91.8 e	93.2 e	92.6 e	96 e	98.6 e	98.9 e	93 e	97.3 e	96.8 e	99.4 e	98.8 e	99.9 e	100 	101.6 e	102.7 e	102.4 e	103.9 e	101 b	102.8 p	105 p	104.2 p
A,B1G,I15,DEE0	: 	: 	: 	: 	: 	90.1 e	89.7 e	92 e	91.8 e	93.2 e	92.6 e	96 e	98.6 e	98.9 e	93 e	97.3 e	96.8 e	99.4 e	98.8 e	99.9 e	100 	101.6 e	102.7 e	102.4 e	103.9 e	101 b	102.8 p	105 p	104.2 p
A,B1G,I15,DEF	: 	: 	: 	: 	: 	87.7 e	89.1 e	87.6 e	87.4 e	89.3 e	89.4 e	92 e	93.6 e	96.1 e	92.1 e	93.2 e	95.9 e	98.6 e	97.8 e	99.5 e	100 	102.3 e	105.4 e	105.8 e	108.2 e	105.9 b	106 p	108.3 p	107.7 p
A,B1G,I15,DEF0	: 	: 	: 	: 	: 	87.7 e	89.1 e	87.6 e	87.4 e	89.3 e	89.4 e	92 e	93.6 e	96.1 e	92.1 e	93.2 e	95.9 e	98.6 e	97.8 e	99.5 e	100 	102.3 e	105.4 e	105.8 e	108.2 e	105.9 b	106 p	108.3 p	107.7 p
A,B1G,I15,DEG	: 	: 	: 	: 	: 	82.1 e	83 e	83.3 e	84.6 e	86.3 e	85.9 e	89.1 e	91.6 e	91.4 e	86.1 e	90.6 e	94.7 e	94.8 e	96 e	99.5 e	100 	101.2 e	103.4 e	103.1 e	102.9 e	99.1 b	101.7 p	103.9 p	104.6 p
A,B1G,I15,DEG0	: 	: 	: 	: 	: 	82.1 e	83 e	83.3 e	84.5 e	86.3 e	85.9 e	89.1 e	91.6 e	91.4 e	86.1 e	90.6 e	94.7 e	94.8 e	96 e	99.5 e	100 	101.2 e	103.4 e	103.1 e	102.9 e	99.1 b	101.7 p	103.9 p	104.6 p
A,B1G,I15,DK	: 	: 	: 	: 	: 	88.1 	89 	89.2 	89.6 	91.5 	93 	96.5 	97.1 	97.3 	92.8 	94.2 	95.6 	95.6 	97 	98.1 	100 	103 	106.3 	107.9 	109.8 	107.2 	115 	117.7 	121.2 
A,B1G,I15,DK0	: 	: 	: 	: 	: 	84.9 	85.9 	86.1 	86.5 	88.1 	89.6 	93.4 	94.4 	95 	90.9 	92.6 	94.3 	94.6 	96.5 	97.8 	100 	103 	106.5 	108.3 	110.3 	107.9 	115.8 	118.5 	122.2 
A,B1G,I15,DK01	: 	: 	: 	: 	: 	77.7 	79.3 	78 	78.8 	81.1 	84.7 	86.2 	87.2 	88.8 	85.7 	88.7 	90.2 	91.9 	94.6 	96.6 	100 	103.9 	108 	110.9 	112.3 	109.2 	117 	123.2 	130 
A,B1G,I15,DK02	: 	: 	: 	: 	: 	93.1 	94.7 	95.3 	95.5 	97.4 	98.3 	101.3 	100.2 	97.1 	91.6 	93.9 	94.4 	93.2 	94.9 	95.7 	100 	98.7 	102.6 	103.7 	107 	103.7 	110.4 	112.7 	113.4 
A,B1G,I15,DK03	: 	: 	: 	: 	: 	88.3 	88.2 	88.7 	89.3 	90.2 	89.5 	95.4 	97.7 	98.1 	93.1 	94.3 	96.5 	96.1 	98.1 	98.7 	100 	101.3 	103.8 	104.6 	106.1 	103.7 	111.8 	114.1 	117.6 
A,B1G,I15,DK04	: 	: 	: 	: 	: 	89 	90.2 	91.7 	91.2 	93 	93.2 	99.5 	100.2 	100.7 	96.8 	96.5 	99.2 	98.1 	99.2 	100.5 	100 	106.1 	109.4 	110.7 	113.9 	113.7 	122.4 	120 	119.9 
A,B1G,I15,DK05	: 	: 	: 	: 	: 	91.4 	91.3 	94 	94.5 	93.4 	94 	99.2 	100 	101.2 	96.2 	96.6 	96.6 	97.1 	97.4 	97.4 	100 	100.6 	104.2 	104.8 	105.6 	103.2 	110.1 	109 	108.4 
A,B1G,I15,DKZ	: 	: 	: 	: 	: 	268.3 	252.6 	263.2 	263.3 	291.6 	287.9 	265.6 	241.2 	214.9 	191.2 	173.3 	157.6 	143.4 	121.7 	114.3 	100 	102.3 	84 	76.1 	70.9 	52.3 	55.4 	59.4 	57.3 
A,B1G,I15,DKZZ	: 	: 	: 	: 	: 	268.3 	252.6 	263.2 	263.3 	291.6 	287.9 	265.6 	241.2 	214.9 	191.2 	173.3 	157.6 	143.4 	121.7 	114.3 	100 	102.3 	84 	76.1 	70.9 	52.3 	55.4 	59.4 	57.3 
A,B1G,I15,EE	43.8 	46 	51.5 	54.8 	54.9 	59.9 	63.2 	67.4 	72.6 	77.1 	84.5 	92.4 	98.8 	95.9 	81.2 	84.2 	90.9 	93.7 	95.4 	98.4 	100 	102.8 	109.5 	114 	117.6 	114.4 	121.8 	122.5 	118.6 
A,B1G,I15,EE0	43.8 	46 	51.5 	54.8 	54.9 	59.9 	63.2 	67.4 	72.6 	77.1 	84.5 	92.4 	98.8 	95.9 	81.2 	84.2 	90.9 	93.7 	95.4 	98.4 	100 	102.8 	109.5 	114 	117.6 	114.4 	121.8 	122.5 	118.6 
A,B1G,I15,EE00	43.8 	46 	51.5 	54.8 	54.9 	59.9 	63.2 	67.4 	72.6 	77.1 	84.5 	92.4 	98.8 	95.9 	81.2 	84.2 	90.9 	93.7 	95.4 	98.4 	100 	102.8 	109.5 	114 	117.6 	114.4 	121.8 	122.5 	118.6 
A,B1G,I15,EL	: 	: 	: 	: 	: 	97.9 	101.7 	106.5 	113.1 	120.1 	121.4 	127.7 	131.5 	131.9 	127.5 	120.1 	109.4 	101.6 	99.9 	100 	100 	99.7 	101.9 	103.7 	105.5 	95.9 	103.7 	109.2 p	111.6 p
A,B1G,I15,EL3	: 	: 	: 	: 	: 	93.6 	97.6 	103.3 	110.2 	117.1 	118.8 	127.1 	131.6 	132.4 	129.1 	121.2 	109.9 	100.4 	99.2 	99.8 	100 	99.7 	102.4 	104 	107 	98.5 	106.9 	112.7 p	116 p
A,B1G,I15,EL30	: 	: 	: 	: 	: 	93.6 	97.6 	103.3 	110.2 	117.1 	118.8 	127.1 	131.6 	132.4 	129.1 	121.2 	109.9 	100.4 	99.2 	99.8 	100 	99.7 	102.4 	104 	107 	98.5 	106.9 	112.7 p	116 p
A,B1G,I15,EL4	: 	: 	: 	: 	: 	92.1 	95 	99.2 	106.1 	114.8 	116.3 	122.2 	124.7 	128.2 	120.9 	113.5 	103.9 	96.5 	99.4 	100.7 	100 	97.8 	100.3 	101.9 	103.1 	85.3 	94.6 	102.5 p	104.9 p
A,B1G,I15,EL41	: 	: 	: 	: 	: 	89.7 	93.4 	94.6 	108.5 	112.4 	116.3 	124.1 	128 	130.7 	123.8 	116.4 	108.4 	101.4 	100.9 	101.4 	100 	98.8 	99.2 	100.5 	102.4 	91.4 	96.5 	101.3 p	103.7 p
A,B1G,I15,EL42	: 	: 	: 	: 	: 	92.7 	92.4 	94.8 	102.3 	110.5 	114.2 	119.4 	123 	127.9 	117.2 	110.1 	102.6 	96.4 	101.9 	101.7 	100 	96.9 	98.5 	101.1 	102.4 	78.7 	89.2 	96.6 p	100.3 p
A,B1G,I15,EL43	: 	: 	: 	: 	: 	92.3 	97.3 	103.5 	108 	118.5 	117.8 	123.5 	124.8 	127.6 	122.7 	115.1 	103.4 	95.3 	97.2 	99.9 	100 	98.1 	101.8 	102.9 	103.8 	88.2 	97.8 	106.9 p	108.5 p
A,B1G,I15,EL5	: 	: 	: 	: 	: 	103.1 	106.8 	110.3 	115.4 	123.6 	123.9 	128.1 	132.7 	132 	128 	121.9 	112.2 	105.4 	101.4 	100.2 	100 	100.1 	101.1 	103.1 	103.3 	94.4 	100.6 	106.1 p	107.4 p
A,B1G,I15,EL51	: 	: 	: 	: 	: 	107.3 	109.7 	112.5 	116.6 	123.7 	126.2 	124.5 	132.1 	133.7 	129.4 	128.7 	112.9 	106 	101.8 	100.9 	100 	101.6 	101.7 	103.4 	103.3 	94.9 	102.5 	104.9 p	106.6 p
A,B1G,I15,EL52	: 	: 	: 	: 	: 	99.2 	103.5 	107.8 	112.7 	122.2 	121 	126.7 	132.4 	132.4 	128.1 	119.1 	109.6 	102.1 	98.9 	98.2 	100 	100.8 	102.3 	105 	106.4 	98.1 	104.7 	112.6 p	113.4 p
A,B1G,I15,EL53	: 	: 	: 	: 	: 	111.6 	112.6 	112.4 	120.8 	129.6 	135.1 	139.9 	135.3 	128.3 	126.6 	126.8 	125.3 	126.7 	114.9 	109.7 	100 	93.7 	94.1 	93.4 	87 	74.6 	77.5 	75.8 p	78.2 p
A,B1G,I15,EL54	: 	: 	: 	: 	: 	109.1 	113.2 	116.8 	121.3 	123.3 	123.8 	127.7 	129.1 	126.3 	121.7 	118.9 	110.5 	100 	100.5 	100.5 	100 	100.6 	100.8 	102.9 	103.4 	94.3 	100.5 	104.4 p	107.2 p
A,B1G,I15,EL6	: 	: 	: 	: 	: 	104.9 	109 	113.5 	120.7 	125.8 	126.9 	131.5 	133.3 	132.1 	126.6 	118.7 	108.1 	102.6 	100 	99.9 	100 	100 	102.3 	104.2 	105.6 	96.7 	104 	107.4 p	109.1 p
A,B1G,I15,EL61	: 	: 	: 	: 	: 	93.8 	98.3 	108.8 	118.3 	124.8 	121.2 	126.1 	127.4 	127.4 	122.9 	112 	101.4 	98.2 	97.7 	98.8 	100 	98.6 	99.7 	102.8 	105.5 	97.8 	107.9 	108.8 p	108.7 p
A,B1G,I15,EL62	: 	: 	: 	: 	: 	102.7 	105.5 	108.3 	118.5 	124.6 	127.8 	130.8 	134.2 	137.6 	126.1 	118 	103.6 	98.5 	99.8 	101.7 	100 	99.4 	100.8 	102.5 	103.1 	81 	91 	99.4 p	102.2 p
A,B1G,I15,EL63	: 	: 	: 	: 	: 	104.6 	108.5 	112 	118 	126.2 	128.1 	136.1 	137.8 	134.6 	126.7 	122 	109.6 	103.6 	100 	100.6 	100 	98.4 	99.8 	99.4 	100.7 	92 	97.8 	104.2 p	104.8 p
A,B1G,I15,EL64	: 	: 	: 	: 	: 	126 	129.9 	131.2 	138.2 	140.2 	144.5 	142.2 	143.1 	139.9 	136.1 	127.3 	117.3 	109.8 	103.7 	100.9 	100 	102.2 	106.6 	110.5 	111.1 	106.8 	113.3 	112.5 p	117 p
A,B1G,I15,EL65	: 	: 	: 	: 	: 	99 	103.6 	105.6 	110.4 	113 	115.4 	122.9 	125.5 	125 	121.8 	115 	107 	101.3 	99.1 	98.5 	100 	101.1 	104.4 	105 	106.2 	96.7 	101.8 	107.5 p	108.8 p
A,B1G,I15,ES	: 	: 	: 	: 	: 	81.1 	84.3 	86.5 	88.8 	91.3 	94.4 	98.3 	102.2 	103.4 	100 	99.8 	99.6 	96.8 	95.6 	96.6 	100 	102.7 	105.8 	108.4 	110.6 	98.6 	104.8 	111.8 p	115 p
A,B1G,I15,ES1	: 	: 	: 	: 	: 	83.4 	86.4 	88.5 	90.5 	92.9 	95.7 	99.8 	103.8 	105.5 	101.9 	102 	100.9 	98.1 	96.4 	96.7 	100 	102 	104.7 	106.8 	108.4 	98.3 	103.8 	109.3 p	112.3 p
A,B1G,I15,ES11	: 	: 	: 	: 	: 	80 	82.8 	84.8 	87 	89.9 	92.7 	96.8 	101.2 	103.2 	99.9 	100.1 	98.9 	96.5 	95.5 	95.9 	100 	102.3 	105 	107.2 	108.9 	99.3 	104.8 	110.5 p	113.4 p
A,B1G,I15,ES12	: 	: 	: 	: 	: 	89.5 	92.9 	94.8 	96.7 	98.4 	101.2 	105.4 	109 	110.3 	105.4 	105.8 	105.3 	101.3 	98.4 	97.8 	100 	101.2 	103.4 	105.1 	106.6 	95.7 	100.5 	105.1 p	108.5 p
A,B1G,I15,ES13	: 	: 	: 	: 	: 	88.2 	92.1 	94.7 	95.8 	97.5 	100.3 	103.5 	107.1 	108.2 	104.8 	104.2 	102.4 	100 	97 	98.1 	100 	102.1 	105.4 	107.7 	109.3 	98.5 	105.2 	110.6 p	113.9 p
A,B1G,I15,ES2	: 	: 	: 	: 	: 	83.1 	85.7 	87.7 	89.6 	91.9 	94.6 	98.4 	102.1 	103.7 	100.1 	100.4 	100 	97.3 	96.2 	97.3 	100 	102.3 	104.9 	107.3 	109 	98.6 	104.3 	110.3 p	113.4 p
A,B1G,I15,ES21	: 	: 	: 	: 	: 	83.1 	85.9 	87.2 	88.7 	90.8 	93.6 	97.2 	100.5 	102.1 	98.7 	99.3 	99 	97.3 	95.4 	96.7 	100 	102.3 	104.9 	107.2 	108.9 	97.9 	103.7 	111.1 p	114 p
A,B1G,I15,ES22	: 	: 	: 	: 	: 	80.5 	82.8 	85.1 	87.4 	90 	92.6 	96.4 	99.9 	102.1 	98.6 	99 	99.6 	96.5 	95.6 	97.1 	100 	102.2 	106 	108.1 	110.7 	99.6 	106.1 	112 p	114.7 p
A,B1G,I15,ES23	: 	: 	: 	: 	: 	82.9 	85.1 	86.9 	90.1 	93 	96.1 	100.4 	104.7 	106.7 	102.5 	103 	102.1 	98.6 	96.2 	96.9 	100 	101.4 	102.4 	104.4 	106 	96.9 	101.4 	107 p	111.9 p
A,B1G,I15,ES24	: 	: 	: 	: 	: 	84.8 	87.2 	90.4 	92.6 	94.7 	97.4 	101.4 	105.8 	106.9 	102.8 	102.9 	101.6 	97.2 	97.9 	98.6 	100 	102.3 	105 	107.8 	109.1 	99.9 	105 	108.6 p	111.9 p
A,B1G,I15,ES3	: 	: 	: 	: 	: 	74.3 	77.6 	79.6 	81.8 	84.5 	88.2 	92.5 	96.5 	98.3 	96.6 	96.7 	97.9 	96.5 	95 	96.2 	100 	103.7 	107.8 	111 	114.3 	102.7 	108.9 	118.4 p	121.6 p
A,B1G,I15,ES30	: 	: 	: 	: 	: 	74.3 	77.6 	79.6 	81.8 	84.5 	88.2 	92.5 	96.5 	98.3 	96.6 	96.7 	97.9 	96.5 	95 	96.2 	100 	103.7 	107.8 	111 	114.3 	102.7 	108.9 	118.4 p	121.6 p
A,B1G,I15,ES4	: 	: 	: 	: 	: 	84 	86.4 	89.2 	91.7 	94 	96.9 	100.6 	105 	106.4 	103.6 	103.5 	103 	98.9 	97.9 	97.2 	100 	102.2 	104.3 	107.1 	108.3 	99.2 	103.9 	107.1 p	110.7 p
A,B1G,I15,ES41	: 	: 	: 	: 	: 	89.2 	91 	93.3 	95.4 	97.2 	99.4 	102.4 	105.9 	106.3 	103.3 	103.2 	103.4 	99.7 	97.8 	97.7 	100 	102 	103.4 	106.5 	107.3 	98.1 	102.6 	106.7 p	110.3 p
A,B1G,I15,ES42	: 	: 	: 	: 	: 	77.8 	81.1 	84.5 	87.6 	90.8 	94.5 	99.4 	105.3 	107.9 	105 	104.5 	103.3 	98.1 	98.2 	96.5 	100 	103 	105.1 	108.1 	109.4 	100.8 	106.2 	108.9 p	112.9 p
A,B1G,I15,ES43	: 	: 	: 	: 	: 	81.8 	84.2 	87 	89.4 	91.7 	94.7 	98.1 	102.2 	103.9 	101.2 	101.9 	101.4 	98.2 	97.7 	97.4 	100 	101.2 	105.1 	106.9 	109 	99 	103 	104.6 p	107.8 p
A,B1G,I15,ES5	: 	: 	: 	: 	: 	82 	85.7 	87.8 	89.8 	92.4 	95.4 	99.3 	103.1 	103.8 	99.8 	99.7 	98.7 	95.8 	94.8 	96.4 	100 	102.8 	105.9 	108.5 	110.8 	97.2 	104.2 	112.1 p	115.4 p
A,B1G,I15,ES51	: 	: 	: 	: 	: 	80.8 	84.3 	86.4 	88.7 	91.3 	94.3 	98.2 	102.1 	102.6 	99.3 	99.6 	98.4 	95.7 	94.8 	96.2 	100 	102.9 	105.9 	108.3 	110.8 	97.7 	104.3 	111.8 p	114.8 p
A,B1G,I15,ES52	: 	: 	: 	: 	: 	84.4 	88.6 	91.1 	93.2 	95.8 	98.8 	102.9 	106.7 	107.5 	101.8 	101.1 	99.9 	96.1 	95.1 	96.8 	100 	102.1 	105.7 	108.1 	110.4 	98.9 	106 	112.5 p	115.3 p
A,B1G,I15,ES53	: 	: 	: 	: 	: 	82.6 	84.8 	85.4 	86.1 	87.6 	90.8 	94.2 	98.1 	100 	96.4 	95.5 	95.9 	94.7 	93.8 	96.4 	100 	104 	107.2 	110.5 	112.7 	87.3 	96.9 	113 p	119.6 p
A,B1G,I15,ES6	: 	: 	: 	: 	: 	81.8 	84.9 	87.8 	90.9 	93.6 	96.6 	100.6 	104.5 	105.2 	101.2 	99.8 	99.8 	96.6 	95 	96.3 	100 	102.3 	105.1 	107.3 	109.5 	98.2 	104.3 	109.7 p	112.4 p
A,B1G,I15,ES61	: 	: 	: 	: 	: 	82.3 	85.5 	88.5 	91.8 	94.7 	97.7 	101.7 	105.7 	106.2 	102.4 	100.7 	100.8 	97.4 	95.7 	96.9 	100 	102.1 	104.8 	107.5 	109.6 	97.9 	103.9 	109.5 p	112.3 p
A,B1G,I15,ES62	: 	: 	: 	: 	: 	76.2 	79.4 	82.3 	85.1 	87.2 	90.7 	94.5 	98.7 	100.3 	95.7 	95.6 	95 	92.4 	91.5 	93.4 	100 	103.4 	106.7 	106.6 	109.2 	99.5 	106.3 	110.8 p	113.4 p
A,B1G,I15,ES63	: 	: 	: 	: 	: 	117.1 	113.4 	110.9 	110.5 	108.3 	106.5 	105.2 	105.3 	103.8 	99.7 	98.2 	99 	97.2 	98 	97.5 	100 	101.6 	104 	106.3 	107.4 	98 	101.3 	104.5 p	106.4 p
A,B1G,I15,ES64	: 	: 	: 	: 	: 	118.8 	115.1 	111.6 	110.5 	108.4 	106.9 	105.6 	103.8 	102 	98.3 	95.7 	97.2 	95.5 	96.2 	97.4 	100 	102.2 	104.7 	107.2 	108.9 	99.2 	102.3 	105.5 p	107.5 p
A,B1G,I15,ES7	: 	: 	: 	: 	: 	85.6 	89.6 	91.4 	94.2 	95.6 	98.1 	100.9 	104.2 	104.2 	99.9 	100.5 	100.2 	97.8 	97.1 	97.5 	100 	102.3 	106.3 	108.9 	110.7 	90 	97.5 	109.1 p	114 p
A,B1G,I15,ES70	: 	: 	: 	: 	: 	85.6 	89.6 	91.4 	94.2 	95.6 	98.1 	100.9 	104.2 	104.2 	99.9 	100.5 	100.2 	97.8 	97.1 	97.5 	100 	102.3 	106.3 	108.9 	110.7 	90 	97.5 	109.1 p	114 p
A,B1G,I15,ESZ	: 	: 	: 	: 	: 	63.4 	65.8 	65.7 	59.9 	67.4 	71.7 	79.5 	77.4 	78.7 	80.4 	84.3 	114.7 	94 	98.9 	96.3 	100 	93.4 	92.6 	93.9 	93.8 	94.1 	94.3 	94.8 p	94.3 p
A,B1G,I15,ESZZ	: 	: 	: 	: 	: 	63.4 	65.8 	65.7 	59.9 	67.4 	71.7 	79.5 	77.4 	78.7 	80.4 	84.3 	114.7 	94 	98.9 	96.3 	100 	93.4 	92.6 	93.9 	93.8 	94.1 	94.3 	94.8 p	94.3 p
A,B1G,I15,EU27_2020	: 	: 	: 	: 	: 	82.5 	84.3 	85.3 	86 	88.3 	89.9 	93.1 	96.2 	97 	92.9 	94.9 	96.9 	96.2 	96.3 	97.8 	100 	101.9 	104.8 	107 	109 	103.1 	109.5 	113.7 	114.5 
A,B1G,I15,FI	: 	: 	: 	: 	: 	86.5 	88.9 	90 	91.1 	94.6 	97.1 	100.7 	106.8 	107.8 	98.5 	101.7 	103.4 	101.3 	100.1 	99.7 	100 	102.3 	106.2 	107 	108.8 	106.1 	109.1 	111.4 	110.8 
A,B1G,I15,FI1	: 	: 	: 	: 	: 	86.4 	88.8 	90 	91.1 	94.6 	97.1 	100.8 	106.9 	107.9 	98.5 	101.7 	103.4 	101.3 	100.1 	99.7 	100 	102.4 	106.2 	107.1 	108.8 	106.3 	109.2 	111.4 	110.8 
A,B1G,I15,FI19	: 	: 	: 	: 	: 	86.6 	90.9 	91.7 	93.7 	96.4 	99.7 	103 	110.5 	111.3 	100.4 	103.2 	106.7 	104.5 	100.6 	99.9 	100 	100.8 	104.3 	104.8 	105.5 	103.7 	107.8 	111.4 	113.9 
A,B1G,I15,FI1B	: 	: 	: 	: 	: 	81.3 	84.8 	84.1 	83.9 	87.3 	90.1 	94.5 	101.4 	103.9 	97.2 	101.1 	100.8 	97.7 	99.1 	98.3 	100 	102.5 	106.4 	108.2 	111.4 	107.9 	111.7 	112.5 	110.3 
A,B1G,I15,FI1C	: 	: 	: 	: 	: 	93.6 	94 	97.5 	98.2 	102.6 	104 	106.6 	111.9 	111.8 	99.9 	100.8 	105.2 	103.8 	100.6 	100.8 	100 	102.2 	107.2 	107.1 	107.7 	105.1 	107.3 	108.7 	108.1 
A,B1G,I15,FI1D	: 	: 	: 	: 	: 	89.6 	89.2 	92.5 	95.7 	99.8 	101.5 	105.3 	108.9 	108.3 	97.5 	101.9 	103.3 	102.2 	100.9 	101 	100 	104 	107.2 	107.6 	108.5 	106.9 	107.5 	111.9 	110.8 
A,B1G,I15,FI2	: 	: 	: 	: 	: 	83.4 	94.9 	93.7 	91.1 	93.3 	96 	96.8 	96.5 	90.8 	97.1 	97.2 	98 	103.7 	105 	104.9 	100 	98 	99 	91.2 	94.3 	81.3 	91.4 	97.6 	101.6 
A,B1G,I15,FI20	: 	: 	: 	: 	: 	83.4 	94.9 	93.7 	91.1 	93.3 	96 	96.8 	96.5 	90.8 	97.1 	97.2 	98 	103.7 	105 	104.9 	100 	98 	99 	91.2 	94.3 	81.3 	91.4 	97.6 	101.6 
A,B1G,I15,FIZ	: 	: 	: 	: 	: 	397.2 	338.9 	289.9 	160.5 	152.6 	139.9 	158.1 	159.7 	144.8 	141.5 	148.9 	165.4 	151.3 	110.8 	110.2 	100 	96.8 	102.4 	124.4 	159 	137.5 	140.2 	148.9 	153.2 
A,B1G,I15,FIZZ	: 	: 	: 	: 	: 	397.2 	338.9 	289.9 	160.5 	152.6 	139.9 	158.1 	159.7 	144.8 	141.5 	148.9 	165.4 	151.3 	110.8 	110.2 	100 	96.8 	102.4 	124.4 	159 	137.5 	140.2 	148.9 	153.2 
A,B1G,I15,FR	: 	: 	: 	: 	: 	82.4 	84 	84.8 	85.6 	88.2 	89.8 	92.2 	94.7 	95.3 	92.8 	94.4 	96.8 	97.2 	98 	99.2 	100 	100.7 	102.6 	104.3 	106.5 	98.7 	105.2 	108.2 p	109.7 p
A,B1G,I15,FR1	: 	: 	: 	: 	: 	83.3 p	84.1 p	85.2 p	85.1 p	86.6 p	88.3 p	89.7 p	93 p	94.3 p	91.4 p	95.4 p	96.1 p	97.1 p	98.4 p	99.2 p	100 	101.1 p	102.8 p	104.8 p	107.7 p	96.6 p	101.2 p	105.1 p	107.9 p
A,B1G,I15,FR10	: 	: 	: 	: 	: 	83.3 p	84.1 p	85.2 p	85.1 p	86.6 p	88.3 p	89.7 p	93 p	94.3 p	91.4 p	95.4 p	96.1 p	97.1 p	98.4 p	99.2 p	100 	101.1 p	102.8 p	104.8 p	107.7 p	96.6 p	101.2 p	105.1 p	107.9 p
A,B1G,I15,FRB	: 	: 	: 	: 	: 	89 p	90.7 p	91.1 p	91.9 p	94.8 p	95.5 p	97.7 p	99.8 p	97.5 p	95.4 p	96.3 p	98.6 p	98.5 p	98.9 p	99.4 p	100 	99.7 p	101.5 p	102.4 p	104 p	98.2 p	105.5 p	105.2 p	110.6 p
A,B1G,I15,FRB0	: 	: 	: 	: 	: 	89 p	90.7 p	91.1 p	91.9 p	94.8 p	95.5 p	97.7 p	99.8 p	97.5 p	95.4 p	96.3 p	98.6 p	98.5 p	98.9 p	99.4 p	100 	99.7 p	101.5 p	102.4 p	104 p	98.2 p	105.5 p	105.2 p	110.6 p
A,B1G,I15,FRC	: 	: 	: 	: 	: 	92.1 p	93.3 p	93.7 p	94 p	97 p	97.1 p	99 p	102.2 p	102.7 p	99 p	97.9 p	100.6 p	98.4 p	98.5 p	100.1 p	100 	99.3 p	101.7 p	102.3 p	103.4 p	97.8 p	105.2 p	105.9 p	105.5 p
A,B1G,I15,FRC1	: 	: 	: 	: 	: 	88.5 p	88.9 p	89.4 p	89.8 p	93.4 p	93.6 p	96.1 p	100 p	100.9 p	97.2 p	95.8 p	98.9 p	98.3 p	98.8 p	100.6 p	100 	98.3 p	101.7 p	103.2 p	103.7 p	98.3 p	106.7 p	108.3 p	107.4 p
A,B1G,I15,FRC2	: 	: 	: 	: 	: 	97.7 p	100.3 p	100.5 p	100.6 p	102.7 p	102.4 p	103.4 p	105.6 p	105.5 p	101.8 p	101.1 p	103.3 p	98.5 p	97.9 p	99.3 p	100 	100.9 p	101.7 p	100.9 p	102.9 p	97 p	103.1 p	102.3 p	102.7 p
A,B1G,I15,FRD	: 	: 	: 	: 	: 	85.9 p	86.5 p	87.2 p	88.7 p	91.5 p	92.3 p	94.3 p	97.1 p	97.3 p	94.2 p	95.7 p	98.4 p	98.2 p	98.9 p	99.2 p	100 	99 p	99.2 p	99.8 p	101.2 p	95.2 p	104 p	109.9 p	109 p
A,B1G,I15,FRD1	: 	: 	: 	: 	: 	88.2 p	88.4 p	89.6 p	91.4 p	94.8 p	95.3 p	97.8 p	99.3 p	100 p	97.2 p	97.3 p	100.6 p	99 p	99.8 p	99.6 p	100 	100 p	99.2 p	100.6 p	102.4 p	97.1 p	105.7 p	108.7 p	113.3 p
A,B1G,I15,FRD2	: 	: 	: 	: 	: 	84.4 p	85 p	85.5 p	86.8 p	89.2 p	90.1 p	91.9 p	95.5 p	95.3 p	92.1 p	94.5 p	96.8 p	97.6 p	98.3 p	98.9 p	100 	98.2 p	99.2 p	99.2 p	100.3 p	93.9 p	102.8 p	110.8 p	105.9 p
A,B1G,I15,FRE	: 	: 	: 	: 	: 	83.3 p	84.3 p	85.5 p	86.8 p	88.8 p	90.2 p	92.7 p	95.5 p	97 p	94.3 p	94.8 p	97.6 p	97.1 p	98 p	98.9 p	100 	99.8 p	102.4 p	103.2 p	104.7 p	99 p	104 p	108.6 p	108.4 p
A,B1G,I15,FRE1	: 	: 	: 	: 	: 	80.8 p	81.8 p	83.3 p	84.7 p	87.1 p	88.6 p	91.8 p	94.4 p	96.7 p	94.2 p	94.4 p	97.4 p	96.6 p	97.8 p	99.1 p	100 	100.6 p	103 p	104.4 p	105.7 p	100.3 p	105.6 p	109.9 p	111.4 p
A,B1G,I15,FRE2	: 	: 	: 	: 	: 	88.7 p	89.9 p	90.4 p	91.6 p	92.8 p	93.8 p	94.8 p	98 p	97.8 p	94.6 p	95.6 p	98 p	98.4 p	98.5 p	98.3 p	100 	97.9 p	101 p	100.7 p	102.4 p	96 p	100.2 p	105.8 p	101.6 p
A,B1G,I15,FRF	: 	: 	: 	: 	: 	88.8 p	89.5 p	89.9 p	90.3 p	93.8 p	94 p	96 p	98.9 p	99 p	96 p	95.4 p	98.7 p	97.4 p	98.5 p	99.8 p	100 	100 p	102.6 p	104.3 p	105.5 p	99 p	106.6 p	108.9 p	109.3 p
A,B1G,I15,FRF1	: 	: 	: 	: 	: 	86.5 p	87.4 p	87.6 p	88.1 p	90.1 p	89.9 p	92.2 p	95.6 p	97.2 p	95 p	94.1 p	97.3 p	96.6 p	98.1 p	99.6 p	100 	101.6 p	104 p	106.5 p	108.2 p	101 p	109.3 p	109.3 p	109.2 p
A,B1G,I15,FRF2	: 	: 	: 	: 	: 	86.8 p	86.1 p	86.5 p	86.3 p	92.1 p	92.2 p	94.1 p	97.9 p	98.2 p	93.7 p	94.5 p	100.5 p	98.1 p	99.3 p	99.8 p	100 	98.6 p	102.4 p	104.8 p	105.9 p	99.4 p	108.9 p	118.2 p	118.7 p
A,B1G,I15,FRF3	: 	: 	: 	: 	: 	92.5 p	94 p	94.5 p	95.4 p	98.8 p	99.2 p	101.2 p	102.8 p	101.3 p	98.4 p	97.2 p	99.1 p	97.8 p	98.5 p	100 p	100 	99.3 p	101.2 p	101.7 p	102.7 p	96.8 p	102.6 p	102.7 p	103.7 p
A,B1G,I15,FRG	: 	: 	: 	: 	: 	73.7 p	76.3 p	77.7 p	79.3 p	81.8 p	83.8 p	86.1 p	89 p	91.4 p	89.1 p	89.3 p	94 p	94.7 p	96.2 p	98.2 p	100 	101.3 p	103.9 p	105.9 p	109 p	104.9 p	111.7 p	112 p	115.1 p
A,B1G,I15,FRG0	: 	: 	: 	: 	: 	73.7 p	76.3 p	77.7 p	79.3 p	81.8 p	83.8 p	86.1 p	89 p	91.4 p	89.1 p	89.3 p	94 p	94.7 p	96.2 p	98.2 p	100 	101.3 p	103.9 p	105.9 p	109 p	104.9 p	111.7 p	112 p	115.1 p
A,B1G,I15,FRH	: 	: 	: 	: 	: 	72.7 p	74.8 p	76.2 p	78.2 p	83.4 p	86.1 p	89.3 p	91.4 p	90.6 p	88.6 p	89 p	93 p	94 p	95.6 p	98.2 p	100 	102 p	105.5 p	106.8 p	110 p	105.6 p	113.3 p	113.9 p	116 p
A,B1G,I15,FRH0	: 	: 	: 	: 	: 	72.7 p	74.8 p	76.2 p	78.2 p	83.4 p	86.1 p	89.3 p	91.4 p	90.6 p	88.6 p	89 p	93 p	94 p	95.6 p	98.2 p	100 	102 p	105.5 p	106.8 p	110 p	105.6 p	113.3 p	113.9 p	116 p
A,B1G,I15,FRI	: 	: 	: 	: 	: 	76.3 p	79.2 p	81.1 p	82.2 p	84.5 p	86.5 p	89.6 p	92.2 p	91.3 p	90.6 p	91.6 p	95.3 p	96.2 p	96.9 p	99 p	100 	101.1 p	103.3 p	105.6 p	108.4 p	102.7 p	111.2 p	111.7 p	114.3 p
A,B1G,I15,FRI1	: 	: 	: 	: 	: 	74.5 p	78.1 p	79.8 p	80.6 p	82.9 p	85.2 p	88.8 p	91.1 p	90.3 p	90 p	91.8 p	95.7 p	96.3 p	96.5 p	98.6 p	100 	101.9 p	104 p	106.5 p	109.2 p	102.9 p	111.9 p	113.3 p	115 p
A,B1G,I15,FRI2	: 	: 	: 	: 	: 	85.7 p	87.5 p	90.2 p	91 p	91.8 p	94.6 p	97.2 p	99.2 p	97.7 p	96.1 p	93.3 p	95.6 p	95.5 p	97.6 p	99.3 p	100 	98.7 p	100.9 p	101.2 p	105.2 p	100.3 p	107.2 p	103.7 p	105.7 p
A,B1G,I15,FRI3	: 	: 	: 	: 	: 	76.3 p	78.2 p	80.3 p	81.9 p	85 p	85.9 p	88.3 p	91.7 p	91 p	89.6 p	90.6 p	94.5 p	96.4 p	97.4 p	99.7 p	100 	100.4 p	103 p	105.3 p	108.2 p	103.1 p	111.2 p	111.6 p	116.1 p
A,B1G,I15,FRJ	: 	: 	: 	: 	: 	71.8 p	75.2 p	76.6 p	78.5 p	81.6 p	84.3 p	88.8 p	89.8 p	90.8 p	90.3 p	90.5 p	94.2 p	95.6 p	96.6 p	98.8 p	100 	101.3 p	103 p	105.3 p	107.7 p	100.1 p	108.5 p	111.4 p	114.6 p
A,B1G,I15,FRJ1	: 	: 	: 	: 	: 	74.8 p	77.5 p	78.7 p	81.6 p	84.9 p	87 p	90.6 p	92.9 p	94.1 p	93.4 p	94.4 p	98 p	97.9 p	97.8 p	99.3 p	100 	101.1 p	102.9 p	104.4 p	107 p	102.2 p	111.3 p	115 p	118.5 p
A,B1G,I15,FRJ2	: 	: 	: 	: 	: 	69.6 p	73.4 p	74.9 p	76.1 p	79.1 p	82.4 p	87.4 p	87.4 p	88.3 p	87.9 p	87.4 p	91.3 p	93.8 p	95.7 p	98.4 p	100 	101.5 p	103.1 p	106 p	108.3 p	98.6 p	106.4 p	108.7 p	111.7 p
A,B1G,I15,FRK	: 	: 	: 	: 	: 	81.3 p	82.7 p	82.7 p	83.4 p	87.4 p	88.7 p	92 p	93.8 p	95.3 p	92.1 p	93.4 p	97.1 p	97 p	97.6 p	99 p	100 	101.4 p	104 p	106.6 p	108.6 p	102.1 p	108.3 p	109 p	112.8 p
A,B1G,I15,FRK1	: 	: 	: 	: 	: 	86.1 p	86.8 p	87.8 p	88.8 p	91.9 p	93.1 p	94.9 p	97.7 p	95.8 p	93.2 p	92.5 p	97 p	96.5 p	97.9 p	99.1 p	100 	100 p	104.4 p	105.7 p	107.5 p	101.3 p	106.1 p	105.6 p	104.9 p
A,B1G,I15,FRK2	: 	: 	: 	: 	: 	80.5 p	82 p	81.8 p	82.5 p	86.7 p	88 p	91.5 p	93.2 p	95.2 p	91.9 p	93.6 p	97.1 p	97.1 p	97.6 p	99 p	100 	101.7 p	103.9 p	106.7 p	108.8 p	102.2 p	108.6 p	109.5 p	114.1 p
A,B1G,I15,FRL	: 	: 	: 	: 	: 	76.6 p	79.2 p	79.9 p	81.6 p	85.4 p	88 p	91 p	92.3 p	92.2 p	91.2 p	94.5 p	96.2 p	98.2 p	97.8 p	99.2 p	100 	100.7 p	103 p	104.8 p	106.7 p	99.7 p	108.7 p	117.1 p	110 p
A,B1G,I15,FRL0	: 	: 	: 	: 	: 	76.6 p	79.2 p	79.9 p	81.6 p	85.4 p	88 p	91 p	92.3 p	92.2 p	91.2 p	94.5 p	96.2 p	98.2 p	97.8 p	99.2 p	100 	100.7 p	103 p	104.8 p	106.7 p	99.7 p	108.7 p	117.1 p	110 p
A,B1G,I15,FRM	: 	: 	: 	: 	: 	56.9 p	59.7 p	60.7 p	62.9 p	65.8 p	69.2 p	73.3 p	74 p	79.7 p	83.5 p	84.9 p	90.3 p	91.9 p	94.1 p	96.7 p	100 	102 p	106.6 p	111 p	114.6 p	106.7 p	121.9 p	125.5 p	116.7 p
A,B1G,I15,FRM0	: 	: 	: 	: 	: 	56.9 p	59.7 p	60.7 p	62.9 p	65.8 p	69.2 p	73.3 p	74 p	79.7 p	83.5 p	84.9 p	90.3 p	91.9 p	94.1 p	96.7 p	100 	102 p	106.6 p	111 p	114.6 p	106.7 p	121.9 p	125.5 p	116.7 p
A,B1G,I15,FRY	: 	: 	: 	: 	: 	201.4 p	196 p	187.1 p	179 p	172.1 p	165 p	161.2 p	153.2 p	146.9 p	133.4 p	126.2 p	121.1 p	115.4 p	108.9 p	105.1 p	100 	95.2 p	90.8 p	85.9 p	82 p	71.5 p	74.9 p	77.3 p	77.8 p
A,B1G,I15,FRY1	: 	: 	: 	: 	: 	6779.6 p	5163.3 p	3945.1 p	3084.1 p	2320.4 p	1755.9 p	1331.6 p	970.6 p	737.6 p	515.5 p	394.2 p	301.2 p	228.1 p	170.5 p	132.1 p	100 	76.6 p	57.8 p	44 p	33.7 p	22.6 p	22.9 p	23.7 p	23.7 p
A,B1G,I15,FRY2	: 	: 	: 	: 	: 	79 p	81.6 p	82.9 p	85.5 p	86.6 p	88.9 p	92.5 p	94.1 p	96.1 p	93.5 p	95.2 p	96.6 p	97.3 p	96.8 p	99.9 p	100 	98.1 p	97.9 p	96.5 p	96.6 p	88.1 p	90.9 p	94.3 p	94.1 p
A,B1G,I15,FRY3	: 	: 	: 	: 	: 	65.2 p	76.1 p	77.9 p	74.6 p	77.8 p	78.3 p	84.8 p	84.5 p	87.3 p	91.4 p	94.2 p	91.5 p	96.6 p	97.7 p	100.4 p	100 	101.6 p	100 p	103.5 p	102.8 p	85.6 p	88.2 p	88.3 p	85.9 p
A,B1G,I15,FRY4	: 	: 	: 	: 	: 	95 p	96.2 p	97 p	97.4 p	99.8 p	101.2 p	104.1 p	106.1 p	106.3 p	100.7 p	98.2 p	100.8 p	100.3 p	99.8 p	100.1 p	100 	100.7 p	101.7 p	100.7 p	100.9 p	94.8 p	101.2 p	103.9 p	105.7 p
A,B1G,I15,FRY5	: 	: 	: 	: 	: 	34.1 p	35.9 p	36.9 p	40.7 p	45.4 p	49.7 p	56.3 p	59 p	67.2 p	66.7 p	71 p	73.8 p	77.8 p	83 p	90.5 p	100 	104.7 p	113.5 p	114 p	123.2 p	132.2 p	149.6 p	160.9 p	166.9 p
A,B1G,I15,FRZ	: 	: 	: 	: 	: 	79.1 p	82.8 p	86 p	81.3 p	74 p	69.9 p	207 p	202.2 p	98.5 p	98.8 p	96.5 p	97.4 p	98.3 p	98.4 p	96.2 p	100 	100.7 p	102.6 p	101.4 p	101.2 p	98.9 p	103.4 p	100.3 p	95.2 p
A,B1G,I15,FRZZ	: 	: 	: 	: 	: 	79.1 p	82.8 p	86 p	81.3 p	74 p	69.9 p	207 p	202.2 p	98.5 p	98.8 p	96.5 p	97.4 p	98.3 p	98.4 p	96.2 p	100 	100.7 p	102.6 p	101.4 p	101.2 p	98.9 p	103.4 p	100.3 p	95.2 p
A,B1G,I15,HR	: 	: 	: 	: 	: 	78.4 	81.2 	85.5 	90.5 	94.4 	98.3 	103 	108.1 	110.2 	104 	102.1 	102.3 	98.9 	98.4 	97.8 	100 	103.5 	106.4 	109 	112.6 	104.4 	116.6 	126.3 	130.7 p
A,B1G,I15,HR0	: 	: 	: 	: 	: 	78.4 	81.2 	85.5 	90.5 	94.4 	98.3 	103 	108.1 	110.2 	104 	102.1 	102.3 	98.9 	98.4 	97.8 	100 	103.5 	106.4 	109 	112.6 	104.4 	116.6 	126.3 	130.7 p
A,B1G,I15,HR02	: 	: 	: 	: 	: 	94.6 	97.8 	102.1 	103.9 	106.5 	108.7 	117.1 	119.3 	123.5 	115.7 	108.3 	108.3 	102.6 	101.3 	97.7 	100 	102.5 	102.6 	103.9 	107.3 	103.1 	113.7 	120.2 	123.9 p
A,B1G,I15,HR03	: 	: 	: 	: 	: 	78.7 	80.6 	83.8 	91.4 	97 	100 	104 	110.5 	111.5 	104.7 	101.3 	100.7 	97.6 	97.4 	98.1 	100 	103.9 	107.3 	108.7 	110.4 	96.2 	111.8 	125.7 	129.2 p
A,B1G,I15,HR05	: 	: 	: 	: 	: 	67.1 	71.4 	75.2 	81 	85.3 	90.8 	94.8 	99.7 	101.7 	96.5 	101.4 	102 	99.4 	97.6 	97.6 	100 	103.3 	106.5 	110.4 	114.9 	107.8 	118.1 	125 	131.4 p
A,B1G,I15,HR06	: 	: 	: 	: 	: 	83.5 	84.3 	91.9 	94.2 	94.9 	99.7 	102.6 	108.5 	110.8 	105.1 	97.6 	99.1 	95.9 	98.8 	97.6 	100 	104.4 	108.8 	113.1 	118.6 	115.8 	127.1 	138.2 	141 p
A,B1G,I15,HU	: 	: 	: 	: 	: 	72.4 	75.4 	79.1 	82.3 	86.4 	90 	93.5 	93.8 	94.6 	88.1 	89.3 	91.1 	89.8 	92.3 	96.5 	100 	102.6 	106.7 	113 	118.5 	113 	121.5 	127 	126.5 p
A,B1G,I15,HU1	: 	: 	: 	: 	: 	68.4 	71.4 	77.2 	79.6 	83.8 	89.1 	93.7 	95.3 	95.4 	92.3 	91.6 	93.3 	92.4 	92.4 	97.7 	100 	101.6 	106.6 	113.5 	122.7 	117.9 	128.2 	137.1 	138 p
A,B1G,I15,HU11	: 	: 	: 	: 	: 	70.9 	72.9 	79 	80.4 	84.4 	89.2 	94.3 	93.8 	95.2 	92.9 	90.8 	93.5 	93.8 	92.9 	98.7 	100 	102.1 	107.4 	114.2 	123.8 	118.1 	127.2 	134.7 	136.9 p
A,B1G,I15,HU12	: 	: 	: 	: 	: 	59.8 	66.4 	71.4 	77.3 	82 	88.7 	91.8 	100.8 	96 	90.1 	94.6 	92.6 	87.4 	90.5 	94.1 	100 	100 	103.9 	110.9 	118.7 	117.2 	131.6 	145.6 	142.2 p
A,B1G,I15,HU2	: 	: 	: 	: 	: 	74.7 	76 	78 	83 	86.3 	88.1 	90.9 	92.2 	92.8 	81.9 	86.5 	88.7 	86.7 	91.4 	95 	100 	104.3 	106.7 	111.4 	114.1 	106.2 	114 	118.8 	115.7 p
A,B1G,I15,HU21	: 	: 	: 	: 	: 	75.2 	77.3 	77.4 	82.4 	88.4 	92.8 	93.6 	98 	96.9 	81.1 	85.8 	89.4 	86.3 	90.1 	93.5 	100 	106.1 	107.5 	113 	117.9 	109.1 	121.8 	127.3 	121.9 p
A,B1G,I15,HU22	: 	: 	: 	: 	: 	69.3 	69.1 	71.8 	79.1 	79.6 	79.8 	85 	85.1 	85.4 	76 	82.6 	84.4 	83.9 	88.8 	94.6 	100 	102.9 	105 	107.9 	109.4 	101 	105.3 	110.9 	109.7 p
A,B1G,I15,HU23	: 	: 	: 	: 	: 	84 	87 	90.5 	91.4 	95.1 	95.5 	97.7 	95.9 	99.3 	93.7 	94.9 	95.1 	92.4 	98.3 	98.3 	100 	103.8 	108.6 	114.9 	116.3 	110.4 	116.5 	118.9 	115.9 p
A,B1G,I15,HU3	: 	: 	: 	: 	: 	76.9 	81.9 	83.6 	86.4 	91.2 	94 	96 	92.9 	95.1 	87.2 	87.9 	89.6 	88.5 	92.9 	96 	100 	102.5 	106.8 	113.6 	115.6 	111.5 	117.6 	118.1 	117.7 p
A,B1G,I15,HU31	: 	: 	: 	: 	: 	79 	84.1 	86.8 	89.4 	94.1 	99.2 	100.7 	98.8 	96.4 	84.7 	85.8 	86.6 	85.5 	90.6 	93.5 	100 	103.2 	109.3 	114.4 	114.5 	110.6 	117.5 	116.1 	111.8 p
A,B1G,I15,HU32	: 	: 	: 	: 	: 	74.9 	81.9 	82.9 	87.1 	90.9 	92.8 	95.3 	91.5 	94.9 	89.1 	90.5 	93.3 	91.9 	94.4 	98.3 	100 	101.6 	106.2 	113 	116.7 	112.5 	118.5 	120.1 	122.6 p
A,B1G,I15,HU33	: 	: 	: 	: 	: 	77.3 	80 	81.7 	83.4 	89.2 	91.2 	93.2 	89.7 	94.4 	87.4 	87 	88.2 	87.4 	93.3 	95.6 	100 	102.8 	105.3 	113.4 	115.5 	111.1 	116.8 	117.7 	117.5 p
A,B1G,I15,IE	: 	: 	: 	: 	: 	56.5 	58.6 	62.2 	63 	66.3 	70.3 	73.5 	79.3 	77.5 	72.6 	73.9 	75.7 	73.5 	75.1 	81.6 	100 	101 	108.8 	118.8 	125.2 	135 	157.1 	172.5 	162.8 e
A,B1G,I15,IE0	: 	: 	: 	: 	: 	56.5 	58.6 	62.2 	63 	66.3 	70.3 	73.5 	79.3 	77.5 	72.6 	73.9 	75.7 	73.5 	75.1 	81.6 	100 	101 	108.8 	118.8 	125.2 	135 	157.1 	172.5 	162.8 e
A,B1G,I15,IE04	: 	: 	: 	: 	: 	77.8 	80.2 	84.5 	85.5 	90.1 	96.8 	96 	106.2 	106.7 	91.1 	102.3 	97.7 	90.2 	92.4 	100.9 	100 	102.3 	103.2 	108.9 	112 	127.5 	144 	154.7 	159.1 e
A,B1G,I15,IE05	: 	: 	: 	: 	: 	46.1 	47.7 	50.8 	51.4 	53.3 	55.8 	58.3 	62.7 	59 	58.5 	58.3 	60 	57.7 	54.4 	59 	100 	95.4 	103.9 	109.2 	116 	128.6 	156.1 	173.8 	154.7 e
A,B1G,I15,IE06	: 	: 	: 	: 	: 	60.1 	62.6 	66.4 	67.3 	71.3 	76 	80.4 	86.3 	85.5 	79.2 	80 	82.8 	81.7 	86.5 	94 	100 	104.9 	113.3 	127.5 	134.2 	141.1 	160.2 	174.9 	169.4 e
A,B1G,I15,IT	: 	: 	: 	: 	: 	99 e	100.9 e	101.2 e	101.3 e	102.9 e	103.8 e	105.7 e	107.4 e	106.6 e	100.8 e	102.7 e	103.4 e	100.7 e	99.1 e	99.1 e	100 	101.4 e	103 e	103.9 e	104.5 e	95.7 e	103.4 e	108.7 	109.5 
A,B1G,I15,ITC	: 	: 	: 	: 	: 	96.5 e	98.5 e	99.3 e	99.7 e	100.8 e	101.8 e	103.3 e	105 e	105.8 e	98.7 e	102.6 e	103.3 e	100.1 e	98.7 e	99.1 e	100 	101.7 e	103.9 e	105.3 e	105.3 e	97.1 e	105.9 e	110.4 	111.2 
A,B1G,I15,ITC1	: 	: 	: 	: 	: 	102.7 e	104.3 e	104.4 e	105 e	106.6 e	107.7 e	109.8 e	110.8 e	108.9 e	99.5 e	103.2 e	104.3 e	99.6 e	99.8 e	98.7 e	100 	101.3 e	104.2 e	105.2 e	104.8 e	95.3 e	103 e	107 	107.3 
A,B1G,I15,ITC2	: 	: 	: 	: 	: 	104.6 e	105.7 e	105.9 e	110.3 e	109.4 e	109 e	110.2 e	110.6 e	111 e	104.6 e	109.2 e	108.9 e	108.3 e	103 e	101.2 e	100 	98.1 e	100.4 e	101.4 e	101.1 e	91.8 e	96.3 e	101.7 	103.3 
A,B1G,I15,ITC3	: 	: 	: 	: 	: 	107.8 e	110.4 e	107.7 e	108.2 e	109 e	110 e	110.5 e	113.3 e	113.3 e	105.9 e	105.1 e	105.7 e	102.3 e	99.4 e	100.2 e	100 	100.6 e	101.8 e	101.2 e	101.5 e	90.4 e	96.9 e	100.9 	102.8 
A,B1G,I15,ITC4	: 	: 	: 	: 	: 	92.8 e	94.9 e	96.3 e	96.7 e	97.6 e	98.6 e	100 e	101.8 e	103.7 e	97.4 e	101.9 e	102.6 e	99.9 e	98.2 e	99 e	100 	102 e	104.1 e	105.9 e	106.1 e	98.7 e	108.2 e	113 	113.7 
A,B1G,I15,ITF	: 	: 	: 	: 	: 	107.5 e	109.1 e	108.9 e	107.6 e	108.1 e	108.3 e	110.2 e	111.4 e	109.5 e	104.1 e	103.6 e	103.4 e	101.5 e	98.7 e	98.3 e	100 	100.5 e	101.3 e	101.7 e	102.1 e	93.9 e	101 e	106.7 	108.1 
A,B1G,I15,ITF1	: 	: 	: 	: 	: 	102.2 e	103.9 e	103.1 e	101.8 e	99.7 e	102.2 e	104.4 e	106.3 e	106.6 e	100 e	102.3 e	105.1 e	103.7 e	101.4 e	100 e	100 	100.4 e	101 e	100.9 e	101.6 e	93 e	100 e	106 	108.3 
A,B1G,I15,ITF2	: 	: 	: 	: 	: 	119.2 e	121.4 e	121.1 e	119.6 e	121.4 e	120.4 e	123.4 e	124.5 e	119.1 e	114 e	112.4 e	110.9 e	107 e	99.4 e	98.3 e	100 	100.6 e	102.3 e	103.4 e	104.8 e	96.8 e	102.7 e	106.3 	107.6 
A,B1G,I15,ITF3	: 	: 	: 	: 	: 	108.2 e	110.3 e	111.4 e	110.3 e	110.6 e	110.5 e	112.2 e	113.8 e	111.8 e	106.4 e	104.4 e	103.1 e	100.9 e	98.2 e	98.3 e	100 	100.5 e	101.5 e	101.9 e	102.6 e	93.7 e	100.6 e	107.2 	108.5 
A,B1G,I15,ITF4	: 	: 	: 	: 	: 	107.4 e	108.3 e	107 e	105.5 e	106.3 e	106.8 e	109.2 e	109.6 e	106.7 e	101.8 e	102.7 e	103.1 e	102.2 e	99 e	98.9 e	100 	100.8 e	101.4 e	102.4 e	102.4 e	95.6 e	103.1 e	109.1 	110.4 
A,B1G,I15,ITF5	: 	: 	: 	: 	: 	103.7 e	102.8 e	102.5 e	99.4 e	100.4 e	99.2 e	101.7 e	103.6 e	100.7 e	94.4 e	91.8 e	93.7 e	91.7 e	93.1 e	91.8 e	100 	102.4 e	102.8 e	105.6 e	104.1 e	94.7 e	104.3 e	104.8 	105.3 
A,B1G,I15,ITF6	: 	: 	: 	: 	: 	109.8 e	112.1 e	110.4 e	110.3 e	112.6 e	111.9 e	112.8 e	113.6 e	112.7 e	107.9 e	107.1 e	106 e	102.3 e	99.3 e	98.2 e	100 	99.4 e	99.8 e	98.8 e	98.8 e	90.8 e	97.1 e	101.2 	102.6 
A,B1G,I15,ITG	: 	: 	: 	: 	: 	106.4 e	108.7 e	108.1 e	108.4 e	109.3 e	110.7 e	112.3 e	112.5 e	111.6 e	106.7 e	106.4 e	105.3 e	103.5 e	100.8 e	98.9 e	100 	99.6 e	100.1 e	99.4 e	99.8 e	91.8 e	98.9 e	106.7 	108.8 
A,B1G,I15,ITG1	: 	: 	: 	: 	: 	108.6 e	111 e	110.4 e	110.2 e	110.7 e	112.9 e	114.9 e	114.7 e	113.3 e	108.2 e	108 e	106.4 e	104.2 e	101.9 e	99.5 e	100 	100.2 e	100.7 e	99.7 e	99.7 e	92.1 e	99.3 e	107.6 	110 
A,B1G,I15,ITG2	: 	: 	: 	: 	: 	100.8 e	102.9 e	102.3 e	103.9 e	105.6 e	105.1 e	105.8 e	106.8 e	107.5 e	102.8 e	102.5 e	102.6 e	101.6 e	98.2 e	97.5 e	100 	97.9 e	98.5 e	98.7 e	99.9 e	91.1 e	97.9 e	104.5 	105.9 
A,B1G,I15,ITH	: 	: 	: 	: 	: 	95.6 e	96.6 e	96.1 e	96.6 e	98.7 e	99.8 e	102.4 e	104.6 e	103.2 e	97.1 e	99.3 e	101.2 e	98.7 e	98.4 e	99 e	100 	101.6 e	103.7 e	105.1 e	105.8 e	96.9 e	105.1 e	109.9 	110.4 
A,B1G,I15,ITH1	: 	: 	: 	: 	: 	83.7 e	83.7 e	82.2 e	82.8 e	85.6 e	85.6 e	88.8 e	90.7 e	91.2 e	89.8 e	92.6 e	94.9 e	97.2 e	97.3 e	98.2 e	100 	101 e	102.8 e	106.4 e	108 e	99.1 e	104.6 e	111.8 	113.1 
A,B1G,I15,ITH2	: 	: 	: 	: 	: 	94.8 e	96.1 e	95.3 e	95.5 e	96.3 e	96.9 e	98.2 e	100.5 e	99.5 e	96.8 e	99.3 e	100 e	99.5 e	100.3 e	100.7 e	100 	101.6 e	102.8 e	106.1 e	107.7 e	100.2 e	105.9 e	112.2 	112.3 
A,B1G,I15,ITH3	: 	: 	: 	: 	: 	97.3 e	97.9 e	96.9 e	98.7 e	101.5 e	102.7 e	104.5 e	106.3 e	104.4 e	98.4 e	100.3 e	101.9 e	99 e	98.3 e	98.8 e	100 	101.9 e	104 e	104.8 e	105.7 e	95.9 e	104 e	109.4 	110.5 
A,B1G,I15,ITH4	: 	: 	: 	: 	: 	102.3 e	104.4 e	103.7 e	100.6 e	101.7 e	104.5 e	107.3 e	109.3 e	106.5 e	98.9 e	102 e	102.3 e	97.9 e	98.3 e	98 e	100 	99.9 e	101.6 e	103.2 e	104.2 e	96.1 e	104.1 e	106.4 	105.8 
A,B1G,I15,ITH5	: 	: 	: 	: 	: 	94.2 e	95.5 e	95.6 e	95.6 e	97.3 e	98.3 e	101.8 e	104.3 e	103.6 e	96.5 e	98.7 e	101.4 e	98.8 e	98.3 e	99.4 e	100 	101.8 e	104.1 e	105.6 e	105.6 e	97.4 e	106.3 e	110.6 	110.7 
A,B1G,I15,ITI	: 	: 	: 	: 	: 	98 e	100.5 e	102.1 e	101.9 e	104.8 e	105.3 e	107.5 e	109.5 e	107.8 e	103.7 e	104.5 e	105.3 e	102 e	100 e	100 e	100 	101.8 e	102.9 e	103.6 e	104.9 e	94.7 e	101 e	107 	107.3 
A,B1G,I15,ITI1	: 	: 	: 	: 	: 	97.8 e	99.2 e	99.7 e	99.9 e	101.4 e	101.4 e	103.8 e	105.5 e	104.4 e	100.3 e	101.3 e	102.4 e	100.8 e	99.1 e	100 e	100 	100.9 e	102.2 e	103.5 e	106.2 e	92.9 e	100.6 e	107.4 	107.3 
A,B1G,I15,ITI2	: 	: 	: 	: 	: 	109.8 e	111.6 e	111 e	111.5 e	113 e	113 e	115.2 e	116.2 e	114.9 e	105.9 e	107.8 e	107.2 e	102.8 e	100 e	97.2 e	100 	99.3 e	100.8 e	102.8 e	102.4 e	92.9 e	99.9 e	104.2 	104.1 
A,B1G,I15,ITI3	: 	: 	: 	: 	: 	100.1 e	101.9 e	104.2 e	103.7 e	105.7 e	106.7 e	110.5 e	112.4 e	109.2 e	104.2 e	104.7 e	104.8 e	101.2 e	99 e	100.5 e	100 	100.7 e	102.4 e	103 e	103.5 e	94.6 e	101.8 e	106.4 	106.7 
A,B1G,I15,ITI4	: 	: 	: 	: 	: 	96.4 e	99.7 e	102.1 e	101.7 e	105.6 e	106.3 e	108.1 e	110.3 e	108.6 e	105.4 e	105.9 e	106.8 e	102.8 e	100.8 e	100.3 e	100 	102.8 e	103.7 e	104 e	104.8 e	96 e	101.1 e	107.1 	107.7 
A,B1G,I15,ITZ	: 	: 	: 	: 	: 	110.9 e	82.9 e	61.3 e	72.7 e	94 e	89.8 e	96.9 e	101.9 e	108.5 e	98.7 e	94.6 e	107.3 e	100 e	110.4 e	108.5 e	100 	135.2 e	153.9 e	155.4 e	131.3 e	136 e	227.9 e	82 	78.2 
A,B1G,I15,ITZZ	: 	: 	: 	: 	: 	110.9 e	82.9 e	61.3 e	72.7 e	94 e	89.8 e	96.9 e	101.9 e	108.5 e	98.7 e	94.6 e	107.3 e	100 e	110.4 e	108.5 e	100 	135.2 e	153.9 e	155.4 e	131.3 e	136 e	227.9 e	82 	78.2 
A,B1G,I15,LT	: 	: 	: 	: 	: 	53.8 	57.3 	61.1 	67.6 	72 	77.5 	83.3 	92.5 	94.9 	80.8 	81.2 	86.3 	90.1 	93.7 	97.2 	100 	102.7 	107.4 	112.7 	118 	118 	125.5 	128.7 	129.2 
A,B1G,I15,LT0	: 	: 	: 	: 	: 	53.8 	57.3 	61.1 	67.6 	72 	77.5 	83.3 	92.5 	94.9 	80.8 	81.2 	86.3 	90.1 	93.7 	97.2 	100 	102.7 	107.4 	112.7 	118 	118 	125.5 	128.7 	129.2 
A,B1G,I15,LT01	: 	: 	: 	: 	: 	44.9 	48.6 	54.4 	60.3 	64.5 	70.7 	79.1 	90.2 	90.8 	77.3 	77.6 	81.2 	86.1 	91.6 	96.3 	100 	103.4 	108.2 	116.3 	124.2 	124.4 	134.2 	139.5 	145.6 
A,B1G,I15,LT02	: 	: 	: 	: 	: 	59.8 	63.1 	65.7 	72.5 	77 	82.1 	86.1 	94 	97.6 	83.2 	83.6 	89.7 	92.8 	95.1 	97.9 	100 	102.2 	106.9 	110.2 	113.8 	113.7 	119.7 	121.5 	118.1 
A,B1G,I15,LU	51.7 	52.3 	54.7 	58.4 	62.9 	66.8 	69.2 	71.3 	73.1 	75.8 	77.5 	82.8 	89.5 	89.1 	86.1 	89.3 	89.6 	90.8 	93.7 	95.6 	100 	105.1 	106 	107.1 	110.4 	109.2 	117.5 	118.8 	117.1 
A,B1G,I15,LU0	51.7 	52.3 	54.7 	58.4 	62.9 	66.8 	69.2 	71.3 	73.1 	75.8 	77.5 	82.8 	89.5 	89.1 	86.1 	89.3 	89.6 	90.8 	93.7 	95.6 	100 	105.1 	106 	107.1 	110.4 	109.2 	117.5 	118.8 	117.1 
A,B1G,I15,LU00	51.7 	52.3 	54.7 	58.4 	62.9 	66.8 	69.2 	71.3 	73.1 	75.8 	77.5 	82.8 	89.5 	89.1 	86.1 	89.3 	89.6 	90.8 	93.7 	95.6 	100 	105.1 	106 	107.1 	110.4 	109.2 	117.5 	118.8 	117.1 
A,B1G,I15,LV	: 	: 	: 	: 	: 	56.4 	60.1 	64.8 	70.2 	76.4 	85.5 	96 	105.1 	103.2 	89 	85.2 	87.5 	93.5 	94.9 	96.6 	100 	102 	105.5 	109.4 	110 	106.2 	114 	115.8 	118.6 
A,B1G,I15,LV0	: 	: 	: 	: 	: 	55.4 	59 	63.8 	69.1 	75.2 	84.2 	94.7 	103.8 	102 	88.2 	84.6 	87 	93.1 	94.6 	96.4 	100 	102.2 	105.8 	109.8 	110.7 	107 	115 	116.9 	120 
A,B1G,I15,LV00	: 	: 	: 	: 	: 	55.4 	59 	63.8 	69.1 	75.2 	84.2 	94.7 	103.8 	102 	88.2 	84.6 	87 	93.1 	94.6 	96.4 	100 	102.2 	105.8 	109.8 	110.7 	107 	115 	116.9 	120 
A,B1G,I15,ME	: 	: 	: 	: 	: 	: 	: 	: 	: 	: 	: 	80.1 	84.8 	90.8 	87.2 	89.6 	92.9 	90.9 	94.5 	96.3 	100 	102.4 	107.1 	113.6 	118.3 	101.3 	114.7 	121.9 	128.9 
A,B1G,I15,ME0	: 	: 	: 	: 	: 	: 	: 	: 	: 	: 	: 	80.1 	84.8 	90.8 	87.2 	89.6 	92.9 	90.9 	94.5 	96.3 	100 	102.4 	107.1 	113.6 	118.3 	101.3 	114.7 	121.9 	128.9 
A,B1G,I15,ME00	: 	: 	: 	: 	: 	: 	: 	: 	: 	: 	: 	80.1 	84.8 	90.8 	87.2 	89.6 	92.9 	90.9 	94.5 	96.3 	100 	102.4 	107.1 	113.6 	118.3 	101.3 	114.7 	121.9 	128.9 
A,B1G,I15,MK	: 	: 	: 	: 	: 	65.2 	63.5 	64.2 	65.9 	68.9 	71.8 	75.1 	79.5 	84.1 	83.8 	86.7 	88.4 	87.8 	91.2 	95.7 	100 	102 	103 	106 	110 	105.3 	109.5 	112.7 	115.3 p
A,B1G,I15,MK0	: 	: 	: 	: 	: 	65.2 	63.5 	64.2 	65.9 	68.9 	71.8 	75.1 	79.5 	84.1 	83.8 	86.7 	88.4 	87.8 	91.2 	95.7 	100 	102 	103 	106 	110 	105.3 	109.5 	112.7 	115.3 p
A,B1G,I15,MK00	: 	: 	: 	: 	: 	65.2 	63.5 	64.2 	65.9 	68.9 	71.8 	75.1 	79.5 	84.1 	83.8 	86.7 	88.4 	87.8 	91.2 	95.7 	100 	102 	103 	106 	110 	105.3 	109.5 	112.7 	115.3 p
A,B1G,I15,MT	: 	: 	: 	: 	: 	58.2 	57.5 	59.5 	62.2 	61.5 	61.9 	63.7 	67.2 	70.6 	71 	75.1 	74.4 	77.9 	84 	91.6 	100 	104.2 	117.9 	126.6 	131.9 	131.7 	148.9 	157.9 	166.2 
A,B1G,I15,MT0	: 	: 	: 	: 	: 	58.3 	57.5 	59.5 	62.2 	61.5 	61.9 	63.7 	67.2 	70.6 	71 	75 	74.3 	77.9 	83.9 	91.6 	100 	104.2 	117.9 	126.7 	132 	131.8 	148.9 	157.9 	166.1 
A,B1G,I15,MT00	: 	: 	: 	: 	: 	58.3 	57.5 	59.5 	62.2 	61.5 	61.9 	63.7 	67.2 	70.6 	71 	75 	74.3 	77.9 	83.9 	91.6 	100 	104.2 	117.9 	126.7 	132 	131.8 	148.9 	157.9 	166.1 
A,B1G,I15,MTZ	: 	: 	: 	: 	: 	43 	48.3 	47.8 	46.3 	59.3 	67.6 	69.1 	78.9 	84.4 	88.3 	99.4 	101.7 	104.6 	105.2 	102.4 	100 	99.2 	102.6 	109.3 	115.4 	83.6 	132.7 	134.8 	191.3 
A,B1G,I15,MTZZ	: 	: 	: 	: 	: 	43 	48.3 	47.8 	46.3 	59.3 	67.6 	69.1 	78.9 	84.4 	88.3 	99.4 	101.7 	104.6 	105.2 	102.4 	100 	99.2 	102.6 	109.3 	115.4 	83.6 	132.7 	134.8 	191.3 
A,B1G,I15,NL	: 	: 	: 	: 	: 	81.7 e	83.6 e	83.8 e	83.9 e	85.6 e	87.4 e	90.3 e	93.8 e	96.1 e	: 	: 	: 	: 	: 	: 	100 	: 	: 	: 	: 	: 	: 	: 	: 
A,B1G,I15,NL1	: 	: 	: 	: 	: 	88 e	90.4 e	90.9 e	91.1 e	92.4 e	93.1 e	94.4 e	97 e	99.6 e	: 	: 	: 	: 	: 	: 	100 	: 	: 	: 	: 	: 	: 	: 	: 
A,B1G,I15,NL11	: 	: 	: 	: 	: 	92.6 e	94.6 e	95.4 e	94.9 e	96.8 e	96 e	96.1 e	97.1 e	100.3 e	: 	: 	: 	: 	: 	: 	100 	: 	: 	: 	: 	: 	: 	: 	: 
A,B1G,I15,NL12	: 	: 	: 	: 	: 	82.5 e	85.3 e	84.7 e	86.1 e	87.1 e	89.2 e	91.3 e	95.2 e	97 e	: 	: 	: 	: 	: 	: 	100 	: 	: 	: 	: 	: 	: 	: 	: 
A,B1G,I15,NL13	: 	: 	: 	: 	: 	87.2 e	89.9 e	91.1 e	90.9 e	91.8 e	92.9 e	95.4 e	99.3 e	101.5 e	: 	: 	: 	: 	: 	: 	100 	: 	: 	: 	: 	: 	: 	: 	: 
A,B1G,I15,NL2	: 	: 	: 	: 	: 	79 e	81.6 e	81.3 e	82.1 e	83.3 e	85 e	88.9 e	92.2 e	94.7 e	: 	: 	: 	: 	: 	: 	100 	: 	: 	: 	: 	: 	: 	: 	: 
A,B1G,I15,NL21	: 	: 	: 	: 	: 	79.1 e	81.5 e	80.9 e	81.6 e	82.9 e	84.9 e	87.3 e	91 e	94.8 e	: 	: 	: 	: 	: 	: 	100 	: 	: 	: 	: 	: 	: 	: 	: 
A,B1G,I15,NL22	: 	: 	: 	: 	: 	80.7 e	83 e	82.5 e	82.9 e	83.7 e	85.1 e	89.2 e	92.1 e	94.4 e	: 	: 	: 	: 	: 	: 	100 	: 	: 	: 	: 	: 	: 	: 	: 
A,B1G,I15,NL23	: 	: 	: 	: 	: 	69.9 e	74.2 e	75.1 e	79.3 e	82.2 e	85.1 e	92 e	96.9 e	96.8 e	: 	: 	: 	: 	: 	: 	100 	: 	: 	: 	: 	: 	: 	: 	: 
A,B1G,I15,NL3	: 	: 	: 	: 	: 	81.5 e	83.2 e	83.8 e	83.8 e	85.5 e	87.6 e	90.5 e	94.4 e	96.7 e	: 	: 	: 	: 	: 	: 	100 	: 	: 	: 	: 	: 	: 	: 	: 
A,B1G,I15,NL32	: 	: 	: 	: 	: 	77.4 e	77.7 e	80.3 e	80 e	82.2 e	83.8 e	86.8 e	89.9 e	92.2 e	: 	: 	: 	: 	: 	: 	100 	: 	: 	: 	: 	: 	: 	: 	: 
A,B1G,I15,NL34	: 	: 	: 	: 	: 	76.8 e	78.3 e	81.4 e	83.3 e	84.6 e	85.3 e	86.3 e	93.4 e	98.3 e	: 	: 	: 	: 	: 	: 	100 	: 	: 	: 	: 	: 	: 	: 	: 
A,B1G,I15,NL35	: 	: 	: 	: 	: 	: 	: 	: 	: 	: 	: 	: 	: 	: 	: 	: 	: 	: 	: 	: 	100 	: 	: 	: 	: 	: 	: 	: 	: 
A,B1G,I15,NL36	: 	: 	: 	: 	: 	: 	: 	: 	: 	: 	: 	: 	: 	: 	: 	: 	: 	: 	: 	: 	100 	: 	: 	: 	: 	: 	: 	: 	: 
A,B1G,I15,NL4	: 	: 	: 	: 	: 	81 e	82.8 e	82 e	81.9 e	84.1 e	85.9 e	88.8 e	91.7 e	93.8 e	: 	: 	: 	: 	: 	: 	100 	: 	: 	: 	: 	: 	: 	: 	: 
A,B1G,I15,NL41	: 	: 	: 	: 	: 	79 e	80.9 e	79.7 e	79.8 e	81.9 e	84.2 e	87.2 e	89.6 e	92 e	: 	: 	: 	: 	: 	: 	100 	: 	: 	: 	: 	: 	: 	: 	: 
A,B1G,I15,NL42	: 	: 	: 	: 	: 	86.1 e	87.9 e	88.1 e	87.5 e	90.1 e	90.4 e	93.1 e	97.4 e	98.3 e	: 	: 	: 	: 	: 	: 	100 	: 	: 	: 	: 	: 	: 	: 	: 
A,B1G,I15,NLZ	: 	: 	: 	: 	: 	113.2 e	116.6 e	117.7 e	116.9 e	126.3 e	111.2 e	109.4 e	106.3 e	115.8 e	: 	: 	: 	: 	: 	: 	100 	: 	: 	: 	: 	: 	: 	: 	: 
A,B1G,I15,NLZZ	: 	: 	: 	: 	: 	113.2 e	116.6 e	117.7 e	116.9 e	126.3 e	111.2 e	109.4 e	106.3 e	115.8 e	: 	: 	: 	: 	: 	: 	100 	: 	: 	: 	: 	: 	: 	: 	: 
A,B1G,I15,NO	: 	: 	: 	: 	: 	: 	: 	: 	: 	: 	: 	: 	: 	93.6 e	91.7 e	92.1 e	92.9 e	95.3 e	96.2 e	98.2 e	100 	101 e	103.5 e	104.2 e	105.5 e	104.2 e	108.2 e	111.6 e	: 
A,B1G,I15,PL	: 	: 	: 	: 	: 	59.1 	59.9 	61 	63.1 	66.4 	68.6 	72.8 	78 	81.1 	83.6 	86 	90.3 	91.5 	92.2 	95.7 	100 	102.8 	107.9 	114.3 	119.3 	118.3 b	126.2 	133.1 	134.6 p
A,B1G,I15,PL2	: 	: 	: 	: 	: 	58.7 	59.1 	60.8 	62.8 	65.6 	66.8 	72.1 	77.4 	81.9 	83.8 	85.9 	90.7 	91.5 	91.6 	95 	100 	103.1 	108.3 	114.9 	119 	116.9 b	126.7 	132.6 	133.6 p
A,B1G,I15,PL21	: 	: 	: 	: 	: 	58.1 	57.8 	59.6 	62.4 	66.8 	69.4 	72.6 	76 	80.2 	83 	84.3 	89.4 	90.4 	90.9 	94.5 	100 	103 	109.3 	116.5 	121.4 	120.8 b	129.9 	134.4 	137.2 p
A,B1G,I15,PL22	: 	: 	: 	: 	: 	59.1 	60 	61.6 	63.1 	65 	65.3 	71.8 	78.4 	82.9 	84.3 	86.9 	91.5 	92.1 	92 	95.4 	100 	103.2 	107.7 	113.9 	117.4 	114.4 b	124.7 	131.5 	131.3 p
A,B1G,I15,PL4	: 	: 	: 	: 	: 	61.1 	61.5 	61.8 	63.9 	69.1 	71.6 	74.9 	78.6 	80.7 	83.3 	85 	89 	90.7 	91.4 	95.5 	100 	102.9 	108.1 	113.6 	118.3 	118 b	125.6 	132.1 	132.1 p
A,B1G,I15,PL41	: 	: 	: 	: 	: 	57.4 	58.3 	58.4 	61.5 	67.6 	69.7 	72.6 	76.5 	78.5 	81.7 	83 	87.5 	89.6 	90.8 	94.8 	100 	103.4 	108.9 	114.4 	120 	119.9 b	127.4 	134.6 	134.3 p
A,B1G,I15,PL42	: 	: 	: 	: 	: 	70.8 	70 	70.3 	70.4 	73.2 	75.5 	79.7 	82 	83.4 	86.1 	88.5 	91.5 	92.3 	92.3 	96.2 	100 	102 	107.2 	113.1 	116.3 	115.5 b	123 	127.8 	128.7 p
A,B1G,I15,PL43	: 	: 	: 	: 	: 	61.3 	61.6 	62.3 	63.5 	69 	73.3 	77.2 	81.6 	85.6 	85.7 	87.8 	91 	92.9 	92.8 	97.2 	100 	102.3 	106.3 	110.8 	114.3 	114 b	121.9 	128.3 	128.5 p
A,B1G,I15,PL5	: 	: 	: 	: 	: 	63.2 	63.1 	65 	66.1 	68.4 	71 	73 	79.7 	82.3 	83.8 	86.9 	91.8 	93 	92.6 	96.4 	100 	101.7 	106.5 	111.9 	116.4 	115 b	124.1 	129.8 	129.5 p
A,B1G,I15,PL51	: 	: 	: 	: 	: 	60.4 	60.5 	62.6 	63.8 	65.7 	69.3 	70.9 	77.6 	80.9 	83 	86.5 	91.6 	93 	92.5 	96.2 	100 	102 	106.8 	112.2 	116.9 	115.8 b	125.1 	131.4 	131.2 p
A,B1G,I15,PL52	: 	: 	: 	: 	: 	74.6 	73.2 	74.6 	75 	79.2 	77.9 	81.3 	87.8 	87.6 	86.9 	88.4 	92.9 	93.2 	93.1 	97.4 	100 	100.6 	105.3 	110.5 	114.3 	111.9 b	120.1 	123.3 	122.9 p
A,B1G,I15,PL6	: 	: 	: 	: 	: 	60.3 	61.2 	63 	65 	69.3 	71.3 	75.1 	80.1 	82.5 	84.9 	87 	90.9 	92.1 	92.4 	95.6 	100 	102.9 	107.3 	113.4 	117.5 	116.4 b	124.9 	131.6 	133.3 p
A,B1G,I15,PL61	: 	: 	: 	: 	: 	63.2 	64.5 	65.8 	67.6 	72.1 	73.8 	78.9 	84.4 	87.4 	87 	89 	92.4 	92.6 	93.5 	96.2 	100 	101.9 	106.2 	112.4 	115 	115.6 b	123.7 	130.4 	128.2 p
A,B1G,I15,PL62	: 	: 	: 	: 	: 	67 	66.3 	67.6 	71.6 	74.2 	75.3 	78.4 	81.5 	84.9 	87.4 	89.7 	93.3 	93.2 	93.2 	97.5 	100 	101.7 	105.7 	109.5 	112.8 	113.3 b	121.1 	126.2 	127.3 p
A,B1G,I15,PL63	: 	: 	: 	: 	: 	55.2 	56.5 	58.9 	60.2 	65.1 	67.5 	70.9 	76.2 	77.7 	82.2 	84.2 	88.8 	91.1 	91.3 	94.3 	100 	104.1 	108.9 	115.9 	121.5 	118.4 b	127.6 	135 	139.9 p
A,B1G,I15,PL7	: 	: 	: 	: 	: 	60.1 	60.9 	63 	66 	69.3 	70.7 	75.4 	80.2 	84.5 	85.7 	88.8 	92.2 	93.5 	93 	96.7 	100 	101.3 	105.7 	111.1 	115.6 	116.5 b	123.2 	127.7 	127.4 p
A,B1G,I15,PL71	: 	: 	: 	: 	: 	57.7 	58.7 	60.8 	63.8 	67 	69 	73.3 	77.8 	82 	83.7 	87.2 	90.9 	92.7 	92.6 	96.5 	100 	101.4 	106 	111 	116.4 	117.5 b	123.7 	128.8 	127.8 p
A,B1G,I15,PL72	: 	: 	: 	: 	: 	66.1 	66.5 	68.6 	71.7 	75.2 	74.9 	80.7 	86.3 	91 	90.7 	92.7 	95.7 	95.5 	93.9 	97.3 	100 	101 	104.8 	111.2 	113.4 	113.9 b	121.7 	125 	126.4 p
A,B1G,I15,PL8	: 	: 	: 	: 	: 	62 	64.1 	65.3 	67.6 	70.1 	72.4 	75.7 	80 	83.7 	85.4 	87.7 	92.4 	93 	94.5 	97.4 	100 	102.4 	107.1 	112.6 	117.2 	116 b	123.7 	130.5 	132.8 p
A,B1G,I15,PL81	: 	: 	: 	: 	: 	64.6 	66.2 	66.9 	69.5 	71.5 	72.7 	76.1 	80.8 	84.7 	85.8 	88.4 	93.1 	94.5 	95.6 	98.3 	100 	102.7 	106.8 	110.4 	114.7 	114.5 b	121.7 	129 	130 p
A,B1G,I15,PL82	: 	: 	: 	: 	: 	57.4 	59.4 	60.9 	63.2 	66.8 	70.4 	74.2 	77.9 	82.3 	83.8 	86.3 	91.4 	91.6 	93.3 	96.1 	100 	102.7 	107.5 	114.9 	119.4 	115.2 b	124.7 	130.7 	132.7 p
A,B1G,I15,PL84	: 	: 	: 	: 	: 	65.9 	69 	70.5 	72.4 	73.8 	75.6 	77.9 	82.5 	84.1 	87.5 	89.3 	92.9 	93 	94.8 	98.1 	100 	101.3 	106.8 	112.4 	117.6 	120.2 b	125.7 	132.8 	138 p
A,B1G,I15,PL9	: 	: 	: 	: 	: 	53.8 	55 	55.2 	57.1 	59.9 	63.4 	68.4 	74.4 	76.8 	81.3 	84 	88 	89.6 	91.8 	94.9 	100 	103.8 	109.9 	118.1 	125.3 	124.4 b	130.2 	139.9 	144.2 p
A,B1G,I15,PL91	: 	: 	: 	: 	: 	53.8 	54.8 	55 	56.7 	59.1 	63.1 	68.2 	74.7 	76.8 	81.3 	83.6 	87 	88.9 	92 	94.8 	100 	103.9 	110.8 	120.7 	128.1 	126.2 b	132.2 	142.5 	146.6 p
A,B1G,I15,PL92	: 	: 	: 	: 	: 	53.6 	55.4 	56 	58.2 	62.7 	64.4 	69 	73.4 	76.9 	81.4 	85.1 	91 	91.7 	91.1 	95.4 	100 	103.4 	106.8 	110.1 	116.7 	119 b	124 	131.9 	136.8 p
A,B1G,I15,RO	: 	: 	: 	: 	: 	58.1 	61.5 	64.6 	66.1 	73.1 	76 	82.5 	88.2 	96.6 	92.3 	87.5 	91.3 	93.1 	93.5 	97.4 	100 	102.8 	111.5 	117.9 	122.3 	118 	124.1 	128 	130.7 p
A,B1G,I15,RO1	: 	: 	: 	: 	: 	63.5 	67.3 	72.5 	73.3 	79.2 	80.5 	88 	96.1 	98.2 	94 	89.3 	89.9 	93.5 	93.3 	98.5 	100 	104 	114.9 	121.8 	126 	121.7 	128.7 	132.8 	135.5 p
A,B1G,I15,RO11	: 	: 	: 	: 	: 	57.1 	62.1 	67.5 	68.7 	75.9 	78.1 	85.4 	93.2 	95.7 	92 	86.5 	86.4 	90.3 	90.9 	98 	100 	105.4 	119.8 	125.8 	132.8 	129.3 	137.8 	145 	148.1 p
A,B1G,I15,RO12	: 	: 	: 	: 	: 	70.7 	73 	78 	78.4 	82.7 	83 	90.8 	99.1 	100.8 	96.1 	92.2 	93.7 	97 	95.8 	98.9 	100 	102.6 	109.9 	117.7 	119.1 	114 	119.6 	120.8 	123 p
A,B1G,I15,RO2	: 	: 	: 	: 	: 	84 	88.9 	93.4 	93.1 	102 	101.4 	107.5 	110.1 	114.3 	109.7 	99.7 	99.3 	97.1 	98.9 	101 	100 	99.1 	104.6 	107.5 	108.1 	101.2 	103.5 	99.9 	102.2 p
A,B1G,I15,RO21	: 	: 	: 	: 	: 	107.8 	116 	122.5 	121.2 	127.4 	128.1 	133.8 	138.8 	142.4 	132.2 	118.4 	110.9 	108.2 	104.7 	104.1 	100 	97.3 	102.3 	103.8 	104.1 	97.6 	98.4 	98 	100.6 p
A,B1G,I15,RO22	: 	: 	: 	: 	: 	66.6 	69.3 	72.4 	72.7 	83 	81.6 	87.7 	88.7 	93.3 	92.4 	85.2 	89.9 	88.2 	94.1 	98.3 	100 	100.8 	106.8 	111.2 	112 	104.8 	108.8 	101.5 	103.6 p
A,B1G,I15,RO3	: 	: 	: 	: 	: 	41.6 	43.5 	46.3 	47.8 	54.4 	60.2 	65.5 	71.9 	85.4 	81.2 	79.1 	87.2 	88.7 	90.2 	95.3 	100 	104.2 	113.8 	121.3 	128.7 	127.9 	137.3 	147.2 	150.5 p
A,B1G,I15,RO31	: 	: 	: 	: 	: 	93.6 	99.4 	100.2 	99.7 	111.5 	111.2 	117.1 	116.7 	122.9 	119.6 	102.2 	104.4 	93.8 	94 	101.9 	100 	98.5 	98.7 	101.4 	98.6 	92 	91.7 	88.2 	89.7 p
A,B1G,I15,RO32	: 	: 	: 	: 	: 	27.7 	28.8 	31.6 	33.3 	38.3 	44.9 	49.7 	57.3 	72 	67.7 	70.2 	80.2 	86.4 	88.5 	92.4 	100 	106.8 	120.9 	130.9 	144 	146.8 	162 	181 	185.5 p
A,B1G,I15,RO4	: 	: 	: 	: 	: 	66.8 	71.9 	71.5 	75.3 	82.5 	82.9 	91.3 	95.3 	102 	97.9 	91.6 	93.6 	98.4 	95.1 	96.6 	100 	102.6 	110.1 	117.8 	121.6 	113.2 	116.6 	118 	120.1 p
A,B1G,I15,RO41	: 	: 	: 	: 	: 	110.8 	120.6 	113.6 	122 	132 	127.7 	137.4 	138.7 	141.5 	134.7 	118.2 	114.9 	112.2 	105.2 	101.7 	100 	98 	104.6 	109.6 	109.4 	100 	97.7 	93.9 	95.4 p
A,B1G,I15,RO42	: 	: 	: 	: 	: 	45.1 	48 	50.1 	51.9 	57.5 	59.6 	67 	71.7 	79.8 	77.1 	75.7 	80.2 	89 	88 	93 	100 	106.1 	114.3 	124.3 	131.8 	124.5 	133.6 	141 	143.6 p
A,B1G,I15,ROZ	: 	: 	: 	: 	: 	109 	95 	79.8 	80.8 	79.1 	73.4 	66.6 	88.9 	93.8 	91.3 	130 	108.1 	93.1 	85.3 	80.6 	100 	89.9 	87.2 	81 	75.8 	71.6 	61.1 	76.3 	76.9 p
A,B1G,I15,ROZZ	: 	: 	: 	: 	: 	109 	95 	79.8 	80.8 	79.1 	73.4 	66.6 	88.9 	93.8 	91.3 	130 	108.1 	93.1 	85.3 	80.6 	100 	89.9 	87.2 	81 	75.8 	71.6 	61.1 	76.3 	76.9 p
A,B1G,I15,RS	: 	: 	: 	: 	: 	65.7 	69.7 	74.1 	77.1 	80.7 	85.9 	88.1 	94.7 	99.7 	97.1 	99 	99.3 	99.4 	100.3 	98.4 	100 	102.8 	105.5 	110.8 	116.1 	115.5 	124.7 	127.8 p	134 p
A,B1G,I15,RS1	: 	: 	: 	: 	: 	60.5 	65.9 	70.8 	73.3 	79.7 	84.9 	87.4 	96.7 	102.7 	97.7 	100.1 	100.1 	101.8 	102.3 	98.5 	100 	103.7 	106.5 	112.3 	118.4 	117.6 	123.9 	126.5 p	136.1 p
A,B1G,I15,RS11	: 	: 	: 	: 	: 	48.6 	54.5 	63.9 	69.3 	78.3 	83 	87.6 	97.9 	106.1 	101.8 	104.2 	101.5 	103.4 	102.9 	96.9 	100 	104 	107.3 	115 	122.3 	121 	126 	127.6 p	142.1 p
A,B1G,I15,RS12	: 	: 	: 	: 	: 	77.1 	82 	81 	79.5 	81.9 	87.9 	87.3 	94.9 	97.5 	91.5 	93.7 	98 	99.5 	101.5 	101 	100 	103.2 	105.2 	108 	112.2 	112 	120.6 	124.8 p	126.7 p
A,B1G,I15,RS2	: 	: 	: 	: 	: 	75.6 	77.1 	80.5 	84.5 	82.7 	88 	89.5 	90.7 	93.7 	95.8 	96.8 	97.7 	94.6 	96.2 	98.3 	100 	100.9 	103.5 	107.7 	111.5 	111.4 	126.4 	130.5 p	129.9 p
A,B1G,I15,RS21	: 	: 	: 	: 	: 	68.5 	70.4 	73.4 	77.8 	76.6 	82.6 	82.7 	88.6 	90.9 	93.2 	93.4 	94 	91.7 	93.4 	97.8 	100 	100.5 	101.9 	103.3 	107.3 	106.2 	115.9 	120 p	117.6 p
A,B1G,I15,RS22	: 	: 	: 	: 	: 	85.6 	86.5 	90.5 	94 	91.3 	95.5 	99 	93.7 	97.6 	99.3 	101.6 	102.8 	98.6 	100.1 	98.9 	100 	101.6 	105.9 	113.9 	117.5 	118.8 	141 	145.3 p	147 p
A,B1G,I15,RSZ	: 	: 	: 	: 	: 	55.4 	57.3 	63.3 	65 	70 	70.3 	67.5 	71.1 	72.4 	75.6 	79.1 	76.4 	89.2 	83.6 	83.7 	100 	97.2 	96.8 	78 	70.8 	64.4 	64.6 	62.6 p	58.3 p
A,B1G,I15,RSZZ	: 	: 	: 	: 	: 	55.4 	57.3 	63.3 	65 	70 	70.3 	67.5 	71.1 	72.4 	75.6 	79.1 	76.4 	89.2 	83.6 	83.7 	100 	97.2 	96.8 	78 	70.8 	64.4 	64.6 	62.6 p	58.3 p
A,B1G,I15,SE	: 	: 	: 	: 	: 	73.1 	74.1 	75.8 	77.2 	80.7 	82.8 	86.9 	89.7 	88.8 	84.7 	89.8 	93 	92.7 	93.7 	95.9 	100 	102 	104 	106 	109 	106.4 	113 	114.9 	114.8 
A,B1G,I15,SE1	: 	: 	: 	: 	: 	67.8 	68.7 	70.4 	71.4 	75 	77.4 	81.2 	84.8 	84.2 	82.9 	86.8 	90.9 	91.2 	92.5 	95.3 	100 	102.3 	103.8 	107.2 	110.6 	108.4 	115 	117.3 	117.7 
A,B1G,I15,SE11	: 	: 	: 	: 	: 	63.7 	64.3 	65.9 	66.9 	70.6 	73.2 	77 	81.2 	81.1 	81.6 	84.4 	88.9 	89.2 	90.9 	94.7 	100 	102.1 	102.9 	107.2 	111.7 	109.2 	115.5 	117.1 	117.4 
A,B1G,I15,SE12	: 	: 	: 	: 	: 	77.2 	78.7 	80.8 	82 	85.2 	86.9 	90.8 	92.9 	91.4 	85.8 	92.2 	95.5 	95.9 	96 	96.8 	100 	102.8 	105.9 	107.3 	108.2 	106.7 	114.1 	117.7 	118.4 
A,B1G,I15,SE2	: 	: 	: 	: 	: 	74.3 	75.5 	77.1 	79.2 	82.2 	84 	88.9 	92.7 	91.2 	84.8 	90 	93.3 	91.9 	93.3 	95.5 	100 	101.9 	104.3 	105.6 	108.2 	104.9 	112.1 	113.4 	114.7 
A,B1G,I15,SE21	: 	: 	: 	: 	: 	85 	85.2 	86.7 	88.1 	92.4 	90.2 	95.5 	97.4 	97.5 	86.6 	92.6 	96.4 	94.6 	94.9 	96.6 	100 	103 	106.8 	106.3 	107.2 	104.3 	113.1 	113.4 	112.4 
A,B1G,I15,SE22	: 	: 	: 	: 	: 	75.9 	76.1 	78.4 	79.2 	82.6 	85.2 	89.1 	96.2 	90.6 	86.1 	91.2 	92.9 	92.3 	93.6 	96.6 	100 	100.1 	103.1 	105.3 	108.9 	108.1 	113.4 	114.1 	117.4 
A,B1G,I15,SE23	: 	: 	: 	: 	: 	69.5 	71.6 	72.8 	75.9 	78.3 	80.9 	86.3 	88.6 	89.4 	83.3 	88.3 	92.4 	90.7 	92.4 	94.4 	100 	102.6 	104.3 	105.5 	108.1 	103.1 	110.9 	113 	113.7 
A,B1G,I15,SE3	: 	: 	: 	: 	: 	87 	87.8 	89 	90.3 	94.8 	97 	99.2 	96.9 	96.7 	90.2 	98.2 	98.9 	99 	98.4 	98.4 	100 	101.4 	103.6 	103.7 	106.1 	104.1 	109 	111.3 	106.4 
A,B1G,I15,SE31	: 	: 	: 	: 	: 	87.1 	85.2 	88 	90.3 	94.2 	96 	98.5 	96.5 	95.5 	88.4 	96 	97.4 	98.2 	98 	98.4 	100 	102.4 	103.8 	104.3 	106.5 	103.6 	106.8 	109.2 	100.9 
A,B1G,I15,SE32	: 	: 	: 	: 	: 	85.7 	91.2 	89.5 	88.7 	93 	97.1 	97.5 	95.3 	96.2 	93.7 	100.9 	99.4 	99.2 	98.2 	98.9 	100 	100 	102.1 	101.9 	104.1 	101.3 	106.7 	111.7 	111.7 
A,B1G,I15,SE33	: 	: 	: 	: 	: 	87.7 	89 	90.1 	91.2 	96.7 	98.2 	101.2 	98.4 	98.5 	90.2 	99.3 	100.6 	99.9 	99.1 	98.2 	100 	100.9 	104.2 	104.2 	106.7 	106.7 	113.6 	114.2 	110.4 
A,B1G,I15,SEZ	: 	: 	: 	: 	: 	102.4 	100.8 	96.6 	109.9 	108.2 	108 	104.8 	103.9 	101.3 	114 	123 	125.4 	104.7 	105.8 	103.1 	100 	97.3 	97.5 	96.2 	96.9 	90.6 	88.8 	98.9 	97 
A,B1G,I15,SEZZ	: 	: 	: 	: 	: 	102.4 	100.8 	96.6 	109.9 	108.2 	108 	104.8 	103.9 	101.3 	114 	123 	125.4 	104.7 	105.8 	103.1 	100 	97.3 	97.5 	96.2 	96.9 	90.6 	88.8 	98.9 	97 
A,B1G,I15,SI	: 	: 	: 	: 	: 	73.2 	75.7 	78.5 	81.1 	84.8 	87.9 	93.4 	100.2 	103.2 	95.9 	97 	97.3 	94.9 	94.4 	97.7 	100 	103.2 	108.8 	113.6 	117.7 	114.1 	122.8 	126.1 	129.3 
A,B1G,I15,SI0	: 	: 	: 	: 	: 	73.2 	75.7 	78.5 	81.1 	84.8 	87.9 	93.4 	100.2 	103.2 	95.9 	97 	97.3 	94.9 	94.4 	97.7 	100 	103.2 	108.8 	113.6 	117.7 	114.1 	122.8 	126.1 	129.3 
A,B1G,I15,SI03	: 	: 	: 	: 	: 	78.3 	80 	83.3 	83.9 	88 	91 	96 	102.8 	106 	96.7 	98.2 	98.9 	95.9 	94.8 	97.8 	100 	102.5 	107.8 	111.9 	116.5 	112.7 	120.1 	123.4 	124.8 
A,B1G,I15,SI04	: 	: 	: 	: 	: 	69.3 	72.5 	74.8 	79 	82.4 	85.6 	91.3 	98.3 	101.2 	95.3 	96.2 	96.1 	94.1 	94.1 	97.6 	100 	103.7 	109.6 	114.9 	118.7 	115.2 	125 	128.2 	132.8 
A,B1G,I15,SK	: 	: 	: 	: 	: 	53.8 	56 	58.3 	60.7 	63.5 	67.3 	74.3 	82.5 	87.5 	83 	88.8 	90.4 	92.6 	92.8 	95.3 	100 	102.1 	104.4 	108.5 	110.5 	107.9 	113.4 	113.5 	117.4 
A,B1G,I15,SK0	: 	: 	: 	: 	: 	53.8 	56 	58.3 	60.7 	63.5 	67.3 	74.3 	82.5 	87.5 	83 	88.8 	90.4 	92.6 	92.8 	95.3 	100 	102.1 	104.4 	108.5 	110.5 	107.9 	113.4 	113.5 	117.4 
A,B1G,I15,SK01	: 	: 	: 	: 	: 	50.7 	51.8 	54.7 	55.9 	57.9 	66 	70.6 	79.9 	83.5 	84.4 	89.4 	90.2 	91 	94 	94.2 	100 	103.2 	105 	108.2 	108.8 	106.4 	112.1 	112 	113.5 e
A,B1G,I15,SK02	: 	: 	: 	: 	: 	56.2 	57.8 	59.9 	63.6 	67.5 	69.7 	81.1 	89.3 	92.3 	84.2 	90.3 	94.1 	96.2 	94.5 	98.1 	100 	102.7 	103.5 	107.1 	111.6 	108.7 	112.7 	111.7 	117.3 e
A,B1G,I15,SK03	: 	: 	: 	: 	: 	54.2 	57.4 	60.1 	62.6 	64.9 	65.9 	72.1 	80.8 	88.1 	83.2 	90.4 	88.8 	91.7 	91.6 	94.3 	100 	101.1 	103 	107.7 	110.9 	106.3 	114.9 	116.3 	118 e
A,B1G,I15,SK04	: 	: 	: 	: 	: 	54.1 	57.9 	59.2 	61.3 	64.2 	67 	71.2 	77.8 	85.1 	79.1 	84.3 	86.8 	90.5 	90.1 	93.7 	100 	100.6 	105.9 	111.7 	110.8 	110.2 	114.9 	115.8 	122.5 e
A,B1G,I15,TR	: 	: 	: 	: 	: 	: 	: 	: 	: 	: 	: 	: 	: 	: 	: 	: 	: 	: 	: 	: 	100 	: 	: 	: 	: 	: 	: 	: 	: 
A,B1G,I15,TR1	: 	: 	: 	: 	: 	: 	: 	: 	: 	: 	: 	: 	: 	: 	: 	: 	: 	: 	: 	: 	100 	: 	: 	: 	: 	: 	: 	: 	: 
A,B1G,I15,TR10	: 	: 	: 	: 	: 	: 	: 	: 	: 	: 	: 	: 	: 	: 	: 	: 	: 	: 	: 	: 	100 	: 	: 	: 	: 	: 	: 	: 	: 
A,B1G,I15,TR2	: 	: 	: 	: 	: 	: 	: 	: 	: 	: 	: 	: 	: 	: 	: 	: 	: 	: 	: 	: 	100 	: 	: 	: 	: 	: 	: 	: 	: 
A,B1G,I15,TR21	: 	: 	: 	: 	: 	: 	: 	: 	: 	: 	: 	: 	: 	: 	: 	: 	: 	: 	: 	: 	100 	: 	: 	: 	: 	: 	: 	: 	: 
A,B1G,I15,TR22	: 	: 	: 	: 	: 	: 	: 	: 	: 	: 	: 	: 	: 	: 	: 	: 	: 	: 	: 	: 	100 	: 	: 	: 	: 	: 	: 	: 	: 
A,B1G,I15,TR3	: 	: 	: 	: 	: 	: 	: 	: 	: 	: 	: 	: 	: 	: 	: 	: 	: 	: 	: 	: 	100 	: 	: 	: 	: 	: 	: 	: 	: 
A,B1G,I15,TR31	: 	: 	: 	: 	: 	: 	: 	: 	: 	: 	: 	: 	: 	: 	: 	: 	: 	: 	: 	: 	100 	: 	: 	: 	: 	: 	: 	: 	: 
A,B1G,I15,TR32	: 	: 	: 	: 	: 	: 	: 	: 	: 	: 	: 	: 	: 	: 	: 	: 	: 	: 	: 	: 	100 	: 	: 	: 	: 	: 	: 	: 	: 
A,B1G,I15,TR33	: 	: 	: 	: 	: 	: 	: 	: 	: 	: 	: 	: 	: 	: 	: 	: 	: 	: 	: 	: 	100 	: 	: 	: 	: 	: 	: 	: 	: 
A,B1G,I15,TR4	: 	: 	: 	: 	: 	: 	: 	: 	: 	: 	: 	: 	: 	: 	: 	: 	: 	: 	: 	: 	100 	: 	: 	: 	: 	: 	: 	: 	: 
A,B1G,I15,TR41	: 	: 	: 	: 	: 	: 	: 	: 	: 	: 	: 	: 	: 	: 	: 	: 	: 	: 	: 	: 	100 	: 	: 	: 	: 	: 	: 	: 	: 
A,B1G,I15,TR42	: 	: 	: 	: 	: 	: 	: 	: 	: 	: 	: 	: 	: 	: 	: 	: 	: 	: 	: 	: 	100 	: 	: 	: 	: 	: 	: 	: 	: 
A,B1G,I15,TR5	: 	: 	: 	: 	: 	: 	: 	: 	: 	: 	: 	: 	: 	: 	: 	: 	: 	: 	: 	: 	100 	: 	: 	: 	: 	: 	: 	: 	: 
A,B1G,I15,TR51	: 	: 	: 	: 	: 	: 	: 	: 	: 	: 	: 	: 	: 	: 	: 	: 	: 	: 	: 	: 	100 	: 	: 	: 	: 	: 	: 	: 	: 
A,B1G,I15,TR52	: 	: 	: 	: 	: 	: 	: 	: 	: 	: 	: 	: 	: 	: 	: 	: 	: 	: 	: 	: 	100 	: 	: 	: 	: 	: 	: 	: 	: 
A,B1G,I15,TR6	: 	: 	: 	: 	: 	: 	: 	: 	: 	: 	: 	: 	: 	: 	: 	: 	: 	: 	: 	: 	100 	: 	: 	: 	: 	: 	: 	: 	: 
A,B1G,I15,TR61	: 	: 	: 	: 	: 	: 	: 	: 	: 	: 	: 	: 	: 	: 	: 	: 	: 	: 	: 	: 	100 	: 	: 	: 	: 	: 	: 	: 	: 
A,B1G,I15,TR62	: 	: 	: 	: 	: 	: 	: 	: 	: 	: 	: 	: 	: 	: 	: 	: 	: 	: 	: 	: 	100 	: 	: 	: 	: 	: 	: 	: 	: 
A,B1G,I15,TR63	: 	: 	: 	: 	: 	: 	: 	: 	: 	: 	: 	: 	: 	: 	: 	: 	: 	: 	: 	: 	100 	: 	: 	: 	: 	: 	: 	: 	: 
A,B1G,I15,TR7	: 	: 	: 	: 	: 	: 	: 	: 	: 	: 	: 	: 	: 	: 	: 	: 	: 	: 	: 	: 	100 	: 	: 	: 	: 	: 	: 	: 	: 
A,B1G,I15,TR71	: 	: 	: 	: 	: 	: 	: 	: 	: 	: 	: 	: 	: 	: 	: 	: 	: 	: 	: 	: 	100 	: 	: 	: 	: 	: 	: 	: 	: 
A,B1G,I15,TR72	: 	: 	: 	: 	: 	: 	: 	: 	: 	: 	: 	: 	: 	: 	: 	: 	: 	: 	: 	: 	100 	: 	: 	: 	: 	: 	: 	: 	: 
A,B1G,I15,TR8	: 	: 	: 	: 	: 	: 	: 	: 	: 	: 	: 	: 	: 	: 	: 	: 	: 	: 	: 	: 	100 	: 	: 	: 	: 	: 	: 	: 	: 
A,B1G,I15,TR81	: 	: 	: 	: 	: 	: 	: 	: 	: 	: 	: 	: 	: 	: 	: 	: 	: 	: 	: 	: 	100 	: 	: 	: 	: 	: 	: 	: 	: 
A,B1G,I15,TR82	: 	: 	: 	: 	: 	: 	: 	: 	: 	: 	: 	: 	: 	: 	: 	: 	: 	: 	: 	: 	100 	: 	: 	: 	: 	: 	: 	: 	: 
A,B1G,I15,TR83	: 	: 	: 	: 	: 	: 	: 	: 	: 	: 	: 	: 	: 	: 	: 	: 	: 	: 	: 	: 	100 	: 	: 	: 	: 	: 	: 	: 	: 
A,B1G,I15,TR9	: 	: 	: 	: 	: 	: 	: 	: 	: 	: 	: 	: 	: 	: 	: 	: 	: 	: 	: 	: 	100 	: 	: 	: 	: 	: 	: 	: 	: 
A,B1G,I15,TR90	: 	: 	: 	: 	: 	: 	: 	: 	: 	: 	: 	: 	: 	: 	: 	: 	: 	: 	: 	: 	100 	: 	: 	: 	: 	: 	: 	: 	: 
A,B1G,I15,TRA	: 	: 	: 	: 	: 	: 	: 	: 	: 	: 	: 	: 	: 	: 	: 	: 	: 	: 	: 	: 	100 	: 	: 	: 	: 	: 	: 	: 	: 
A,B1G,I15,TRA1	: 	: 	: 	: 	: 	: 	: 	: 	: 	: 	: 	: 	: 	: 	: 	: 	: 	: 	: 	: 	100 	: 	: 	: 	: 	: 	: 	: 	: 
A,B1G,I15,TRA2	: 	: 	: 	: 	: 	: 	: 	: 	: 	: 	: 	: 	: 	: 	: 	: 	: 	: 	: 	: 	100 	: 	: 	: 	: 	: 	: 	: 	: 
A,B1G,I15,TRB	: 	: 	: 	: 	: 	: 	: 	: 	: 	: 	: 	: 	: 	: 	: 	: 	: 	: 	: 	: 	100 	: 	: 	: 	: 	: 	: 	: 	: 
A,B1G,I15,TRB1	: 	: 	: 	: 	: 	: 	: 	: 	: 	: 	: 	: 	: 	: 	: 	: 	: 	: 	: 	: 	100 	: 	: 	: 	: 	: 	: 	: 	: 
A,B1G,I15,TRB2	: 	: 	: 	: 	: 	: 	: 	: 	: 	: 	: 	: 	: 	: 	: 	: 	: 	: 	: 	: 	100 	: 	: 	: 	: 	: 	: 	: 	: 
A,B1G,I15,TRC	: 	: 	: 	: 	: 	: 	: 	: 	: 	: 	: 	: 	: 	: 	: 	: 	: 	: 	: 	: 	100 	: 	: 	: 	: 	: 	: 	: 	: 
A,B1G,I15,TRC1	: 	: 	: 	: 	: 	: 	: 	: 	: 	: 	: 	: 	: 	: 	: 	: 	: 	: 	: 	: 	100 	: 	: 	: 	: 	: 	: 	: 	: 
A,B1G,I15,TRC2	: 	: 	: 	: 	: 	: 	: 	: 	: 	: 	: 	: 	: 	: 	: 	: 	: 	: 	: 	: 	100 	: 	: 	: 	: 	: 	: 	: 	: 
A,B1G,I15,TRC3	: 	: 	: 	: 	: 	: 	: 	: 	: 	: 	: 	: 	: 	: 	: 	: 	: 	: 	: 	: 	100 	: 	: 	: 	: 	: 	: 	: 	: 
A,B1G,PCH_PRE,AL	: 	: 	: 	: 	: 	: 	: 	: 	: 	: 	: 	: 	: 	: 	3.7 e	3.7 e	3.2 e	1 e	1.1 e	2.1 e	2.3 e	3.2 e	3.8 e	4.1 e	2.4 e	-2.9 e	8.2 e	5.3 e	: 
A,B1G,PCH_PRE,AL0	: 	: 	: 	: 	: 	: 	: 	: 	: 	: 	: 	: 	: 	: 	3.7 e	3.7 e	3.2 e	1 e	1.1 e	2.1 e	2.3 e	3.2 e	3.8 e	4.1 e	2.4 e	-2.9 e	8.2 e	: 	: 
A,B1G,PCH_PRE,AL01	: 	: 	: 	: 	: 	: 	: 	: 	: 	: 	: 	: 	: 	: 	4.5 e	6.8 e	-0.3 e	1.7 e	-0.4 e	-0.8 e	4.3 e	3.7 e	2.4 e	2.6 e	2.4 e	-5.1 e	8 e	: 	: 
A,B1G,PCH_PRE,AL02	: 	: 	: 	: 	: 	: 	: 	: 	: 	: 	: 	: 	: 	: 	4.6 e	2.2 e	-0.3 e	0.6 e	1.7 e	3 e	4.9 e	3.1 e	7.1 e	5 e	2.5 e	-2.2 e	9.9 e	: 	: 
A,B1G,PCH_PRE,AL03	: 	: 	: 	: 	: 	: 	: 	: 	: 	: 	: 	: 	: 	: 	1.7 e	3.9 e	11.9 e	1.2 e	1.5 e	3.1 e	-3.1 e	2.9 e	-0.4 e	3.8 e	2.1 e	-2.5 e	5.3 e	: 	: 
A,B1G,PCH_PRE,AT	: 	: 	: 	: 	: 	: 	1.5 	1.4 	1.3 	2.7 	2.5 	3.5 	3.9 	1.7 	-4 	1.9 	3.3 	0.5 	-0.1 	0.7 	1.1 	2.1 	2.4 	2.7 	1.8 	-6.2 	4.4 	6.1 	-1.2 
A,B1G,PCH_PRE,AT1	: 	: 	: 	: 	: 	: 	0.7 	2 	0.4 	2.9 	2.2 	3.5 	3.7 	2 	-1.9 	1.4 	2.6 	-0.2 	-0.2 	0.1 	0.6 	2.5 	1.4 	2.8 	1.6 	-6.3 	4.7 	4.3 	0.6 
A,B1G,PCH_PRE,AT11	: 	: 	: 	: 	: 	: 	1.1 	2.1 	-0.8 	4.3 	0 	2.3 	3.6 	-0.8 	-0.5 	2.7 	3.1 	1.2 	1.2 	1.8 	2.8 	1 	3 	1.4 	0.9 	-5.7 	4.9 	4.6 	-1.4 
A,B1G,PCH_PRE,AT12	: 	: 	: 	: 	: 	: 	-1.1 	0 	1.2 	5.7 	2.1 	3.4 	4.6 	4 	-2.6 	0.2 	3.5 	-0.1 	-0.2 	1.4 	0.9 	2.5 	3.2 	2.4 	3 	-7.5 	4 	3.9 	-1.6 
A,B1G,PCH_PRE,AT13	: 	: 	: 	: 	: 	: 	1.7 	3.1 	0.1 	1.2 	2.4 	3.7 	3.1 	1 	-1.6 	2 	2 	-0.4 	-0.3 	-0.9 	0.2 	2.7 	0.1 	3.2 	0.8 	-5.6 	5 	4.4 	2.2 
A,B1G,PCH_PRE,AT2	: 	: 	: 	: 	: 	: 	1.5 	0.3 	2.1 	3.3 	0.9 	3.5 	4.6 	1.4 	-6.5 	1.7 	3.7 	0.7 	-1.7 	1.8 	0.1 	1.7 	3.8 	2 	1.9 	-6.3 	4.9 	5.9 	-1.4 
A,B1G,PCH_PRE,AT21	: 	: 	: 	: 	: 	: 	1 	1.2 	1.2 	2.9 	0.4 	3.4 	4.7 	1.6 	-6.6 	2.1 	3 	-0.6 	-1.2 	2.3 	-0.4 	0.2 	3.5 	3.4 	1.3 	-4.9 	4.6 	6.3 	-1.5 
A,B1G,PCH_PRE,AT22	: 	: 	: 	: 	: 	: 	1.7 	-0.1 	2.6 	3.5 	1.1 	3.5 	4.5 	1.3 	-6.5 	1.6 	3.9 	1.3 	-1.9 	1.5 	0.3 	2.4 	4 	1.5 	2.2 	-6.9 	5 	5.7 	-1.4 
A,B1G,PCH_PRE,AT3	: 	: 	: 	: 	: 	: 	2.5 	1.2 	1.9 	2.2 	3.6 	3.6 	3.8 	1.5 	-5.2 	2.5 	3.8 	1.1 	0.7 	1 	2.1 	1.8 	2.9 	3 	1.9 	-5.9 	3.8 	8.2 	-3.1 
A,B1G,PCH_PRE,AT31	: 	: 	: 	: 	: 	: 	3.4 	0.9 	2.4 	2 	3.8 	3.5 	4.1 	3 	-7.3 	2 	4.6 	0.6 	1.3 	1.2 	1.6 	1.6 	2.9 	3.5 	1.7 	-4.9 	6.2 	4.9 	-1.9 
A,B1G,PCH_PRE,AT32	: 	: 	: 	: 	: 	: 	1.2 	1.4 	2.1 	3.8 	2.2 	4 	4.7 	-0.3 	-4.1 	4.8 	3.2 	1.8 	-2 	0.1 	2.2 	2.6 	2.6 	2.4 	2.1 	-5.2 	3.3 	12 	-0.2 
A,B1G,PCH_PRE,AT33	: 	: 	: 	: 	: 	: 	2.6 	1.4 	1.6 	0.9 	4.9 	3.3 	2.3 	-0.3 	-2.5 	1.9 	2.7 	2.2 	0.8 	0.1 	2.9 	1.7 	2.7 	3.1 	1.9 	-8.4 	-1.3 	12.5 	-1 
A,B1G,PCH_PRE,AT34	: 	: 	: 	: 	: 	: 	1.3 	1.6 	0.7 	3.2 	2.7 	4.1 	3.9 	1.6 	-3.8 	2.4 	4.1 	-0.1 	2.8 	3.2 	2.3 	1.2 	3.2 	1.9 	2.3 	-5.4 	4.9 	7.3 	-14.2 
A,B1G,PCH_PRE,ATZ	: 	: 	: 	: 	: 	: 	-1 	0 	-3 	0 	2.9 	-2.9 	-2.9 	8.8 	1.8 	1.7 	-2.5 	-0.8 	-5 	-1.7 	2.6 	0 	-0.8 	1.6 	-1.6 	-2.3 	1.6 	2.3 	0 
A,B1G,PCH_PRE,ATZZ	: 	: 	: 	: 	: 	: 	-1 	0 	-3 	0 	2.9 	-2.9 	-2.9 	8.8 	1.8 	1.7 	-2.5 	-0.8 	-5 	-1.7 	2.6 	0 	-0.8 	1.6 	-1.6 	-2.3 	1.6 	2.3 	0 
A,B1G,PCH_PRE,BE	: 	: 	: 	: 	: 	: 	1.5 e	1.6 e	1.1 e	3.2 	2.4 	2.5 	3.7 	0.8 	-2 b	2.9 p	2 p	0.8 p	0.4 p	1.7 p	2.2 p	0.9 p	1.6 p	1.8 p	2.3 p	-3.8 b	5.7 	4.5 	1.1 p
A,B1G,PCH_PRE,BE1	: 	: 	: 	: 	: 	: 	3 e	2.4 e	-0.7 e	2.2 	1.6 	3.1 	2.1 	0.3 	-2.2 b	2.1 p	0.7 p	1.4 p	-0.3 p	0.6 p	1.1 p	-0.8 p	1.1 p	1.1 p	2.6 p	-3.8 b	4.1 	1.7 	0.5 p
A,B1G,PCH_PRE,BE10	: 	: 	: 	: 	: 	: 	3 e	2.4 e	-0.7 e	2.2 	1.6 	3.1 	2.1 	0.3 	-2.2 b	2.1 p	0.7 p	1.4 p	-0.3 p	0.6 p	1.1 p	-0.8 p	1.1 p	1.1 p	2.6 p	-3.8 b	4.1 	1.7 	0.5 p
A,B1G,PCH_PRE,BE2	: 	: 	: 	: 	: 	: 	1.3 e	1.7 e	1.6 e	3.2 	2.8 	2.8 	4.4 	0.6 	-1.8 b	2.6 p	2.7 p	0.8 p	0.7 p	2.1 p	2.9 p	1.4 p	1.7 p	1.5 p	2.1 p	-4 b	7.2 	5.5 	1.3 p
A,B1G,PCH_PRE,BE21	: 	: 	: 	: 	: 	: 	-0.1 e	2.9 e	1.1 e	4 	4.6 	0.8 	4.5 	1.1 	-2.2 b	2.7 p	3.7 p	0.4 p	0.7 p	2.1 p	3.4 p	1.3 p	1.2 p	1.7 p	2.5 p	-3.2 b	5.2 	6.1 	0.8 p
A,B1G,PCH_PRE,BE22	: 	: 	: 	: 	: 	: 	1.8 e	1.7 e	1.8 e	1.4 	0.6 	3.7 	4.3 	2.1 	-6.1 b	3.9 p	3.6 p	0.4 p	0.4 p	3.3 p	0.6 p	1.4 p	2.1 p	1.7 p	1.1 p	-4.6 b	6.2 	4 	0.7 p
A,B1G,PCH_PRE,BE23	: 	: 	: 	: 	: 	: 	1.4 e	2.8 e	2 e	3.1 	1.6 	3.2 	4.9 	-0.3 	-0.3 b	2.5 p	2.2 p	0.2 p	0.7 p	2.1 p	4.1 p	1.4 p	2.4 p	0.8 p	1.9 p	-3.2 b	8.2 	4.8 	0.3 p
A,B1G,PCH_PRE,BE24	: 	: 	: 	: 	: 	: 	3.8 e	-0.8 e	2.4 e	3.2 	2.8 	4.2 	3.9 	1.1 	0.8 b	1.4 p	1.9 p	2.1 p	0.7 p	1.4 p	3 p	1.8 p	1.5 p	2.2 p	2.3 p	-5.8 b	11 	8.4 	2.9 p
A,B1G,PCH_PRE,BE25	: 	: 	: 	: 	: 	: 	1.2 e	1.1 e	1.3 e	3.1 	2 	4.3 	4.3 	-0.7 	-2.8 b	3 p	2.1 p	1 p	1.1 p	2.5 p	1.9 p	1.4 p	1.6 p	1.3 p	2.1 p	-4.2 b	6.5 	3.3 	1.9 p
A,B1G,PCH_PRE,BE3	: 	: 	: 	: 	: 	: 	0.8 e	0.8 e	1.5 e	4 	2.4 	1 	3.4 	1.6 	-2.3 b	4.2 p	1.2 p	0.3 p	0.2 p	1.5 p	1.4 p	1.2 p	1.7 p	3 p	2.6 p	-3.4 b	3.1 	4.1 	1.2 p
A,B1G,PCH_PRE,BE31	: 	: 	: 	: 	: 	: 	3.2 e	3.3 e	0.4 e	6.5 	5.7 	-1.7 	7 	1.6 	0.6 b	11.3 p	-6.3 p	3.1 p	3.9 p	4.8 p	1.6 p	4.1 p	3.2 p	8.5 p	9.6 p	-3.8 b	-6.1 	8 	3.7 p
A,B1G,PCH_PRE,BE32	: 	: 	: 	: 	: 	: 	0.3 e	-0.3 e	2.8 e	4.6 	1.2 	0.7 	3 	2.1 	-4.5 b	3.2 p	2.8 p	-0.5 p	-0.6 p	1.3 p	1.4 p	0.4 p	1 p	2.3 p	0.2 p	-4.5 b	5 	2.8 	0 p
A,B1G,PCH_PRE,BE33	: 	: 	: 	: 	: 	: 	0.4 e	0.3 e	0.6 e	3.1 	2 	1.5 	3.3 	1.2 	-1.9 b	2.1 p	3.1 p	0.5 p	-0.3 p	0 p	1.3 p	0.5 p	1.8 p	1.4 p	1.6 p	-2.2 b	5.2 	3.1 	0.8 p
A,B1G,PCH_PRE,BE34	: 	: 	: 	: 	: 	: 	-1.1 e	2.1 e	0.4 e	1.7 	3.5 	3.4 	1.7 	-0.6 	-1.6 b	2.6 p	2.5 p	-1.2 p	-0.1 p	0.6 p	2.4 p	0.3 p	2 p	1.3 p	1.9 p	-2.3 b	6.8 	3.7 	-0.1 p
A,B1G,PCH_PRE,BE35	: 	: 	: 	: 	: 	: 	1.2 e	1.4 e	2 e	2.9 	2.3 	2.4 	1.8 	2.7 	-1.6 b	3.7 p	1.8 p	-0.3 p	-0.8 p	1.5 p	1.2 p	1.4 p	1.2 p	1.5 p	1.3 p	-3.3 b	6.2 	4.3 	2.4 p
A,B1G,PCH_PRE,BEZ	: 	: 	: 	: 	: 	: 	0.7 e	-6.2 e	-16.6 e	-29.4 	-18.9 	-5.4 	-1.3 	1.4 	1.4 b	19.3 p	-2.1 p	3.1 p	-3.1 p	1.3 p	-2.9 p	-31 p	3.1 p	29.6 p	9.2 p	-38.2 b	1.4 	2.1 	1.2 p
A,B1G,PCH_PRE,BEZZ	: 	: 	: 	: 	: 	: 	0.7 e	-6.2 e	-16.6 e	-29.4 	-18.9 	-5.4 	-1.3 	1.4 	1.4 b	19.3 p	-2.1 p	3.1 p	-3.1 p	1.3 p	-2.9 p	-31 p	3.1 p	29.6 p	9.2 p	-38.2 b	1.4 	2.1 	1.2 p
A,B1G,PCH_PRE,BG	: 	: 	: 	: 	: 	: 	4.1 	7.6 	4.2 	4.9 	6.5 	7.1 	6.5 	6.2 	-0.9 	1.8 	1.9 	0.3 	-1.6 	1 	2.9 	2.6 	3.3 	3.3 	3.4 	-3.1 	8.1 	5.5 	1.3 
A,B1G,PCH_PRE,BG3	: 	: 	: 	: 	: 	: 	0.3 	5.2 	1.7 	2.3 	5.7 	1.8 	1.7 	5 	-3.1 	0 	0.6 	2 	-0.9 	2.3 	0.2 	3.5 	2.9 	3.9 	-1.7 	-5.7 	6.9 	2.5 	0.6 
A,B1G,PCH_PRE,BG31	: 	: 	: 	: 	: 	: 	2.3 	2.7 	-1.6 	-1 	3.4 	-1.8 	1.1 	2 	-4.1 	-3 	-0.8 	-2.4 	-2 	3.2 	-3.2 	1.9 	5.2 	10.6 	-3.9 	0.9 	5.9 	-0.7 	2.9 
A,B1G,PCH_PRE,BG32	: 	: 	: 	: 	: 	: 	5.8 	10.4 	-3.4 	0.9 	5.4 	1.2 	2 	2.8 	-3 	-0.9 	0.8 	2.4 	-0.3 	2.3 	-2 	1.3 	2.8 	3 	0.5 	-4.4 	6.2 	7.5 	5.1 
A,B1G,PCH_PRE,BG33	: 	: 	: 	: 	: 	: 	0.6 	6.9 	3.7 	3.9 	5.9 	7.7 	4.7 	6.3 	-5.2 	1.5 	2.1 	2 	-0.4 	1.7 	-0.1 	0.6 	2.7 	4 	0.7 	-6.3 	4.8 	6.5 	3.2 
A,B1G,PCH_PRE,BG34	: 	: 	: 	: 	: 	: 	-5.4 	2 	6.9 	4.6 	7.3 	-0.2 	-0.8 	7.2 	-0.7 	1 	0.1 	4.3 	-1 	2.4 	3.8 	8.4 	2.1 	0.8 	-3.9 	-9.7 	10 	-2.4 	-4.9 
A,B1G,PCH_PRE,BG4	: 	: 	: 	: 	: 	: 	7.8 	9.7 	6.3 	7 	7.1 	11.3 	10 	6.9 	0.6 	3 	2.7 	-0.8 	-2.1 	0.1 	4.7 	2 	3.5 	3 	6.5 	-1.8 	8.8 	7.1 	1.7 
A,B1G,PCH_PRE,BG41	: 	: 	: 	: 	: 	: 	9.2 	11.9 	5.9 	7.4 	7.6 	13.8 	12.9 	8.4 	1.1 	3.4 	3.5 	-1.7 	-2.4 	0.5 	4.1 	2.1 	3.8 	2.5 	7.7 	-1.8 	9.5 	5.9 	3 
A,B1G,PCH_PRE,BG42	: 	: 	: 	: 	: 	: 	4.4 	4.7 	7.1 	5.9 	5.8 	4.8 	1.8 	2.6 	-0.8 	1.9 	-0.1 	2.3 	-1.3 	-1.1 	6.6 	1.6 	2.5 	4.5 	2.5 	-1.7 	6.2 	11.9 	-2.8 
A,B1G,PCH_PRE,CY	: 	1.2 	2.6 	6.1 	5 	6 	4 	3.7 	2.6 	5 	4.9 	4.7 	5.1 	3.6 	-2 	2.3 	0.4 	-3.4 	-6.6 	-1.8 	3.3 	6.6 	5.8 	6.4 	6.1 	-3.1 	11.4 	7.4 	2.6 p
A,B1G,PCH_PRE,CY0	: 	1.2 	2.6 	6.1 	5 	6 	4 	3.7 	2.6 	5 	4.9 	4.7 	5.1 	3.6 	-2 	2.3 	0.4 	-3.4 	-6.6 	-1.8 	3.3 	6.6 	5.8 	6.4 	6.1 	-3.1 	11.4 	7.4 	2.6 p
A,B1G,PCH_PRE,CY00	: 	1.2 	2.6 	6.1 	5 	6 	4 	3.7 	2.6 	5 	4.9 	4.7 	5.1 	3.6 	-2 	2.3 	0.4 	-3.4 	-6.6 	-1.8 	3.3 	6.6 	5.8 	6.4 	6.1 	-3.1 	11.4 	7.4 	2.6 p
A,B1G,PCH_PRE,CZ	: 	3.8 	-1.3 	-0.4 	1.4 	4.3 	2.9 	2 	2.7 	4.8 	6.5 	7.1 	5.2 	3.5 	-5.4 	3.3 	1.8 	-0.8 	0 	2.8 	4.3 	2.5 	5.2 	3 	3.6 	-5.1 	3.9 	2.9 	0.5 
A,B1G,PCH_PRE,CZ0	: 	3.8 	-1.3 	-0.4 	1.4 	4.3 	2.9 	2 	2.7 	4.8 	6.5 	7.1 	5.2 	3.5 	-5.4 	3.3 	1.8 	-0.8 	0 	2.8 	4.3 	2.5 	5.2 	3 	3.6 	-5.1 	3.9 	2.9 	0.5 
A,B1G,PCH_PRE,CZ01	: 	5.8 	2.4 	3.6 	3.9 	5.4 	5.3 	3.9 	4.8 	6.9 	7.4 	5.2 	10.1 	2.3 	-6.4 	4.3 	-1.5 	0.1 	2 	4.5 	5 	2.8 	4.6 	4.9 	3.7 	-4.6 	6.3 	3.9 	-1.8 
A,B1G,PCH_PRE,CZ02	: 	2.5 	-0.8 	3.9 	4.9 	5.7 	3.1 	6.2 	0.3 	5.8 	5.3 	14.2 	10.4 	5.4 	-7 	2.1 	7.2 	-0.8 	-2.5 	2.7 	5.1 	5.4 	7.3 	2.6 	8 	-8.2 	3.2 	5.9 	2 
A,B1G,PCH_PRE,CZ03	: 	4.6 	-2.5 	-1.5 	0.8 	4.5 	1.9 	0.5 	2.2 	7 	5.9 	6.9 	-4.6 	4.4 	-3.2 	4.1 	1.3 	-2 	0.6 	2.1 	3.4 	1.9 	6.3 	2.4 	2.5 	-4.8 	3.1 	1.9 	1.4 
A,B1G,PCH_PRE,CZ04	: 	1 	-4.5 	-2.6 	-1 	2.2 	-0.4 	1.1 	4.1 	-0.5 	4.7 	7.6 	0.6 	2 	-0.2 	-3.2 	-1.9 	0.4 	-1.5 	0.7 	4.9 	-0.4 	2.2 	-0.5 	3.9 	-7.2 	2 	2.2 	-0.8 
A,B1G,PCH_PRE,CZ05	: 	2.2 	0 	-1.2 	1.1 	4.6 	1.8 	0.5 	-0.1 	4.6 	7.2 	7.1 	4.1 	2.9 	-5 	4.5 	3.2 	-3.7 	0.3 	2.6 	4.6 	3.3 	7.5 	2.6 	3.1 	-3.6 	0.6 	3.1 	3.2 
A,B1G,PCH_PRE,CZ06	: 	3.9 	-2.9 	-0.7 	0.7 	4.3 	3.9 	0.8 	3 	4.1 	6 	6 	6.7 	3.9 	-5.8 	3.5 	3 	-0.1 	1.4 	1.1 	4.3 	1 	4.5 	3.3 	3.6 	-2.4 	4.3 	0.9 	1.4 
A,B1G,PCH_PRE,CZ07	: 	3.9 	-0.9 	-3.7 	0.3 	4 	2.3 	-0.3 	3.3 	4.9 	5.5 	6.8 	2.5 	8 	-5 	4.3 	3 	-1.8 	-0.3 	3.8 	3.9 	2.7 	5.8 	1.7 	3.9 	-4.6 	2.8 	1.3 	1.6 
A,B1G,PCH_PRE,CZ08	: 	5.2 	-4.2 	-4.1 	-2 	1.6 	2.5 	0.8 	1.9 	1.5 	8.9 	6.2 	3.1 	1.1 	-8.1 	4.1 	3.5 	0 	-4.1 	3.1 	2.4 	2.8 	3.1 	2.7 	-0.9 	-7.3 	5.2 	2.4 	-0.8 
A,B1G,PCH_PRE,DE	: 	: 	: 	: 	: 	: 	2 e	0.1 e	-0.6 e	1.6 e	0.7 e	3.9 e	3.5 e	1.1 e	-6.2 e	4.4 e	3.9 e	0.5 e	0.5 e	2.3 e	1.2 e	2.3 e	2.8 e	0.9 e	0.8 e	-4.3 b	3.8 p	1.7 p	0.3 p
A,B1G,PCH_PRE,DE1	: 	: 	: 	: 	: 	: 	3.6 e	-0.6 e	-0.1 e	0.7 e	0.5 e	6.4 e	4.2 e	0.5 e	-10.3 e	8 e	5.2 e	0.8 e	0.8 e	2.2 e	2.2 e	1.1 e	3.7 e	2.1 e	-0.6 e	-5.3 b	4.4 p	2.1 p	0.2 p
A,B1G,PCH_PRE,DE11	: 	: 	: 	: 	: 	: 	4.8 e	-1.4 e	0.4 e	-0.4 e	-0.8 e	7.8 e	5.1 e	-1.5 e	-11.9 e	10.2 e	5.7 e	1.7 e	0.9 e	2 e	3.7 e	0.1 e	4.5 e	2.6 e	-2.8 e	-5.5 b	4.8 p	2.3 p	0.1 e
A,B1G,PCH_PRE,DE12	: 	: 	: 	: 	: 	: 	3.2 e	0.4 e	-0.9 e	1 e	1.6 e	5.5 e	3.4 e	1.8 e	-8.6 e	5.6 e	3.9 e	0 e	0.1 e	2.2 e	1.4 e	1 e	3.5 e	1.3 e	0.6 e	-5.6 b	4 p	2.9 p	0.1 e
A,B1G,PCH_PRE,DE13	: 	: 	: 	: 	: 	: 	1.8 e	-0.4 e	-0.3 e	1.6 e	1 e	5.7 e	3 e	1.9 e	-9 e	6 e	5.2 e	0.3 e	1.1 e	3 e	0.6 e	1.4 e	2.8 e	1.8 e	1.2 e	-4.9 b	3.9 p	1.5 p	0.3 e
A,B1G,PCH_PRE,DE14	: 	: 	: 	: 	: 	: 	2.8 e	-0.3 e	0.1 e	2.7 e	1.5 e	5.2 e	4.5 e	2.3 e	-10.7 e	8.3 e	5.9 e	0.3 e	1.1 e	2 e	1.6 e	3.4 e	3 e	1.9 e	1.6 e	-4.3 b	4.5 p	1.2 p	0.3 e
A,B1G,PCH_PRE,DE2	: 	: 	: 	: 	: 	: 	3.2 e	1.1 e	-1.4 e	2.6 e	1.2 e	4 e	3.7 e	0.2 e	-4.8 e	5.2 e	6 e	1.1 e	1.3 e	2.5 e	1.5 e	2.5 e	3.8 e	0.3 e	1.5 e	-4.4 b	4.5 p	2.1 p	1 p
A,B1G,PCH_PRE,DE21	: 	: 	: 	: 	: 	: 	4.2 e	0.6 e	-1.7 e	2.6 e	1.5 e	4.2 e	4.6 e	-1.1 e	-4.2 e	4.8 e	6.8 e	1.6 e	2.3 e	2.2 e	2.3 e	2.7 e	4 e	-0.1 e	2.6 e	-5 b	5.8 p	3 p	1 e
A,B1G,PCH_PRE,DE22	: 	: 	: 	: 	: 	: 	5.3 e	1.3 e	-1.1 e	3.8 e	1 e	2.7 e	4.1 e	0.1 e	-4.6 e	8.5 e	5.6 e	-1.6 e	1 e	4.5 e	0.2 e	2.2 e	4.2 e	-1 e	1 e	-2.5 b	4 p	3 p	0.3 e
A,B1G,PCH_PRE,DE23	: 	: 	: 	: 	: 	: 	0.3 e	2.6 e	-0.6 e	2 e	2.3 e	3.4 e	5.3 e	2 e	-6.2 e	7 e	5.4 e	0.5 e	0.6 e	4.3 e	0.4 e	1.7 e	4.9 e	0.2 e	0.5 e	-3.4 b	4.7 p	1.9 p	1.1 e
A,B1G,PCH_PRE,DE24	: 	: 	: 	: 	: 	: 	3.4 e	-1.5 e	-2.4 e	2.1 e	0 e	5.2 e	1.9 e	0 e	-3 e	4.6 e	4.5 e	0.6 e	0.2 e	1.4 e	2.3 e	2.2 e	3.8 e	0.1 e	0 e	-4 b	4.2 p	0 p	1 e
A,B1G,PCH_PRE,DE25	: 	: 	: 	: 	: 	: 	-0.3 e	2.2 e	-1.1 e	4 e	-1.1 e	3.7 e	3.4 e	2.5 e	-4.7 e	3.8 e	5.4 e	2 e	0.8 e	2.2 e	0.9 e	2.8 e	3.7 e	1.5 e	0.9 e	-4.5 b	3.9 p	0.9 p	1 e
A,B1G,PCH_PRE,DE26	: 	: 	: 	: 	: 	: 	4 e	0.7 e	0 e	1.5 e	2.9 e	3 e	3.1 e	-0.3 e	-6.7 e	5.7 e	6.2 e	0 e	-0.3 e	1.6 e	0.1 e	2.5 e	3 e	0.2 e	0.1 e	-5 b	3.4 p	0.9 p	1 e
A,B1G,PCH_PRE,DE27	: 	: 	: 	: 	: 	: 	3.3 e	2.4 e	-1.7 e	1.8 e	2 e	4.6 e	1.4 e	1.9 e	-5.6 e	5.2 e	5.4 e	1.9 e	0.4 e	2.7 e	1.3 e	2.5 e	2.6 e	1.4 e	0.8 e	-3.9 b	1.6 p	1 p	1 e
A,B1G,PCH_PRE,DE3	: 	: 	: 	: 	: 	: 	0.1 e	-1.8 e	-2.3 e	-0.7 e	1.8 e	3.4 e	3.5 e	3.9 e	-1.7 e	3.1 e	3.8 e	-0.1 e	0.4 e	2.7 e	3.3 e	5.2 e	4.4 e	3.8 e	3 e	-3.2 b	4.4 p	4.7 p	2.1 p
A,B1G,PCH_PRE,DE30	: 	: 	: 	: 	: 	: 	0.1 e	-1.8 e	-2.3 e	-0.7 e	1.8 e	3.4 e	3.5 e	3.9 e	-1.7 e	3.1 e	3.8 e	-0.1 e	0.4 e	2.7 e	3.3 e	5.2 e	4.4 e	3.8 e	3 e	-3.2 b	4.4 p	4.7 p	2.1 p
A,B1G,PCH_PRE,DE4	: 	: 	: 	: 	: 	: 	0.6 e	0.3 e	0.1 e	2.1 e	0.7 e	3.6 e	2 e	2 e	-3.4 e	3.1 e	0.9 e	1.3 e	0.5 e	3.8 e	0.6 e	2.1 e	2.7 e	0.6 e	1.6 e	-2.6 b	2 p	2.4 p	2.8 p
A,B1G,PCH_PRE,DE40	: 	: 	: 	: 	: 	: 	0.6 e	0.3 e	0.1 e	2.1 e	0.7 e	3.6 e	2 e	2 e	-3.4 e	3.1 e	0.9 e	1.3 e	0.5 e	3.8 e	0.6 e	2.1 e	2.7 e	0.6 e	1.6 e	-2.6 b	2 p	2.4 p	2.8 p
A,B1G,PCH_PRE,DE5	: 	: 	: 	: 	: 	: 	2.2 e	1.7 e	1 e	0.4 e	1.1 e	4.6 e	1.8 e	0.1 e	-10 e	5.2 e	2 e	3.1 e	-0.9 e	1.2 e	0.1 e	1.9 e	1.5 e	-0.3 e	-1.6 e	-5.3 b	5.4 p	2.2 p	-0.1 p
A,B1G,PCH_PRE,DE50	: 	: 	: 	: 	: 	: 	2.2 e	1.7 e	1 e	0.4 e	1.1 e	4.6 e	1.8 e	0.1 e	-10 e	5.2 e	2 e	3.1 e	-0.9 e	1.2 e	0.1 e	1.9 e	1.5 e	-0.3 e	-1.6 e	-5.3 b	5.4 p	2.2 p	-0.1 p
A,B1G,PCH_PRE,DE6	: 	: 	: 	: 	: 	: 	5.8 e	0.7 e	-2.2 e	1.1 e	1.5 e	1.8 e	2.8 e	4 e	-4.7 e	0.8 e	0.5 e	0.6 e	3 e	-0.3 e	1.7 e	2.2 e	1.9 e	0 e	3 e	-5.2 b	2.8 p	5 p	-0.6 p
A,B1G,PCH_PRE,DE60	: 	: 	: 	: 	: 	: 	5.8 e	0.7 e	-2.2 e	1.1 e	1.5 e	1.8 e	2.8 e	4 e	-4.7 e	0.8 e	0.5 e	0.6 e	3 e	-0.3 e	1.7 e	2.2 e	1.9 e	0 e	3 e	-5.2 b	2.8 p	5 p	-0.6 p
A,B1G,PCH_PRE,DE7	: 	: 	: 	: 	: 	: 	2.7 e	-1.3 e	0.5 e	0.5 e	0.3 e	3.2 e	3 e	0.7 e	-7.7 e	3.2 e	3.5 e	-0.8 e	0.5 e	1.7 e	0.2 e	2.7 e	2.3 e	0.5 e	1.3 e	-5.4 b	4.8 p	1 p	1.7 p
A,B1G,PCH_PRE,DE71	: 	: 	: 	: 	: 	: 	3.1 e	-2 e	0.2 e	0.2 e	0.3 e	3.3 e	3 e	0.7 e	-7.6 e	3.1 e	3.7 e	-0.8 e	0.7 e	1.8 e	0.1 e	2.6 e	2.3 e	0.5 e	1.2 e	-5.2 b	5 p	0.5 p	1.8 e
A,B1G,PCH_PRE,DE72	: 	: 	: 	: 	: 	: 	1.6 e	-0.3 e	0.1 e	2.8 e	1.1 e	2.9 e	3.6 e	1.9 e	-10.3 e	3.2 e	3.5 e	-1 e	-0.6 e	2.5 e	-0.2 e	2.5 e	3.4 e	1.3 e	1.3 e	-4.2 b	4.7 p	-0.5 p	1.5 e
A,B1G,PCH_PRE,DE73	: 	: 	: 	: 	: 	: 	1.7 e	0.7 e	2.3 e	0 e	-0.5 e	3.4 e	2.6 e	-0.3 e	-6.4 e	3.8 e	3 e	-0.4 e	0.6 e	0.9 e	1 e	3.4 e	1.2 e	-0.1 e	1.7 e	-7 b	4.1 p	4.6 p	1.6 e
A,B1G,PCH_PRE,DE8	: 	: 	: 	: 	: 	: 	-0.6 e	0.6 e	-0.2 e	1.1 e	-0.5 e	2.1 e	4 e	1 e	-1.7 e	1.2 e	2.3 e	-0.4 e	0.3 e	3.1 e	0 e	1.4 e	4.4 e	-1.9 e	4.2 e	-4.1 b	2 p	3.5 p	3.9 p
A,B1G,PCH_PRE,DE80	: 	: 	: 	: 	: 	: 	-0.6 e	0.6 e	-0.2 e	1.1 e	-0.5 e	2.2 e	4 e	1 e	-1.7 e	1.2 e	2.3 e	-0.4 e	0.3 e	3.1 e	0 e	1.4 e	4.4 e	-1.9 e	4.2 e	-4.1 b	2 p	3.5 p	3.9 p
A,B1G,PCH_PRE,DE9	: 	: 	: 	: 	: 	: 	0.1 e	-1.3 e	-0.3 e	2.1 e	1.9 e	4.1 e	3.4 e	1.8 e	-6 e	5.7 e	4.6 e	0.7 e	-0.8 e	3 e	-0.8 e	6.1 e	1 e	1.2 e	1.9 e	-4.5 b	2 p	1 p	0.8 p
A,B1G,PCH_PRE,DE91	: 	: 	: 	: 	: 	: 	1.1 e	-4 e	0.5 e	1.9 e	3.3 e	3.3 e	5 e	1.3 e	-9.2 e	10.1 e	7 e	-0.9 e	-0.7 e	3.9 e	-5.5 e	15.9 e	-1.5 e	3.6 e	2.6 e	-9.3 b	-2.1 p	-0.1 p	1.3 e
A,B1G,PCH_PRE,DE92	: 	: 	: 	: 	: 	: 	-0.6 e	0.2 e	-1.4 e	0.2 e	3.5 e	4.4 e	1.3 e	2.2 e	-5.2 e	3.8 e	4 e	0.2 e	-1.9 e	2.3 e	0.1 e	4 e	1 e	0.8 e	1.4 e	-4.3 b	3.8 p	-0.8 p	0.8 e
A,B1G,PCH_PRE,DE93	: 	: 	: 	: 	: 	: 	-0.8 e	0.1 e	0 e	2.3 e	0.1 e	3.6 e	3.7 e	1 e	-4.2 e	2.7 e	3.9 e	2.6 e	0.4 e	3.3 e	0.8 e	0.8 e	2 e	1.1 e	2.2 e	-1.5 b	3.1 p	1.6 p	0.6 e
A,B1G,PCH_PRE,DE94	: 	: 	: 	: 	: 	: 	0.4 e	-1.4 e	0 e	4.2 e	0.2 e	4.9 e	4 e	2.4 e	-5 e	5.5 e	3.7 e	1.4 e	-0.7 e	2.6 e	1.3 e	3.1 e	2.7 e	-0.5 e	1.6 e	-2 b	3.1 p	3 p	0.7 e
A,B1G,PCH_PRE,DEA	: 	: 	: 	: 	: 	: 	1.5 e	0.4 e	-1.2 e	1.8 e	0.3 e	3 e	4.1 e	1.3 e	-5.9 e	2.6 e	2.8 e	-0.3 e	0.2 e	2 e	1.2 e	1.2 e	2.6 e	1.2 e	-0.2 e	-3.6 b	2.9 p	0.5 p	-0.4 p
A,B1G,PCH_PRE,DEA1	: 	: 	: 	: 	: 	: 	2.8 e	-0.4 e	-0.5 e	1.9 e	0.2 e	1.8 e	4.9 e	2.9 e	-6.6 e	1.2 e	2.3 e	-1.1 e	-0.1 e	1.8 e	0.5 e	0.9 e	2.9 e	1.3 e	-0.7 e	-3.7 b	2.9 p	-0.1 p	-0.5 e
A,B1G,PCH_PRE,DEA2	: 	: 	: 	: 	: 	: 	1.6 e	2.9 e	-3.5 e	1.4 e	-0.8 e	4.3 e	4.2 e	-0.6 e	-3.7 e	2.3 e	2.4 e	0.4 e	1.6 e	2.3 e	3 e	1 e	2.8 e	1.6 e	-1.1 e	-4.6 b	3.1 p	1.1 p	-0.2 e
A,B1G,PCH_PRE,DEA3	: 	: 	: 	: 	: 	: 	1.7 e	-0.5 e	0 e	3.3 e	0.8 e	3.5 e	3.6 e	1.8 e	-6.8 e	4.2 e	2.8 e	0 e	-1.7 e	0.9 e	1.2 e	2.3 e	3 e	0.2 e	1.2 e	-1.8 b	2.3 p	0.8 p	-0.3 e
A,B1G,PCH_PRE,DEA4	: 	: 	: 	: 	: 	: 	0.3 e	-0.6 e	-0.7 e	1.1 e	1.7 e	3 e	4.5 e	0 e	-6.2 e	2.9 e	4.6 e	0.7 e	1 e	3 e	0 e	2.2 e	1.5 e	1.2 e	1.2 e	-2.1 b	1.4 p	0.2 p	-0.4 e
A,B1G,PCH_PRE,DEA5	: 	: 	: 	: 	: 	: 	-0.1 e	-0.3 e	-0.3 e	1.6 e	1.2 e	2.6 e	2.8 e	1.5 e	-7.2 e	4.4 e	3.2 e	-0.7 e	-0.4 e	2.2 e	0.4 e	0.9 e	2.2 e	1.3 e	0 e	-4.4 b	3.7 p	0.8 p	-0.5 e
A,B1G,PCH_PRE,DEB	: 	: 	: 	: 	: 	: 	-1.2 e	1.2 e	-0.3 e	2.9 e	-0.2 e	3.7 e	3 e	0.4 e	-5.6 e	5.5 e	3 e	1.4 e	0 e	2.1 e	2.2 e	1.1 e	1.5 e	0.2 e	0.3 e	-4.1 b	11.1 p	0.3 p	-4.5 p
A,B1G,PCH_PRE,DEB1	: 	: 	: 	: 	: 	: 	-1.2 e	1.4 e	-0.5 e	2.4 e	0.1 e	3.5 e	1.7 e	0.2 e	-6.2 e	4.1 e	3 e	0.7 e	0.2 e	2.9 e	1.1 e	0.9 e	3.3 e	0.5 e	0.9 e	-3.2 b	2.7 p	1.9 p	-1.7 e
A,B1G,PCH_PRE,DEB2	: 	: 	: 	: 	: 	: 	-0.3 e	2.3 e	1.8 e	2.6 e	-0.4 e	2.5 e	2.7 e	1.5 e	-5.4 e	3.7 e	4.2 e	0.6 e	1.3 e	1.2 e	1.7 e	2.1 e	0.3 e	0.5 e	0.4 e	-3.2 b	0.6 p	2.6 p	-1.6 e
A,B1G,PCH_PRE,DEB3	: 	: 	: 	: 	: 	: 	-1.3 e	0.8 e	-0.6 e	3.3 e	-0.4 e	4.1 e	3.9 e	0.3 e	-5.2 e	6.8 e	2.7 e	2 e	-0.5 e	1.8 e	3 e	1.1 e	0.6 e	-0.1 e	0 e	-5 b	19 p	-1.1 p	-6.7 e
A,B1G,PCH_PRE,DEC	: 	: 	: 	: 	: 	: 	2.3 e	-1.3 e	-0.2 e	3.6 e	3.5 e	3.2 e	2.5 e	0.3 e	-11 e	5.3 e	4.6 e	-1.4 e	-2.4 e	3.2 e	0 e	-0.5 e	2 e	-0.6 e	-2.2 e	-5.4 b	3.3 p	0.7 p	0.1 p
A,B1G,PCH_PRE,DEC0	: 	: 	: 	: 	: 	: 	2.3 e	-1.3 e	-0.2 e	3.6 e	3.5 e	3.2 e	2.5 e	0.3 e	-11 e	5.3 e	4.6 e	-1.4 e	-2.4 e	3.2 e	0 e	-0.5 e	2 e	-0.6 e	-2.2 e	-5.4 b	3.3 p	0.7 p	0.1 p
A,B1G,PCH_PRE,DED	: 	: 	: 	: 	: 	: 	1.8 e	2.3 e	1.2 e	2.3 e	-0.5 e	4.6 e	3.4 e	-0.1 e	-4.6 e	3.5 e	3.5 e	0.7 e	0.2 e	3.3 e	1.9 e	1.8 e	2.4 e	0.6 e	1.3 e	-4.1 b	2.8 p	2.2 p	0.1 p
A,B1G,PCH_PRE,DED2	: 	: 	: 	: 	: 	: 	2.8 e	3.2 e	2.3 e	3 e	-0.7 e	3 e	3.5 e	-1.1 e	-4.3 e	2.7 e	2.4 e	0.3 e	1 e	2.9 e	3.5 e	1.2 e	2.2 e	1.3 e	1.1 e	-3.8 b	2.2 p	3 p	-0.1 e
A,B1G,PCH_PRE,DED4	: 	: 	: 	: 	: 	: 	0.8 e	1.5 e	0.7 e	2.2 e	-0.4 e	5.2 e	3.1 e	-0.2 e	-6.5 e	4.5 e	3.3 e	-0.5 e	-1.5 e	3.1 e	0.7 e	1.8 e	1.8 e	-0.1 e	0.2 e	-5.2 b	3.1 p	1.6 p	0.3 e
A,B1G,PCH_PRE,DED5	: 	: 	: 	: 	: 	: 	1.7 e	1.9 e	0.3 e	1.3 e	-0.3 e	6.2 e	3.6 e	1.5 e	-2.5 e	3.3 e	5.4 e	2.7 e	1.5 e	4.1 e	1.2 e	2.8 e	3.4 e	0.7 e	2.9 e	-3.1 b	3.4 p	1.6 p	0.2 e
A,B1G,PCH_PRE,DEE	: 	: 	: 	: 	: 	: 	-0.4 e	2.6 e	-0.2 e	1.5 e	-0.6 e	3.7 e	2.7 e	0.4 e	-6 e	4.7 e	-0.5 e	2.7 e	-0.6 e	1.1 e	0.1 e	1.6 e	1.2 e	-0.3 e	1.5 e	-2.8 b	1.8 p	2.1 p	-0.8 p
A,B1G,PCH_PRE,DEE0	: 	: 	: 	: 	: 	: 	-0.4 e	2.6 e	-0.2 e	1.5 e	-0.6 e	3.7 e	2.7 e	0.4 e	-6 e	4.7 e	-0.5 e	2.7 e	-0.6 e	1.1 e	0.1 e	1.6 e	1.2 e	-0.3 e	1.5 e	-2.8 b	1.8 p	2.1 p	-0.8 p
A,B1G,PCH_PRE,DEF	: 	: 	: 	: 	: 	: 	1.7 e	-1.7 e	-0.2 e	2.1 e	0.2 e	2.9 e	1.8 e	2.6 e	-4.1 e	1.2 e	2.9 e	2.8 e	-0.8 e	1.8 e	0.5 e	2.3 e	3 e	0.4 e	2.2 e	-2.2 b	0.1 p	2.2 p	-0.6 p
A,B1G,PCH_PRE,DEF0	: 	: 	: 	: 	: 	: 	1.7 e	-1.7 e	-0.2 e	2.1 e	0.2 e	2.9 e	1.8 e	2.6 e	-4.1 e	1.2 e	2.9 e	2.8 e	-0.8 e	1.8 e	0.5 e	2.3 e	3 e	0.4 e	2.2 e	-2.2 b	0.1 p	2.2 p	-0.6 p
A,B1G,PCH_PRE,DEG	: 	: 	: 	: 	: 	: 	1.1 e	0.4 e	1.5 e	2 e	-0.4 e	3.7 e	2.9 e	-0.2 e	-5.8 e	5.2 e	4.5 e	0 e	1.3 e	3.7 e	0.5 e	1.2 e	2.1 e	-0.3 e	-0.2 e	-3.6 b	2.6 p	2.1 p	0.6 p
A,B1G,PCH_PRE,DEG0	: 	: 	: 	: 	: 	: 	1.1 e	0.4 e	1.5 e	2 e	-0.4 e	3.7 e	2.9 e	-0.2 e	-5.8 e	5.2 e	4.5 e	0 e	1.3 e	3.7 e	0.5 e	1.2 e	2.1 e	-0.3 e	-0.2 e	-3.6 b	2.6 p	2.1 p	0.6 p
A,B1G,PCH_PRE,DK	: 	: 	: 	: 	: 	: 	1 	0.3 	0.4 	2.1 	1.7 	3.7 	0.6 	0.2 	-4.6 	1.5 	1.5 	0 	1.4 	1.1 	2 	3 	3.2 	1.6 	1.7 	-2.4 	7.3 	2.4 	3 
A,B1G,PCH_PRE,DK0	: 	: 	: 	: 	: 	: 	1.2 	0.2 	0.5 	1.9 	1.7 	4.2 	1 	0.6 	-4.3 	1.8 	1.8 	0.3 	2 	1.3 	2.3 	3 	3.4 	1.7 	1.8 	-2.1 	7.3 	2.4 	3.1 
A,B1G,PCH_PRE,DK01	: 	: 	: 	: 	: 	: 	2 	-1.7 	1 	3 	4.5 	1.8 	1.1 	1.8 	-3.5 	3.5 	1.7 	1.8 	2.9 	2.1 	3.5 	3.9 	3.9 	2.7 	1.3 	-2.8 	7.2 	5.3 	5.5 
A,B1G,PCH_PRE,DK02	: 	: 	: 	: 	: 	: 	1.6 	0.7 	0.3 	1.9 	1 	3.1 	-1.1 	-3.1 	-5.7 	2.4 	0.6 	-1.3 	1.8 	0.8 	4.5 	-1.3 	4 	1.1 	3.2 	-3.1 	6.5 	2.1 	0.6 
A,B1G,PCH_PRE,DK03	: 	: 	: 	: 	: 	: 	-0.1 	0.6 	0.6 	1 	-0.7 	6.5 	2.5 	0.4 	-5 	1.3 	2.3 	-0.4 	2.1 	0.6 	1.3 	1.3 	2.4 	0.8 	1.4 	-2.2 	7.8 	2.1 	3 
A,B1G,PCH_PRE,DK04	: 	: 	: 	: 	: 	: 	1.3 	1.7 	-0.6 	2 	0.2 	6.7 	0.7 	0.5 	-3.9 	-0.3 	2.7 	-1.1 	1.1 	1.4 	-0.5 	6.1 	3.1 	1.2 	2.9 	-0.2 	7.6 	-2 	-0.1 
A,B1G,PCH_PRE,DK05	: 	: 	: 	: 	: 	: 	-0.1 	2.9 	0.6 	-1.1 	0.6 	5.5 	0.9 	1.1 	-4.9 	0.4 	0 	0.5 	0.3 	0 	2.7 	0.6 	3.6 	0.6 	0.8 	-2.3 	6.7 	-1 	-0.6 
A,B1G,PCH_PRE,DKZ	: 	: 	: 	: 	: 	: 	-5.8 	4.2 	0.1 	10.8 	-1.3 	-7.8 	-9.2 	-10.9 	-11 	-9.4 	-9.1 	-9 	-15.1 	-6.1 	-12.5 	2.3 	-17.9 	-9.4 	-6.8 	-26.3 	6.1 	7.1 	-3.4 
A,B1G,PCH_PRE,DKZZ	: 	: 	: 	: 	: 	: 	-5.8 	4.2 	0.1 	10.8 	-1.3 	-7.8 	-9.2 	-10.9 	-11 	-9.4 	-9.1 	-9 	-15.1 	-6.1 	-12.5 	2.3 	-17.9 	-9.4 	-6.8 	-26.3 	6.1 	7.1 	-3.4 
A,B1G,PCH_PRE,EE	: 	4.9 	12 	6.5 	0.1 	9.3 	5.5 	6.6 	7.7 	6.3 	9.5 	9.3 	7 	-3 	-15.3 	3.6 	7.9 	3.2 	1.7 	3.2 	1.6 	2.8 	6.5 	4.1 	3.1 	-2.7 	6.5 	0.6 	-3.2 
A,B1G,PCH_PRE,EE0	: 	4.9 	12 	6.5 	0.1 	9.3 	5.5 	6.6 	7.7 	6.3 	9.5 	9.3 	7 	-3 	-15.3 	3.6 	7.9 	3.2 	1.7 	3.2 	1.6 	2.8 	6.5 	4.1 	3.1 	-2.7 	6.5 	0.6 	-3.2 
A,B1G,PCH_PRE,EE00	: 	4.9 	12 	6.5 	0.1 	9.3 	5.5 	6.6 	7.7 	6.3 	9.5 	9.3 	7 	-3 	-15.3 	3.6 	7.9 	3.2 	1.7 	3.2 	1.6 	2.8 	6.5 	4.1 	3.1 	-2.7 	6.5 	0.6 	-3.2 
A,B1G,PCH_PRE,EL	: 	: 	: 	: 	: 	: 	3.9 	4.7 	6.2 	6.2 	1.1 	5.2 	3 	0.3 	-3.3 	-5.8 	-8.9 	-7.2 	-1.7 	0.1 	0 	-0.3 	2.2 	1.7 	1.8 	-9.1 	8.1 	5.3 p	2.2 p
A,B1G,PCH_PRE,EL3	: 	: 	: 	: 	: 	: 	4.3 	5.8 	6.7 	6.2 	1.5 	6.9 	3.5 	0.7 	-2.5 	-6.1 	-9.3 	-8.6 	-1.2 	0.6 	0.2 	-0.3 	2.7 	1.6 	2.8 	-7.9 	8.6 	5.5 p	2.9 p
A,B1G,PCH_PRE,EL30	: 	: 	: 	: 	: 	: 	4.3 	5.8 	6.7 	6.2 	1.5 	6.9 	3.5 	0.7 	-2.5 	-6.1 	-9.3 	-8.6 	-1.2 	0.6 	0.2 	-0.3 	2.7 	1.6 	2.8 	-7.9 	8.6 	5.5 p	2.9 p
A,B1G,PCH_PRE,EL4	: 	: 	: 	: 	: 	: 	3.2 	4.4 	6.9 	8.3 	1.3 	5 	2 	2.8 	-5.7 	-6.1 	-8.5 	-7.1 	2.9 	1.4 	-0.7 	-2.2 	2.6 	1.6 	1.2 	-17.2 	10.9 	8.3 p	2.4 p
A,B1G,PCH_PRE,EL41	: 	: 	: 	: 	: 	: 	4.1 	1.3 	14.7 	3.6 	3.5 	6.7 	3.1 	2.1 	-5.3 	-6 	-6.9 	-6.4 	-0.5 	0.5 	-1.4 	-1.2 	0.5 	1.2 	1.9 	-10.8 	5.7 	4.9 p	2.3 p
A,B1G,PCH_PRE,EL42	: 	: 	: 	: 	: 	: 	-0.3 	2.5 	7.9 	8.1 	3.3 	4.6 	3 	4 	-8.4 	-6.1 	-6.8 	-6.1 	5.7 	-0.2 	-1.7 	-3.1 	1.7 	2.6 	1.3 	-23.1 	13.3 	8.3 p	3.8 p
A,B1G,PCH_PRE,EL43	: 	: 	: 	: 	: 	: 	5.4 	6.4 	4.4 	9.7 	-0.6 	4.8 	1.1 	2.3 	-3.9 	-6.2 	-10.1 	-7.9 	2.1 	2.7 	0.1 	-1.9 	3.8 	1 	0.9 	-15 	10.9 	9.2 p	1.5 p
A,B1G,PCH_PRE,EL5	: 	: 	: 	: 	: 	: 	3.5 	3.3 	4.6 	7.2 	0.2 	3.3 	3.6 	-0.5 	-3.1 	-4.7 	-7.9 	-6.1 	-3.8 	-1.2 	-0.2 	0.1 	1 	2 	0.2 	-8.6 	6.6 	5.4 p	1.3 p
A,B1G,PCH_PRE,EL51	: 	: 	: 	: 	: 	: 	2.2 	2.6 	3.7 	6.1 	2 	-1.3 	6 	1.3 	-3.2 	-0.6 	-12.2 	-6.1 	-4 	-0.9 	-0.9 	1.6 	0.1 	1.7 	-0.1 	-8.1 	7.9 	2.4 p	1.6 p
A,B1G,PCH_PRE,EL52	: 	: 	: 	: 	: 	: 	4.3 	4.1 	4.5 	8.4 	-1 	4.7 	4.5 	0 	-3.2 	-7 	-7.9 	-6.9 	-3.2 	-0.7 	1.9 	0.8 	1.5 	2.6 	1.4 	-7.8 	6.6 	7.6 p	0.7 p
A,B1G,PCH_PRE,EL53	: 	: 	: 	: 	: 	: 	0.9 	-0.3 	7.5 	7.3 	4.2 	3.6 	-3.3 	-5.2 	-1.3 	0.2 	-1.2 	1.1 	-9.3 	-4.6 	-8.8 	-6.3 	0.5 	-0.7 	-6.9 	-14.3 	3.9 	-2.1 p	3.1 p
A,B1G,PCH_PRE,EL54	: 	: 	: 	: 	: 	: 	3.7 	3.2 	3.8 	1.7 	0.4 	3.2 	1.1 	-2.2 	-3.6 	-2.3 	-7.1 	-9.5 	0.4 	0 	-0.5 	0.6 	0.3 	2 	0.5 	-8.8 	6.6 	3.9 p	2.7 p
A,B1G,PCH_PRE,EL6	: 	: 	: 	: 	: 	: 	3.9 	4.1 	6.4 	4.2 	0.9 	3.6 	1.4 	-0.9 	-4.1 	-6.2 	-9 	-5.1 	-2.5 	-0.1 	0.1 	0 	2.4 	1.8 	1.4 	-8.4 	7.5 	3.3 p	1.6 p
A,B1G,PCH_PRE,EL61	: 	: 	: 	: 	: 	: 	4.8 	10.6 	8.8 	5.5 	-2.9 	4.1 	1.1 	-0.1 	-3.5 	-8.8 	-9.5 	-3.2 	-0.5 	1.2 	1.2 	-1.4 	1 	3.2 	2.6 	-7.3 	10.4 	0.8 p	-0.1 p
A,B1G,PCH_PRE,EL62	: 	: 	: 	: 	: 	: 	2.7 	2.7 	9.4 	5.1 	2.6 	2.3 	2.6 	2.5 	-8.4 	-6.4 	-12.2 	-5 	1.4 	1.9 	-1.7 	-0.6 	1.4 	1.7 	0.6 	-21.4 	12.4 	9.2 p	2.8 p
A,B1G,PCH_PRE,EL63	: 	: 	: 	: 	: 	: 	3.7 	3.2 	5.4 	7 	1.5 	6.2 	1.2 	-2.3 	-5.8 	-3.7 	-10.2 	-5.5 	-3.5 	0.6 	-0.6 	-1.6 	1.4 	-0.4 	1.4 	-8.6 	6.3 	6.6 p	0.6 p
A,B1G,PCH_PRE,EL64	: 	: 	: 	: 	: 	: 	3 	1.1 	5.3 	1.4 	3 	-1.5 	0.6 	-2.2 	-2.7 	-6.4 	-7.9 	-6.4 	-5.5 	-2.8 	-0.9 	2.2 	4.3 	3.6 	0.6 	-3.9 	6 	-0.7 p	4 p
A,B1G,PCH_PRE,EL65	: 	: 	: 	: 	: 	: 	4.7 	1.9 	4.5 	2.4 	2.1 	6.5 	2.1 	-0.4 	-2.6 	-5.6 	-7 	-5.3 	-2.1 	-0.6 	1.5 	1.1 	3.3 	0.6 	1.1 	-9 	5.3 	5.5 p	1.3 p
A,B1G,PCH_PRE,ES	: 	: 	: 	: 	: 	: 	4 	2.7 	2.7 	2.8 	3.4 	4.2 	4 	1.1 	-3.3 	-0.2 	-0.3 	-2.8 	-1.3 	1.1 	3.5 	2.7 	3 	2.5 	2.1 	-10.9 	6.3 	6.7 p	2.9 p
A,B1G,PCH_PRE,ES1	: 	: 	: 	: 	: 	: 	3.7 	2.4 	2.2 	2.7 	3 	4.2 	4.1 	1.6 	-3.5 	0.1 	-1.1 	-2.8 	-1.7 	0.3 	3.5 	2 	2.6 	2.1 	1.5 	-9.3 	5.6 	5.2 p	2.8 p
A,B1G,PCH_PRE,ES11	: 	: 	: 	: 	: 	: 	3.5 	2.5 	2.5 	3.4 	3.1 	4.5 	4.5 	2 	-3.2 	0.2 	-1.2 	-2.4 	-1 	0.4 	4.3 	2.3 	2.6 	2.1 	1.6 	-8.8 	5.6 	5.5 p	2.6 p
A,B1G,PCH_PRE,ES12	: 	: 	: 	: 	: 	: 	3.7 	2.1 	2 	1.7 	2.8 	4.2 	3.4 	1.1 	-4.4 	0.3 	-0.5 	-3.8 	-2.8 	-0.6 	2.2 	1.2 	2.2 	1.7 	1.4 	-10.2 	5 	4.6 p	3.2 p
A,B1G,PCH_PRE,ES13	: 	: 	: 	: 	: 	: 	4.4 	2.8 	1.2 	1.8 	2.9 	3.1 	3.5 	1 	-3.1 	-0.6 	-1.7 	-2.3 	-2.9 	1.1 	1.9 	2.1 	3.2 	2.3 	1.4 	-9.8 	6.7 	5.2 p	3 p
A,B1G,PCH_PRE,ES2	: 	: 	: 	: 	: 	: 	3.1 	2.3 	2.2 	2.5 	3 	4 	3.8 	1.5 	-3.5 	0.4 	-0.4 	-2.7 	-1.1 	1.2 	2.8 	2.3 	2.6 	2.3 	1.6 	-9.6 	5.7 	5.8 p	2.8 p
A,B1G,PCH_PRE,ES21	: 	: 	: 	: 	: 	: 	3.3 	1.5 	1.8 	2.4 	3.1 	3.9 	3.4 	1.6 	-3.3 	0.5 	-0.3 	-1.7 	-1.9 	1.3 	3.4 	2.3 	2.5 	2.2 	1.6 	-10.1 	6 	7.1 p	2.6 p
A,B1G,PCH_PRE,ES22	: 	: 	: 	: 	: 	: 	2.9 	2.8 	2.6 	3 	2.9 	4.1 	3.7 	2.2 	-3.5 	0.4 	0.7 	-3.1 	-0.9 	1.5 	3 	2.2 	3.7 	1.9 	2.5 	-10 	6.5 	5.6 p	2.4 p
A,B1G,PCH_PRE,ES23	: 	: 	: 	: 	: 	: 	2.7 	2.1 	3.7 	3.3 	3.4 	4.4 	4.3 	1.9 	-3.9 	0.4 	-0.8 	-3.4 	-2.4 	0.7 	3.2 	1.4 	0.9 	2 	1.5 	-8.6 	4.7 	5.6 p	4.6 p
A,B1G,PCH_PRE,ES24	: 	: 	: 	: 	: 	: 	2.9 	3.6 	2.4 	2.3 	2.8 	4.1 	4.4 	1 	-3.8 	0.1 	-1.2 	-4.3 	0.7 	0.7 	1.4 	2.3 	2.6 	2.7 	1.2 	-8.4 	5.1 	3.5 p	3 p
A,B1G,PCH_PRE,ES3	: 	: 	: 	: 	: 	: 	4.5 	2.7 	2.8 	3.3 	4.4 	4.9 	4.3 	1.8 	-1.7 	0.2 	1.2 	-1.4 	-1.6 	1.3 	4 	3.7 	3.9 	3 	3 	-10.1 	6 	8.8 p	2.7 p
A,B1G,PCH_PRE,ES30	: 	: 	: 	: 	: 	: 	4.5 	2.7 	2.8 	3.3 	4.4 	4.9 	4.3 	1.8 	-1.7 	0.2 	1.2 	-1.4 	-1.6 	1.3 	4 	3.7 	3.9 	3 	3 	-10.1 	6 	8.8 p	2.7 p
A,B1G,PCH_PRE,ES4	: 	: 	: 	: 	: 	: 	2.9 	3.2 	2.8 	2.6 	3 	3.9 	4.4 	1.3 	-2.7 	-0.1 	-0.4 	-4 	-1 	-0.7 	2.8 	2.2 	2.1 	2.7 	1.1 	-8.4 	4.7 	3.1 p	3.4 p
A,B1G,PCH_PRE,ES41	: 	: 	: 	: 	: 	: 	2.1 	2.5 	2.2 	1.9 	2.3 	3 	3.4 	0.4 	-2.7 	-0.1 	0.1 	-3.6 	-1.9 	-0.1 	2.3 	2 	1.4 	2.9 	0.8 	-8.5 	4.6 	4 p	3.3 p
A,B1G,PCH_PRE,ES42	: 	: 	: 	: 	: 	: 	4.2 	4.2 	3.7 	3.6 	4.1 	5.3 	5.9 	2.5 	-2.6 	-0.5 	-1.1 	-5 	0.1 	-1.7 	3.6 	3 	2.1 	2.9 	1.2 	-7.8 	5.3 	2.6 p	3.6 p
A,B1G,PCH_PRE,ES43	: 	: 	: 	: 	: 	: 	2.9 	3.4 	2.7 	2.6 	3.2 	3.7 	4.2 	1.6 	-2.7 	0.7 	-0.5 	-3.2 	-0.5 	-0.2 	2.6 	1.2 	3.9 	1.6 	2 	-9.2 	4 	1.6 p	3 p
A,B1G,PCH_PRE,ES5	: 	: 	: 	: 	: 	: 	4.5 	2.4 	2.4 	2.8 	3.3 	4.1 	3.8 	0.7 	-3.9 	-0.2 	-1 	-2.9 	-1 	1.7 	3.8 	2.8 	3.1 	2.4 	2.2 	-12.3 	7.2 	7.6 p	2.9 p
A,B1G,PCH_PRE,ES51	: 	: 	: 	: 	: 	: 	4.4 	2.5 	2.7 	2.9 	3.3 	4.2 	3.9 	0.5 	-3.1 	0.2 	-1.1 	-2.7 	-1 	1.5 	4 	2.9 	2.9 	2.3 	2.3 	-11.8 	6.8 	7.2 p	2.7 p
A,B1G,PCH_PRE,ES52	: 	: 	: 	: 	: 	: 	5 	2.9 	2.2 	2.8 	3.2 	4.2 	3.6 	0.8 	-5.3 	-0.7 	-1.2 	-3.8 	-1.1 	1.8 	3.3 	2.1 	3.5 	2.3 	2.1 	-10.4 	7.2 	6.1 p	2.5 p
A,B1G,PCH_PRE,ES53	: 	: 	: 	: 	: 	: 	2.7 	0.6 	0.9 	1.8 	3.6 	3.8 	4.1 	1.9 	-3.6 	-0.9 	0.3 	-1.2 	-1 	2.8 	3.8 	4 	3.1 	3.1 	2 	-22.6 	11.1 	16.6 p	5.8 p
A,B1G,PCH_PRE,ES6	: 	: 	: 	: 	: 	: 	3.8 	3.4 	3.6 	2.9 	3.2 	4.1 	3.9 	0.6 	-3.8 	-1.4 	0 	-3.3 	-1.6 	1.4 	3.8 	2.3 	2.7 	2.1 	2.1 	-10.3 	6.2 	5.2 p	2.5 p
A,B1G,PCH_PRE,ES61	: 	: 	: 	: 	: 	: 	3.9 	3.5 	3.7 	3.1 	3.2 	4.2 	3.9 	0.4 	-3.6 	-1.6 	0.1 	-3.4 	-1.8 	1.3 	3.2 	2.1 	2.7 	2.5 	2 	-10.7 	6.1 	5.4 p	2.6 p
A,B1G,PCH_PRE,ES62	: 	: 	: 	: 	: 	: 	4.3 	3.6 	3.4 	2.5 	4 	4.2 	4.4 	1.7 	-4.6 	-0.1 	-0.6 	-2.8 	-0.9 	2 	7.1 	3.4 	3.2 	-0.1 	2.5 	-8.9 	6.8 	4.2 p	2.3 p
A,B1G,PCH_PRE,ES63	: 	: 	: 	: 	: 	: 	-3.1 	-2.2 	-0.4 	-1.9 	-1.7 	-1.3 	0.1 	-1.3 	-4 	-1.5 	0.9 	-1.9 	0.9 	-0.5 	2.5 	1.6 	2.4 	2.2 	1.1 	-8.8 	3.4 	3.2 p	1.8 p
A,B1G,PCH_PRE,ES64	: 	: 	: 	: 	: 	: 	-3.1 	-3 	-0.9 	-2 	-1.4 	-1.2 	-1.7 	-1.8 	-3.7 	-2.6 	1.5 	-1.7 	0.7 	1.3 	2.7 	2.2 	2.4 	2.4 	1.6 	-8.9 	3.2 	3.1 p	1.9 p
A,B1G,PCH_PRE,ES7	: 	: 	: 	: 	: 	: 	4.7 	2.1 	3 	1.5 	2.6 	2.9 	3.3 	0 	-4.2 	0.6 	-0.3 	-2.4 	-0.7 	0.4 	2.5 	2.3 	3.8 	2.4 	1.7 	-18.7 	8.4 	11.8 p	4.5 p
A,B1G,PCH_PRE,ES70	: 	: 	: 	: 	: 	: 	4.7 	2.1 	3 	1.5 	2.6 	2.9 	3.3 	0 	-4.2 	0.6 	-0.3 	-2.4 	-0.7 	0.4 	2.5 	2.3 	3.8 	2.4 	1.7 	-18.7 	8.4 	11.8 p	4.5 p
A,B1G,PCH_PRE,ESZ	: 	: 	: 	: 	: 	: 	3.8 	-0.1 	-8.9 	12.7 	6.3 	10.9 	-2.7 	1.7 	2.2 	4.8 	36.1 	-18 	5.2 	-2.6 	3.9 	-6.6 	-0.8 	1.4 	-0.2 	0.3 	0.3 	0.6 p	-0.6 p
A,B1G,PCH_PRE,ESZZ	: 	: 	: 	: 	: 	: 	3.8 	-0.1 	-8.9 	12.7 	6.3 	10.9 	-2.7 	1.7 	2.2 	4.8 	36.1 	-18 	5.2 	-2.6 	3.9 	-6.6 	-0.8 	1.4 	-0.2 	0.3 	0.3 	0.6 p	-0.6 p
A,B1G,PCH_PRE,EU27_2020	: 	: 	: 	: 	: 	: 	2.2 	1.1 	0.8 	2.7 	1.8 	3.6 	3.3 	0.9 	-4.3 	2.2 	2.1 	-0.7 	0.1 	1.6 	2.2 	1.9 	2.9 	2.1 	1.9 	-5.4 	6.2 	3.8 	0.7 
A,B1G,PCH_PRE,FI	: 	: 	: 	: 	: 	: 	2.8 	1.3 	1.2 	3.9 	2.6 	3.8 	6 	0.9 	-8.6 	3.2 	1.7 	-2 	-1.1 	-0.4 	0.3 	2.3 	3.8 	0.8 	1.6 	-2.4 	2.8 	2.1 	-0.5 
A,B1G,PCH_PRE,FI1	: 	: 	: 	: 	: 	: 	2.7 	1.3 	1.2 	3.9 	2.6 	3.8 	6.1 	1 	-8.7 	3.2 	1.7 	-2.1 	-1.2 	-0.4 	0.3 	2.4 	3.8 	0.8 	1.6 	-2.4 	2.8 	2.1 	-0.6 
A,B1G,PCH_PRE,FI19	: 	: 	: 	: 	: 	: 	5 	0.9 	2.1 	2.9 	3.5 	3.3 	7.3 	0.7 	-9.8 	2.8 	3.4 	-2.1 	-3.8 	-0.7 	0.1 	0.8 	3.4 	0.5 	0.6 	-1.7 	3.9 	3.3 	2.3 
A,B1G,PCH_PRE,FI1B	: 	: 	: 	: 	: 	: 	4.3 	-0.8 	-0.3 	4 	3.2 	4.9 	7.3 	2.5 	-6.4 	4 	-0.4 	-3 	1.4 	-0.9 	1.7 	2.5 	3.8 	1.7 	3 	-3.2 	3.5 	0.7 	-2 
A,B1G,PCH_PRE,FI1C	: 	: 	: 	: 	: 	: 	0.5 	3.6 	0.8 	4.5 	1.3 	2.5 	5 	0 	-10.7 	0.9 	4.4 	-1.3 	-3 	0.2 	-0.8 	2.2 	4.9 	-0.1 	0.6 	-2.4 	2 	1.3 	-0.5 
A,B1G,PCH_PRE,FI1D	: 	: 	: 	: 	: 	: 	-0.4 	3.8 	3.5 	4.3 	1.7 	3.7 	3.4 	-0.6 	-10 	4.5 	1.4 	-1.1 	-1.2 	0.1 	-1 	4 	3.1 	0.4 	0.9 	-1.5 	0.5 	4.2 	-1.1 
A,B1G,PCH_PRE,FI2	: 	: 	: 	: 	: 	: 	13.7 	-1.3 	-2.7 	2.3 	2.9 	0.8 	-0.3 	-5.9 	7 	0.1 	0.7 	5.9 	1.2 	0 	-4.7 	-2 	1 	-7.9 	3.4 	-13.8 	12.4 	6.8 	4.1 
A,B1G,PCH_PRE,FI20	: 	: 	: 	: 	: 	: 	13.7 	-1.3 	-2.7 	2.3 	2.9 	0.8 	-0.3 	-5.9 	7 	0.1 	0.7 	5.9 	1.2 	0 	-4.7 	-2 	1 	-7.9 	3.4 	-13.8 	12.4 	6.8 	4.1 
A,B1G,PCH_PRE,FIZ	: 	: 	: 	: 	: 	: 	-14.7 	-14.5 	-44.6 	-4.9 	-8.4 	13 	1 	-9.3 	-2.3 	5.2 	11.1 	-8.5 	-26.8 	-0.5 	-9.3 	-3.2 	5.8 	21.5 	27.7 	-13.5 	1.9 	6.2 	2.9 
A,B1G,PCH_PRE,FIZZ	: 	: 	: 	: 	: 	: 	-14.7 	-14.5 	-44.6 	-4.9 	-8.4 	13 	1 	-9.3 	-2.3 	5.2 	11.1 	-8.5 	-26.8 	-0.5 	-9.3 	-3.2 	5.8 	21.5 	27.7 	-13.5 	1.9 	6.2 	2.9 
A,B1G,PCH_PRE,FR	: 	: 	: 	: 	: 	: 	1.9 	1 	0.9 	3.1 	1.7 	2.7 	2.7 	0.6 	-2.6 	1.8 	2.5 	0.4 	0.8 	1.2 	0.8 	0.7 	2 	1.6 	2.1 	-7.3 	6.5 	2.8 p	1.4 p
A,B1G,PCH_PRE,FR1	: 	: 	: 	: 	: 	: 	1.1 p	1.2 p	-0.1 p	1.7 p	2 p	1.6 p	3.7 p	1.4 p	-3.1 p	4.4 p	0.8 p	1 p	1.3 p	0.7 p	0.8 p	1.1 p	1.7 p	1.9 p	2.8 p	-10.3 p	4.7 p	3.9 p	2.6 p
A,B1G,PCH_PRE,FR10	: 	: 	: 	: 	: 	: 	1.1 p	1.2 p	-0.1 p	1.7 p	2 p	1.6 p	3.7 p	1.4 p	-3.1 p	4.4 p	0.8 p	1 p	1.3 p	0.7 p	0.8 p	1.1 p	1.7 p	1.9 p	2.8 p	-10.3 p	4.7 p	3.9 p	2.6 p
A,B1G,PCH_PRE,FRB	: 	: 	: 	: 	: 	: 	2 p	0.4 p	0.9 p	3.1 p	0.7 p	2.3 p	2.2 p	-2.4 p	-2.1 p	0.9 p	2.3 p	-0.1 p	0.4 p	0.5 p	0.6 p	-0.3 p	1.8 p	0.9 p	1.6 p	-5.6 p	7.4 p	-0.3 p	5.1 p
A,B1G,PCH_PRE,FRB0	: 	: 	: 	: 	: 	: 	2 p	0.4 p	0.9 p	3.1 p	0.7 p	2.3 p	2.2 p	-2.4 p	-2.1 p	0.9 p	2.3 p	-0.1 p	0.4 p	0.5 p	0.6 p	-0.3 p	1.8 p	0.9 p	1.6 p	-5.6 p	7.4 p	-0.3 p	5.1 p
A,B1G,PCH_PRE,FRC	: 	: 	: 	: 	: 	: 	1.3 p	0.4 p	0.3 p	3.2 p	0 p	2 p	3.2 p	0.5 p	-3.6 p	-1.1 p	2.8 p	-2.2 p	0.1 p	1.7 p	-0.1 p	-0.7 p	2.4 p	0.6 p	1 p	-5.4 p	7.6 p	0.6 p	-0.4 p
A,B1G,PCH_PRE,FRC1	: 	: 	: 	: 	: 	: 	0.4 p	0.6 p	0.4 p	4 p	0.3 p	2.7 p	4 p	0.8 p	-3.6 p	-1.5 p	3.3 p	-0.6 p	0.5 p	1.8 p	-0.6 p	-1.7 p	3.5 p	1.6 p	0.4 p	-5.2 p	8.5 p	1.5 p	-0.8 p
A,B1G,PCH_PRE,FRC2	: 	: 	: 	: 	: 	: 	2.6 p	0.2 p	0.1 p	2.1 p	-0.3 p	1 p	2.1 p	-0.1 p	-3.6 p	-0.7 p	2.1 p	-4.6 p	-0.6 p	1.4 p	0.7 p	0.9 p	0.8 p	-0.8 p	2 p	-5.7 p	6.3 p	-0.7 p	0.4 p
A,B1G,PCH_PRE,FRD	: 	: 	: 	: 	: 	: 	0.6 p	0.9 p	1.7 p	3.2 p	0.8 p	2.3 p	2.9 p	0.1 p	-3.1 p	1.6 p	2.8 p	-0.2 p	0.8 p	0.3 p	0.8 p	-1 p	0.2 p	0.6 p	1.4 p	-5.9 p	9.2 p	5.7 p	-0.8 p
A,B1G,PCH_PRE,FRD1	: 	: 	: 	: 	: 	: 	0.3 p	1.3 p	2 p	3.8 p	0.5 p	2.5 p	1.6 p	0.6 p	-2.7 p	0.1 p	3.4 p	-1.6 p	0.8 p	-0.2 p	0.4 p	0 p	-0.9 p	1.4 p	1.8 p	-5.2 p	8.8 p	2.9 p	4.2 p
A,B1G,PCH_PRE,FRD2	: 	: 	: 	: 	: 	: 	0.8 p	0.5 p	1.5 p	2.8 p	1 p	2.1 p	3.9 p	-0.2 p	-3.4 p	2.7 p	2.4 p	0.8 p	0.8 p	0.6 p	1.1 p	-1.8 p	1 p	0 p	1.1 p	-6.4 p	9.4 p	7.8 p	-4.4 p
A,B1G,PCH_PRE,FRE	: 	: 	: 	: 	: 	: 	1.3 p	1.4 p	1.6 p	2.3 p	1.5 p	2.8 p	3 p	1.6 p	-2.8 p	0.5 p	2.9 p	-0.4 p	0.9 p	0.9 p	1.1 p	-0.2 p	2.6 p	0.9 p	1.4 p	-5.4 p	5 p	4.5 p	-0.2 p
A,B1G,PCH_PRE,FRE1	: 	: 	: 	: 	: 	: 	1.2 p	1.8 p	1.7 p	2.8 p	1.7 p	3.6 p	2.9 p	2.4 p	-2.6 p	0.3 p	3.1 p	-0.8 p	1.3 p	1.4 p	0.9 p	0.6 p	2.3 p	1.4 p	1.3 p	-5.1 p	5.3 p	4 p	1.4 p
A,B1G,PCH_PRE,FRE2	: 	: 	: 	: 	: 	: 	1.3 p	0.5 p	1.3 p	1.3 p	1 p	1.1 p	3.4 p	-0.2 p	-3.3 p	1.1 p	2.4 p	0.5 p	0.1 p	-0.2 p	1.7 p	-2.1 p	3.2 p	-0.4 p	1.7 p	-6.2 p	4.4 p	5.6 p	-4 p
A,B1G,PCH_PRE,FRF	: 	: 	: 	: 	: 	: 	0.8 p	0.4 p	0.5 p	3.9 p	0.1 p	2.2 p	3 p	0.1 p	-3.1 p	-0.6 p	3.5 p	-1.4 p	1.1 p	1.3 p	0.2 p	0 p	2.6 p	1.7 p	1.2 p	-6.2 p	7.7 p	2.1 p	0.4 p
A,B1G,PCH_PRE,FRF1	: 	: 	: 	: 	: 	: 	1 p	0.3 p	0.6 p	2.2 p	-0.1 p	2.5 p	3.8 p	1.7 p	-2.2 p	-1 p	3.4 p	-0.7 p	1.5 p	1.6 p	0.4 p	1.6 p	2.4 p	2.4 p	1.6 p	-6.6 p	8.2 p	-0.1 p	-0.1 p
A,B1G,PCH_PRE,FRF2	: 	: 	: 	: 	: 	: 	-0.9 p	0.4 p	-0.2 p	6.8 p	0.1 p	2 p	4.1 p	0.3 p	-4.6 p	0.8 p	6.3 p	-2.4 p	1.2 p	0.5 p	0.2 p	-1.4 p	3.8 p	2.4 p	1 p	-6.2 p	9.5 p	8.6 p	0.4 p
A,B1G,PCH_PRE,FRF3	: 	: 	: 	: 	: 	: 	1.7 p	0.5 p	1 p	3.6 p	0.4 p	2 p	1.6 p	-1.5 p	-2.8 p	-1.3 p	1.9 p	-1.3 p	0.7 p	1.5 p	0 p	-0.7 p	2 p	0.5 p	1 p	-5.8 p	6 p	0.1 p	0.9 p
A,B1G,PCH_PRE,FRG	: 	: 	: 	: 	: 	: 	3.6 p	1.8 p	2.1 p	3.2 p	2.4 p	2.8 p	3.4 p	2.7 p	-2.5 p	0.2 p	5.3 p	0.7 p	1.6 p	2.1 p	1.8 p	1.3 p	2.5 p	1.9 p	3 p	-3.8 p	6.5 p	0.3 p	2.7 p
A,B1G,PCH_PRE,FRG0	: 	: 	: 	: 	: 	: 	3.6 p	1.8 p	2.1 p	3.2 p	2.4 p	2.8 p	3.4 p	2.7 p	-2.5 p	0.2 p	5.3 p	0.7 p	1.6 p	2.1 p	1.8 p	1.3 p	2.5 p	1.9 p	3 p	-3.8 p	6.5 p	0.3 p	2.7 p
A,B1G,PCH_PRE,FRH	: 	: 	: 	: 	: 	: 	2.9 p	1.8 p	2.7 p	6.6 p	3.3 p	3.7 p	2.4 p	-0.8 p	-2.3 p	0.5 p	4.5 p	1.1 p	1.7 p	2.7 p	1.8 p	2 p	3.5 p	1.2 p	3 p	-4 p	7.4 p	0.5 p	1.8 p
A,B1G,PCH_PRE,FRH0	: 	: 	: 	: 	: 	: 	2.9 p	1.8 p	2.7 p	6.6 p	3.3 p	3.7 p	2.4 p	-0.8 p	-2.3 p	0.5 p	4.5 p	1.1 p	1.7 p	2.7 p	1.8 p	2 p	3.5 p	1.2 p	3 p	-4 p	7.4 p	0.5 p	1.8 p
A,B1G,PCH_PRE,FRI	: 	: 	: 	: 	: 	: 	3.8 p	2.5 p	1.3 p	2.9 p	2.3 p	3.6 p	2.9 p	-0.9 p	-0.8 p	1.2 p	4 p	1 p	0.6 p	2.2 p	1 p	1.1 p	2.2 p	2.2 p	2.7 p	-5.3 p	8.3 p	0.5 p	2.3 p
A,B1G,PCH_PRE,FRI1	: 	: 	: 	: 	: 	: 	4.8 p	2.3 p	1 p	2.8 p	2.8 p	4.3 p	2.5 p	-0.9 p	-0.3 p	2 p	4.2 p	0.7 p	0.2 p	2.2 p	1.4 p	1.9 p	2 p	2.5 p	2.5 p	-5.7 p	8.7 p	1.2 p	1.5 p
A,B1G,PCH_PRE,FRI2	: 	: 	: 	: 	: 	: 	2 p	3.1 p	0.9 p	0.9 p	3.1 p	2.7 p	2.1 p	-1.6 p	-1.6 p	-2.9 p	2.5 p	-0.1 p	2.2 p	1.7 p	0.7 p	-1.3 p	2.2 p	0.3 p	3.9 p	-4.7 p	6.9 p	-3.3 p	1.9 p
A,B1G,PCH_PRE,FRI3	: 	: 	: 	: 	: 	: 	2.6 p	2.7 p	2 p	3.8 p	1 p	2.8 p	3.9 p	-0.7 p	-1.6 p	1.1 p	4.3 p	2 p	1.1 p	2.4 p	0.3 p	0.4 p	2.6 p	2.3 p	2.7 p	-4.7 p	7.8 p	0.3 p	4.1 p
A,B1G,PCH_PRE,FRJ	: 	: 	: 	: 	: 	: 	4.7 p	1.9 p	2.5 p	4 p	3.3 p	5.2 p	1.1 p	1.1 p	-0.6 p	0.2 p	4.1 p	1.5 p	1.1 p	2.3 p	1.2 p	1.3 p	1.7 p	2.2 p	2.3 p	-7.1 p	8.3 p	2.7 p	2.9 p
A,B1G,PCH_PRE,FRJ1	: 	: 	: 	: 	: 	: 	3.6 p	1.6 p	3.6 p	4 p	2.5 p	4.1 p	2.6 p	1.2 p	-0.7 p	1.1 p	3.8 p	0 p	-0.1 p	1.5 p	0.7 p	1.1 p	1.8 p	1.5 p	2.5 p	-4.6 p	8.9 p	3.3 p	3.1 p
A,B1G,PCH_PRE,FRJ2	: 	: 	: 	: 	: 	: 	5.5 p	2.1 p	1.6 p	4 p	4.1 p	6.1 p	0 p	1 p	-0.5 p	-0.5 p	4.5 p	2.7 p	2 p	2.9 p	1.6 p	1.5 p	1.6 p	2.8 p	2.2 p	-9 p	7.9 p	2.2 p	2.8 p
A,B1G,PCH_PRE,FRK	: 	: 	: 	: 	: 	: 	1.6 p	0 p	0.9 p	4.8 p	1.5 p	3.7 p	2 p	1.5 p	-3.3 p	1.4 p	3.9 p	-0.1 p	0.7 p	1.4 p	1 p	1.4 p	2.5 p	2.5 p	1.9 p	-6 p	6.1 p	0.6 p	3.5 p
A,B1G,PCH_PRE,FRK1	: 	: 	: 	: 	: 	: 	0.8 p	1.3 p	1 p	3.5 p	1.3 p	2 p	3 p	-2 p	-2.7 p	-0.8 p	4.9 p	-0.5 p	1.5 p	1.2 p	0.9 p	0 p	4.5 p	1.2 p	1.8 p	-5.8 p	4.8 p	-0.5 p	-0.7 p
A,B1G,PCH_PRE,FRK2	: 	: 	: 	: 	: 	: 	1.8 p	-0.2 p	0.9 p	5 p	1.5 p	4 p	1.9 p	2.1 p	-3.4 p	1.8 p	3.8 p	0 p	0.5 p	1.4 p	1 p	1.7 p	2.2 p	2.7 p	1.9 p	-6.1 p	6.3 p	0.8 p	4.2 p
A,B1G,PCH_PRE,FRL	: 	: 	: 	: 	: 	: 	3.4 p	0.9 p	2.1 p	4.7 p	3.1 p	3.4 p	1.4 p	-0.1 p	-1.1 p	3.6 p	1.8 p	2.1 p	-0.4 p	1.4 p	0.8 p	0.7 p	2.3 p	1.7 p	1.8 p	-6.5 p	9 p	7.8 p	-6.1 p
A,B1G,PCH_PRE,FRL0	: 	: 	: 	: 	: 	: 	3.4 p	0.9 p	2.1 p	4.7 p	3.1 p	3.4 p	1.4 p	-0.1 p	-1.1 p	3.6 p	1.8 p	2.1 p	-0.4 p	1.4 p	0.8 p	0.7 p	2.3 p	1.7 p	1.8 p	-6.5 p	9 p	7.8 p	-6.1 p
A,B1G,PCH_PRE,FRM	: 	: 	: 	: 	: 	: 	4.9 p	1.7 p	3.6 p	4.6 p	5.2 p	6 p	1 p	7.7 p	4.8 p	1.7 p	6.3 p	1.8 p	2.5 p	2.8 p	3.4 p	2 p	4.5 p	4.1 p	3.2 p	-6.9 p	14.3 p	2.9 p	-7 p
A,B1G,PCH_PRE,FRM0	: 	: 	: 	: 	: 	: 	4.9 p	1.7 p	3.6 p	4.6 p	5.2 p	6 p	1 p	7.7 p	4.8 p	1.7 p	6.3 p	1.8 p	2.5 p	2.8 p	3.4 p	2 p	4.5 p	4.1 p	3.2 p	-6.9 p	14.3 p	2.9 p	-7 p
A,B1G,PCH_PRE,FRY	: 	: 	: 	: 	: 	: 	-2.7 p	-4.5 p	-4.3 p	-3.8 p	-4.1 p	-2.3 p	-4.9 p	-4.1 p	-9.2 p	-5.3 p	-4 p	-4.8 p	-5.6 p	-3.5 p	-4.9 p	-4.8 p	-4.6 p	-5.4 p	-4.5 p	-12.8 p	4.9 p	3.2 p	0.6 p
A,B1G,PCH_PRE,FRY1	: 	: 	: 	: 	: 	: 	-23.8 p	-23.6 p	-21.8 p	-24.8 p	-24.3 p	-24.2 p	-27.1 p	-24 p	-30.1 p	-23.5 p	-23.6 p	-24.3 p	-25.2 p	-22.5 p	-24.3 p	-23.4 p	-24.5 p	-23.8 p	-23.4 p	-33 p	1.1 p	3.8 p	-0.2 p
A,B1G,PCH_PRE,FRY2	: 	: 	: 	: 	: 	: 	3.3 p	1.6 p	3.1 p	1.3 p	2.6 p	4.1 p	1.7 p	2.1 p	-2.7 p	1.9 p	1.5 p	0.7 p	-0.5 p	3.2 p	0.1 p	-1.9 p	-0.2 p	-1.4 p	0.1 p	-8.8 p	3.3 p	3.8 p	-0.3 p
A,B1G,PCH_PRE,FRY3	: 	: 	: 	: 	: 	: 	16.7 p	2.3 p	-4.2 p	4.4 p	0.7 p	8.3 p	-0.4 p	3.3 p	4.7 p	3 p	-2.8 p	5.5 p	1.1 p	2.7 p	-0.3 p	1.6 p	-1.6 p	3.6 p	-0.7 p	-16.8 p	3 p	0.2 p	-2.8 p
A,B1G,PCH_PRE,FRY4	: 	: 	: 	: 	: 	: 	1.3 p	0.8 p	0.4 p	2.5 p	1.4 p	2.8 p	1.9 p	0.2 p	-5.2 p	-2.5 p	2.6 p	-0.5 p	-0.6 p	0.3 p	-0.1 p	0.7 p	1 p	-0.9 p	0.2 p	-6.1 p	6.8 p	2.7 p	1.7 p
A,B1G,PCH_PRE,FRY5	: 	: 	: 	: 	: 	: 	5 p	2.8 p	10.4 p	11.7 p	9.5 p	13.2 p	4.7 p	14 p	-0.7 p	6.4 p	4 p	5.4 p	6.7 p	9.1 p	10.5 p	4.7 p	8.5 p	0.5 p	8 p	7.3 p	13.1 p	7.6 p	3.7 p
A,B1G,PCH_PRE,FRZ	: 	: 	: 	: 	: 	: 	4.6 p	3.9 p	-5.6 p	-8.9 p	-5.6 p	196.1 p	-2.3 p	-51.3 p	0.3 p	-2.3 p	0.9 p	1 p	0.1 p	-2.3 p	4 p	0.7 p	1.9 p	-1.2 p	-0.3 p	-2.3 p	4.6 p	-3.1 p	-5.1 p
A,B1G,PCH_PRE,FRZZ	: 	: 	: 	: 	: 	: 	4.6 p	3.9 p	-5.6 p	-8.9 p	-5.6 p	196.1 p	-2.3 p	-51.3 p	0.3 p	-2.3 p	0.9 p	1 p	0.1 p	-2.3 p	4 p	0.7 p	1.9 p	-1.2 p	-0.3 p	-2.3 p	4.6 p	-3.1 p	-5.1 p
A,B1G,PCH_PRE,HR	: 	: 	: 	: 	: 	: 	3.6 	5.3 	5.9 	4.2 	4.2 	4.7 	4.9 	2 	-5.7 	-1.8 	0.2 	-3.3 	-0.5 	-0.6 	2.3 	3.5 	2.8 	2.5 	3.2 	-7.3 	11.7 	8.4 	3.5 p
A,B1G,PCH_PRE,HR0	: 	: 	: 	: 	: 	: 	3.6 	5.3 	5.9 	4.2 	4.2 	4.7 	4.9 	2 	-5.7 	-1.8 	0.2 	-3.3 	-0.5 	-0.6 	2.3 	3.5 	2.8 	2.5 	3.2 	-7.3 	11.7 	8.4 	3.5 p
A,B1G,PCH_PRE,HR02	: 	: 	: 	: 	: 	: 	3.5 	4.3 	1.7 	2.5 	2.1 	7.8 	1.9 	3.6 	-6.3 	-6.4 	0.1 	-5.3 	-1.3 	-3.6 	2.3 	2.5 	0.1 	1.3 	3.2 	-3.9 	10.2 	5.8 	3.1 p
A,B1G,PCH_PRE,HR03	: 	: 	: 	: 	: 	: 	2.3 	4 	9 	6.1 	3.1 	4 	6.3 	0.9 	-6.1 	-3.3 	-0.7 	-3.1 	-0.2 	0.8 	1.9 	3.9 	3.3 	1.2 	1.6 	-12.8 	16.1 	12.5 	2.8 p
A,B1G,PCH_PRE,HR05	: 	: 	: 	: 	: 	: 	6.4 	5.3 	7.8 	5.3 	6.4 	4.4 	5.2 	2 	-5.1 	5 	0.6 	-2.5 	-1.8 	-0.1 	2.5 	3.3 	3.1 	3.6 	4.1 	-6.1 	9.6 	5.8 	5.1 p
A,B1G,PCH_PRE,HR06	: 	: 	: 	: 	: 	: 	1 	9.1 	2.4 	0.8 	5.1 	2.9 	5.8 	2.1 	-5.1 	-7.2 	1.5 	-3.2 	3.1 	-1.2 	2.4 	4.4 	4.2 	4 	4.8 	-2.4 	9.8 	8.8 	2 p
A,B1G,PCH_PRE,HU	: 	: 	: 	: 	: 	: 	4.2 	4.8 	4.1 	4.9 	4.2 	3.9 	0.3 	0.8 	-6.8 	1.3 	2 	-1.3 	2.7 	4.6 	3.6 	2.6 	4 	5.9 	4.9 	-4.6 	7.5 	4.5 	-0.4 p
A,B1G,PCH_PRE,HU1	: 	: 	: 	: 	: 	: 	4.5 	8.1 	3.1 	5.2 	6.3 	5.3 	1.7 	0.1 	-3.3 	-0.7 	1.8 	-0.9 	0 	5.7 	2.4 	1.6 	4.9 	6.4 	8.1 	-3.9 	8.7 	7 	0.7 p
A,B1G,PCH_PRE,HU11	: 	: 	: 	: 	: 	: 	2.8 	8.3 	1.7 	5 	5.7 	5.8 	-0.6 	1.5 	-2.5 	-2.3 	3 	0.4 	-1 	6.2 	1.3 	2.1 	5.2 	6.4 	8.4 	-4.6 	7.7 	5.9 	1.6 p
A,B1G,PCH_PRE,HU12	: 	: 	: 	: 	: 	: 	11.1 	7.4 	8.3 	6 	8.2 	3.5 	9.9 	-4.8 	-6.2 	5 	-2.1 	-5.6 	3.6 	4 	6.3 	0 	3.9 	6.8 	7 	-1.3 	12.3 	10.6 	-2.3 p
A,B1G,PCH_PRE,HU2	: 	: 	: 	: 	: 	: 	1.7 	2.6 	6.4 	3.9 	2.1 	3.3 	1.4 	0.6 	-11.7 	5.7 	2.4 	-2.2 	5.5 	3.9 	5.2 	4.3 	2.3 	4.3 	2.5 	-6.9 	7.3 	4.2 	-2.7 p
A,B1G,PCH_PRE,HU21	: 	: 	: 	: 	: 	: 	2.8 	0.2 	6.4 	7.3 	4.9 	0.8 	4.7 	-1 	-16.4 	5.8 	4.2 	-3.4 	4.4 	3.7 	7 	6.1 	1.4 	5.1 	4.4 	-7.5 	11.6 	4.5 	-4.3 p
A,B1G,PCH_PRE,HU22	: 	: 	: 	: 	: 	: 	-0.4 	4 	10.2 	0.6 	0.3 	6.5 	0.1 	0.4 	-11 	8.6 	2.2 	-0.6 	5.9 	6.5 	5.7 	2.9 	2 	2.8 	1.4 	-7.6 	4.2 	5.3 	-1 p
A,B1G,PCH_PRE,HU23	: 	: 	: 	: 	: 	: 	3.5 	4 	1 	4.1 	0.4 	2.3 	-1.8 	3.6 	-5.7 	1.3 	0.2 	-2.9 	6.4 	0 	1.7 	3.8 	4.5 	5.8 	1.2 	-5 	5.5 	2.1 	-2.5 p
A,B1G,PCH_PRE,HU3	: 	: 	: 	: 	: 	: 	6.5 	2.1 	3.4 	5.5 	3.1 	2.2 	-3.3 	2.4 	-8.3 	0.8 	1.9 	-1.2 	5 	3.3 	4.2 	2.5 	4.2 	6.3 	1.8 	-3.6 	5.5 	0.4 	-0.3 p
A,B1G,PCH_PRE,HU31	: 	: 	: 	: 	: 	: 	6.5 	3.2 	2.9 	5.3 	5.4 	1.5 	-1.9 	-2.3 	-12.2 	1.3 	0.9 	-1.2 	5.9 	3.2 	6.9 	3.2 	5.9 	4.7 	0 	-3.4 	6.2 	-1.1 	-3.7 p
A,B1G,PCH_PRE,HU32	: 	: 	: 	: 	: 	: 	9.3 	1.2 	5 	4.4 	2 	2.7 	-3.9 	3.6 	-6 	1.6 	3 	-1.4 	2.7 	4.1 	1.7 	1.6 	4.5 	6.5 	3.3 	-3.6 	5.3 	1.3 	2.1 p
A,B1G,PCH_PRE,HU33	: 	: 	: 	: 	: 	: 	3.5 	2.1 	2 	7 	2.2 	2.3 	-3.8 	5.3 	-7.5 	-0.4 	1.4 	-0.9 	6.8 	2.5 	4.6 	2.8 	2.4 	7.7 	1.9 	-3.8 	5.1 	0.7 	-0.2 p
A,B1G,PCH_PRE,IE	: 	: 	: 	: 	: 	: 	3.8 	6.1 	1.3 	5.2 	6.1 	4.6 	7.8 	-2.2 	-6.4 	1.8 	2.4 	-2.8 	2.2 	8.6 	22.5 	1 	7.7 	9.2 	5.4 	7.9 	16.3 	9.8 	-5.6 e
A,B1G,PCH_PRE,IE0	: 	: 	: 	: 	: 	: 	3.8 	6.1 	1.3 	5.2 	6.1 	4.6 	7.8 	-2.2 	-6.4 	1.8 	2.4 	-2.8 	2.2 	8.6 	22.5 	1 	7.7 	9.2 	5.4 	7.9 	16.3 	9.8 	-5.6 e
A,B1G,PCH_PRE,IE04	: 	: 	: 	: 	: 	: 	3.1 	5.5 	1.2 	5.4 	7.5 	-0.9 	10.7 	0.4 	-14.6 	12.3 	-4.6 	-7.7 	2.5 	9.2 	-0.9 	2.3 	0.9 	5.5 	2.8 	13.9 	13 	7.4 	2.8 e
A,B1G,PCH_PRE,IE05	: 	: 	: 	: 	: 	: 	3.4 	6.6 	1.1 	3.7 	4.6 	4.4 	7.6 	-5.9 	-0.9 	-0.3 	2.8 	-3.7 	-5.8 	8.5 	69.5 	-4.6 	8.9 	5.1 	6.2 	10.9 	21.4 	11.3 	-11 e
A,B1G,PCH_PRE,IE06	: 	: 	: 	: 	: 	: 	4.2 	6 	1.4 	5.9 	6.6 	5.8 	7.4 	-1 	-7.3 	0.9 	3.6 	-1.4 	6 	8.6 	6.4 	4.9 	8 	12.6 	5.2 	5.2 	13.5 	9.1 	-3.1 e
A,B1G,PCH_PRE,IT	: 	: 	: 	: 	: 	: 	1.9 e	0.4 e	0.1 e	1.6 e	0.8 e	1.9 e	1.6 e	-0.7 e	-5.4 e	1.8 e	0.7 e	-2.7 e	-1.6 e	0.1 e	0.9 e	1.4 e	1.6 e	0.9 e	0.5 e	-8.4 e	8.1 e	5.1 	0.7 
A,B1G,PCH_PRE,ITC	: 	: 	: 	: 	: 	: 	2.1 e	0.8 e	0.5 e	1.1 e	1 e	1.5 e	1.6 e	0.8 e	-6.7 e	4 e	0.7 e	-3.1 e	-1.4 e	0.4 e	0.9 e	1.7 e	2.2 e	1.3 e	0 e	-7.8 e	9 e	4.3 	0.7 
A,B1G,PCH_PRE,ITC1	: 	: 	: 	: 	: 	: 	1.5 e	0.1 e	0.6 e	1.5 e	1.1 e	1.9 e	0.9 e	-1.7 e	-8.6 e	3.7 e	1.1 e	-4.6 e	0.2 e	-1.1 e	1.3 e	1.3 e	2.9 e	1 e	-0.5 e	-9 e	8.1 e	3.9 	0.3 
A,B1G,PCH_PRE,ITC2	: 	: 	: 	: 	: 	: 	1 e	0.2 e	4.2 e	-0.9 e	-0.4 e	1.2 e	0.3 e	0.4 e	-5.8 e	4.4 e	-0.2 e	-0.6 e	-4.9 e	-1.7 e	-1.2 e	-1.9 e	2.3 e	1 e	-0.3 e	-9.2 e	4.9 e	5.6 	1.5 
A,B1G,PCH_PRE,ITC3	: 	: 	: 	: 	: 	: 	2.5 e	-2.5 e	0.5 e	0.7 e	0.9 e	0.5 e	2.5 e	0 e	-6.6 e	-0.8 e	0.6 e	-3.2 e	-2.8 e	0.8 e	-0.2 e	0.6 e	1.2 e	-0.6 e	0.3 e	-10.9 e	7.1 e	4.2 	1.8 
A,B1G,PCH_PRE,ITC4	: 	: 	: 	: 	: 	: 	2.3 e	1.5 e	0.4 e	1 e	1 e	1.4 e	1.7 e	1.9 e	-6.1 e	4.7 e	0.6 e	-2.6 e	-1.7 e	0.8 e	1 e	2 e	2.1 e	1.7 e	0.2 e	-6.9 e	9.6 e	4.4 	0.7 
A,B1G,PCH_PRE,ITF	: 	: 	: 	: 	: 	: 	1.5 e	-0.2 e	-1.1 e	0.5 e	0.2 e	1.8 e	1.1 e	-1.8 e	-4.9 e	-0.5 e	-0.1 e	-1.9 e	-2.7 e	-0.4 e	1.7 e	0.5 e	0.8 e	0.5 e	0.3 e	-8 e	7.6 e	5.6 	1.3 
A,B1G,PCH_PRE,ITF1	: 	: 	: 	: 	: 	: 	1.7 e	-0.8 e	-1.2 e	-2.1 e	2.5 e	2.2 e	1.8 e	0.3 e	-6.2 e	2.3 e	2.7 e	-1.3 e	-2.2 e	-1.4 e	0 e	0.4 e	0.6 e	-0.1 e	0.6 e	-8.5 e	7.6 e	6 	2.2 
A,B1G,PCH_PRE,ITF2	: 	: 	: 	: 	: 	: 	1.8 e	-0.2 e	-1.2 e	1.5 e	-0.8 e	2.5 e	0.9 e	-4.4 e	-4.3 e	-1.4 e	-1.3 e	-3.5 e	-7.1 e	-1.2 e	1.8 e	0.6 e	1.7 e	1.1 e	1.4 e	-7.7 e	6.1 e	3.5 	1.3 
A,B1G,PCH_PRE,ITF3	: 	: 	: 	: 	: 	: 	1.9 e	1 e	-1 e	0.3 e	-0.1 e	1.5 e	1.4 e	-1.8 e	-4.8 e	-1.9 e	-1.2 e	-2.1 e	-2.6 e	0 e	1.8 e	0.5 e	1 e	0.4 e	0.7 e	-8.7 e	7.3 e	6.5 	1.3 
A,B1G,PCH_PRE,ITF4	: 	: 	: 	: 	: 	: 	0.8 e	-1.2 e	-1.4 e	0.8 e	0.4 e	2.2 e	0.4 e	-2.7 e	-4.6 e	0.8 e	0.4 e	-0.9 e	-3.1 e	-0.1 e	1.1 e	0.8 e	0.6 e	1 e	0 e	-6.7 e	7.9 e	5.8 	1.2 
A,B1G,PCH_PRE,ITF5	: 	: 	: 	: 	: 	: 	-0.8 e	-0.3 e	-3 e	1 e	-1.2 e	2.5 e	1.8 e	-2.8 e	-6.2 e	-2.8 e	2.2 e	-2.2 e	1.5 e	-1.4 e	8.9 e	2.4 e	0.4 e	2.7 e	-1.4 e	-9 e	10.1 e	0.5 	0.4 
A,B1G,PCH_PRE,ITF6	: 	: 	: 	: 	: 	: 	2.1 e	-1.5 e	-0.1 e	2.1 e	-0.6 e	0.7 e	0.7 e	-0.8 e	-4.2 e	-0.7 e	-1 e	-3.5 e	-3 e	-1 e	1.8 e	-0.6 e	0.4 e	-1 e	-0.1 e	-8.1 e	7 e	4.1 	1.4 
A,B1G,PCH_PRE,ITG	: 	: 	: 	: 	: 	: 	2.1 e	-0.5 e	0.3 e	0.8 e	1.3 e	1.5 e	0.1 e	-0.8 e	-4.4 e	-0.3 e	-1.1 e	-1.7 e	-2.6 e	-1.9 e	1.1 e	-0.4 e	0.5 e	-0.7 e	0.3 e	-8 e	7.7 e	7.9 	2 
A,B1G,PCH_PRE,ITG1	: 	: 	: 	: 	: 	: 	2.2 e	-0.5 e	-0.2 e	0.5 e	2 e	1.8 e	-0.2 e	-1.3 e	-4.4 e	-0.2 e	-1.5 e	-2 e	-2.3 e	-2.3 e	0.5 e	0.2 e	0.5 e	-1 e	0 e	-7.6 e	7.8 e	8.3 	2.2 
A,B1G,PCH_PRE,ITG2	: 	: 	: 	: 	: 	: 	2 e	-0.6 e	1.6 e	1.6 e	-0.5 e	0.6 e	1 e	0.6 e	-4.4 e	-0.3 e	0.1 e	-1 e	-3.3 e	-0.7 e	2.5 e	-2.1 e	0.6 e	0.1 e	1.3 e	-8.9 e	7.5 e	6.7 	1.3 
A,B1G,PCH_PRE,ITH	: 	: 	: 	: 	: 	: 	1.1 e	-0.6 e	0.5 e	2.2 e	1.2 e	2.6 e	2.1 e	-1.3 e	-6 e	2.3 e	1.9 e	-2.5 e	-0.4 e	0.7 e	1 e	1.6 e	2.1 e	1.4 e	0.6 e	-8.4 e	8.4 e	4.6 	0.4 
A,B1G,PCH_PRE,ITH1	: 	: 	: 	: 	: 	: 	0 e	-1.8 e	0.8 e	3.3 e	0 e	3.7 e	2.1 e	0.6 e	-1.5 e	3.1 e	2.5 e	2.4 e	0.1 e	0.8 e	1.9 e	1 e	1.8 e	3.5 e	1.5 e	-8.2 e	5.5 e	6.9 	1.2 
A,B1G,PCH_PRE,ITH2	: 	: 	: 	: 	: 	: 	1.4 e	-0.9 e	0.2 e	0.9 e	0.6 e	1.4 e	2.3 e	-0.9 e	-2.8 e	2.6 e	0.8 e	-0.5 e	0.7 e	0.4 e	-0.7 e	1.6 e	1.2 e	3.2 e	1.5 e	-7 e	5.6 e	6 	0.1 
A,B1G,PCH_PRE,ITH3	: 	: 	: 	: 	: 	: 	0.6 e	-1 e	1.9 e	2.8 e	1.2 e	1.7 e	1.7 e	-1.8 e	-5.7 e	1.9 e	1.7 e	-2.9 e	-0.6 e	0.5 e	1.2 e	1.9 e	2.1 e	0.7 e	0.9 e	-9.3 e	8.5 e	5.2 	1 
A,B1G,PCH_PRE,ITH4	: 	: 	: 	: 	: 	: 	2.1 e	-0.7 e	-2.9 e	1 e	2.8 e	2.6 e	1.9 e	-2.5 e	-7.2 e	3.2 e	0.3 e	-4.3 e	0.4 e	-0.2 e	2 e	-0.1 e	1.8 e	1.6 e	0.9 e	-7.8 e	8.4 e	2.1 	-0.5 
A,B1G,PCH_PRE,ITH5	: 	: 	: 	: 	: 	: 	1.4 e	0.1 e	0 e	1.8 e	1 e	3.5 e	2.5 e	-0.7 e	-6.9 e	2.3 e	2.7 e	-2.6 e	-0.5 e	1.1 e	0.6 e	1.8 e	2.3 e	1.4 e	0.1 e	-7.7 e	9.1 e	4 	0 
A,B1G,PCH_PRE,ITI	: 	: 	: 	: 	: 	: 	2.5 e	1.6 e	-0.2 e	2.8 e	0.5 e	2.1 e	1.9 e	-1.6 e	-3.8 e	0.8 e	0.7 e	-3.1 e	-1.9 e	0 e	0 e	1.8 e	1.1 e	0.7 e	1.2 e	-9.7 e	6.6 e	5.9 	0.3 
A,B1G,PCH_PRE,ITI1	: 	: 	: 	: 	: 	: 	1.4 e	0.4 e	0.3 e	1.5 e	0 e	2.3 e	1.7 e	-1.1 e	-4 e	1.1 e	1 e	-1.5 e	-1.7 e	0.9 e	0 e	0.9 e	1.3 e	1.3 e	2.6 e	-12.6 e	8.3 e	6.8 	-0.1 
A,B1G,PCH_PRE,ITI2	: 	: 	: 	: 	: 	: 	1.6 e	-0.5 e	0.4 e	1.3 e	0 e	2 e	0.9 e	-1.2 e	-7.8 e	1.8 e	-0.5 e	-4.1 e	-2.7 e	-2.8 e	2.9 e	-0.7 e	1.5 e	2.1 e	-0.4 e	-9.3 e	7.6 e	4.2 	0 
A,B1G,PCH_PRE,ITI3	: 	: 	: 	: 	: 	: 	1.7 e	2.3 e	-0.5 e	1.9 e	1 e	3.6 e	1.7 e	-2.8 e	-4.6 e	0.5 e	0.1 e	-3.4 e	-2.2 e	1.4 e	-0.5 e	0.7 e	1.7 e	0.6 e	0.5 e	-8.5 e	7.5 e	4.6 	0.3 
A,B1G,PCH_PRE,ITI4	: 	: 	: 	: 	: 	: 	3.5 e	2.3 e	-0.4 e	3.9 e	0.6 e	1.7 e	2.1 e	-1.6 e	-3 e	0.5 e	0.9 e	-3.8 e	-1.9 e	-0.6 e	-0.3 e	2.8 e	0.8 e	0.3 e	0.8 e	-8.3 e	5.3 e	5.9 	0.5 
A,B1G,PCH_PRE,ITZ	: 	: 	: 	: 	: 	: 	-25.3 e	-26 e	18.5 e	29.3 e	-4.5 e	8 e	5.2 e	6.5 e	-9.1 e	-4.1 e	13.4 e	-6.8 e	10.3 e	-1.7 e	-7.8 e	35.2 e	13.8 e	0.9 e	-15.5 e	3.5 e	67.6 e	-64 	-4.7 
A,B1G,PCH_PRE,ITZZ	: 	: 	: 	: 	: 	: 	-25.3 e	-26 e	18.5 e	29.3 e	-4.5 e	8 e	5.2 e	6.5 e	-9.1 e	-4.1 e	13.4 e	-6.8 e	10.3 e	-1.7 e	-7.8 e	35.2 e	13.8 e	0.9 e	-15.5 e	3.5 e	67.6 e	-64 	-4.7 
A,B1G,PCH_PRE,LT	: 	: 	: 	: 	: 	: 	6.5 	6.7 	10.6 	6.5 	7.7 	7.4 	11.1 	2.6 	-14.8 	0.4 	6.3 	4.4 	4 	3.8 	2.8 	2.7 	4.6 	4.9 	4.7 	0 	6.4 	2.5 	0.3 
A,B1G,PCH_PRE,LT0	: 	: 	: 	: 	: 	: 	6.5 	6.7 	10.6 	6.5 	7.7 	7.4 	11.1 	2.6 	-14.8 	0.4 	6.3 	4.4 	4 	3.8 	2.8 	2.7 	4.6 	4.9 	4.7 	0 	6.4 	2.5 	0.3 
A,B1G,PCH_PRE,LT01	: 	: 	: 	: 	: 	: 	8.2 	11.9 	10.9 	7 	9.6 	11.9 	14 	0.7 	-14.9 	0.4 	4.7 	6 	6.4 	5.2 	3.8 	3.4 	4.6 	7.5 	6.8 	0.2 	7.9 	3.9 	4.4 
A,B1G,PCH_PRE,LT02	: 	: 	: 	: 	: 	: 	5.6 	4 	10.3 	6.2 	6.7 	4.8 	9.2 	3.8 	-14.8 	0.5 	7.4 	3.4 	2.6 	2.9 	2.2 	2.2 	4.6 	3.1 	3.2 	-0.1 	5.3 	1.5 	-2.8 
A,B1G,PCH_PRE,LU	: 	1.1 	4.7 	6.6 	7.8 	6.1 	3.6 	3.1 	2.5 	3.7 	2.2 	6.8 	8.1 	-0.5 	-3.3 	3.7 	0.4 	1.4 	3.1 	2 	4.6 	5.1 	0.9 	1 	3.1 	-1.1 	7.5 	1.1 	-1.4 
A,B1G,PCH_PRE,LU0	: 	1.1 	4.7 	6.6 	7.8 	6.1 	3.6 	3.1 	2.5 	3.7 	2.2 	6.8 	8.1 	-0.5 	-3.3 	3.7 	0.4 	1.4 	3.1 	2 	4.6 	5.1 	0.9 	1 	3.1 	-1.1 	7.5 	1.1 	-1.4 
A,B1G,PCH_PRE,LU00	: 	1.1 	4.7 	6.6 	7.8 	6.1 	3.6 	3.1 	2.5 	3.7 	2.2 	6.8 	8.1 	-0.5 	-3.3 	3.7 	0.4 	1.4 	3.1 	2 	4.6 	5.1 	0.9 	1 	3.1 	-1.1 	7.5 	1.1 	-1.4 
A,B1G,PCH_PRE,LV	: 	: 	: 	: 	: 	: 	6.6 	7.9 	8.4 	8.7 	11.9 	12.3 	9.5 	-1.8 	-13.7 	-4.3 	2.6 	6.9 	1.4 	1.8 	3.5 	2 	3.4 	3.7 	0.6 	-3.5 	7.3 	1.6 	2.5 
A,B1G,PCH_PRE,LV0	: 	: 	: 	: 	: 	: 	6.7 	8 	8.4 	8.8 	11.9 	12.5 	9.6 	-1.7 	-13.6 	-4.1 	2.8 	7.1 	1.6 	1.9 	3.7 	2.2 	3.5 	3.8 	0.8 	-3.4 	7.5 	1.7 	2.6 
A,B1G,PCH_PRE,LV00	: 	: 	: 	: 	: 	: 	6.7 	8 	8.4 	8.8 	11.9 	12.5 	9.6 	-1.7 	-13.6 	-4.1 	2.8 	7.1 	1.6 	1.9 	3.7 	2.2 	3.5 	3.8 	0.8 	-3.4 	7.5 	1.7 	2.6 
A,B1G,PCH_PRE,ME	: 	: 	: 	: 	: 	: 	: 	: 	: 	: 	: 	: 	5.9 	7.1 	-3.9 	2.7 	3.7 	-2.2 	4.1 	1.9 	3.8 	2.4 	4.6 	6 	4.2 	-14.4 	13.2 	6.3 	5.7 
A,B1G,PCH_PRE,ME0	: 	: 	: 	: 	: 	: 	: 	: 	: 	: 	: 	: 	5.9 	7.1 	-3.9 	2.7 	3.7 	-2.2 	4.1 	1.9 	3.8 	2.4 	4.6 	6 	4.2 	-14.4 	13.2 	6.3 	5.7 
A,B1G,PCH_PRE,ME00	: 	: 	: 	: 	: 	: 	: 	: 	: 	: 	: 	: 	5.9 	7.1 	-3.9 	2.7 	3.7 	-2.2 	4.1 	1.9 	3.8 	2.4 	4.6 	6 	4.2 	-14.4 	13.2 	6.3 	5.7 
A,B1G,PCH_PRE,MK	: 	: 	: 	: 	: 	: 	-2.7 	1.2 	2.6 	4.6 	4.2 	4.5 	5.9 	5.7 	-0.3 	3.4 	1.9 	-0.7 	3.9 	5 	4.4 	2 	0.9 	2.9 	3.8 	-4.3 	4 	2.9 	2.3 p
A,B1G,PCH_PRE,MK0	: 	: 	: 	: 	: 	: 	-2.7 	1.2 	2.6 	4.6 	4.2 	4.5 	5.9 	5.7 	-0.3 	3.4 	1.9 	-0.7 	3.9 	5 	4.4 	2 	0.9 	2.9 	3.8 	-4.3 	4 	2.9 	2.3 p
A,B1G,PCH_PRE,MK00	: 	: 	: 	: 	: 	: 	-2.7 	1.2 	2.6 	4.6 	4.2 	4.5 	5.9 	5.7 	-0.3 	3.4 	1.9 	-0.7 	3.9 	5 	4.4 	2 	0.9 	2.9 	3.8 	-4.3 	4 	2.9 	2.3 p
A,B1G,PCH_PRE,MT	: 	: 	: 	: 	: 	: 	-1.3 	3.5 	4.5 	-1 	0.7 	2.8 	5.6 	5 	0.6 	5.8 	-0.9 	4.8 	7.7 	9.1 	9.1 	4.2 	13.2 	7.5 	4.2 	-0.2 	13.1 	6 	5.3 
A,B1G,PCH_PRE,MT0	: 	: 	: 	: 	: 	: 	-1.4 	3.6 	4.5 	-1.1 	0.6 	2.8 	5.6 	5 	0.5 	5.7 	-0.9 	4.8 	7.8 	9.1 	9.2 	4.2 	13.2 	7.5 	4.2 	-0.2 	13 	6 	5.2 
A,B1G,PCH_PRE,MT00	: 	: 	: 	: 	: 	: 	-1.4 	3.6 	4.5 	-1.1 	0.6 	2.8 	5.6 	5 	0.5 	5.7 	-0.9 	4.8 	7.8 	9.1 	9.2 	4.2 	13.2 	7.5 	4.2 	-0.2 	13 	6 	5.2 
A,B1G,PCH_PRE,MTZ	: 	: 	: 	: 	: 	: 	12.3 	-0.9 	-3.3 	28.2 	14 	2.1 	14.2 	6.9 	4.7 	12.6 	2.3 	2.9 	0.6 	-2.7 	-2.3 	-0.8 	3.4 	6.5 	5.6 	-27.5 	58.6 	1.6 	41.9 
A,B1G,PCH_PRE,MTZZ	: 	: 	: 	: 	: 	: 	12.3 	-0.9 	-3.3 	28.2 	14 	2.1 	14.2 	6.9 	4.7 	12.6 	2.3 	2.9 	0.6 	-2.7 	-2.3 	-0.8 	3.4 	6.5 	5.6 	-27.5 	58.6 	1.6 	41.9 
A,B1G,PCH_PRE,NL	: 	: 	: 	: 	: 	: 	2.4 e	0.2 e	0.1 e	2.1 e	2.1 e	3.3 e	3.9 e	2.5 e	-3.3 e	: 	: 	: 	: 	: 	: 	: 	: 	: 	: 	: 	: 	: 	: 
A,B1G,PCH_PRE,NL1	: 	: 	: 	: 	: 	: 	2.8 e	0.5 e	0.2 e	1.5 e	0.7 e	1.4 e	2.7 e	2.6 e	-3.6 e	: 	: 	: 	: 	: 	: 	: 	: 	: 	: 	: 	: 	: 	: 
A,B1G,PCH_PRE,NL11	: 	: 	: 	: 	: 	: 	2.2 e	0.9 e	-0.5 e	2 e	-0.8 e	0.1 e	1 e	3.3 e	-4.2 e	: 	: 	: 	: 	: 	: 	: 	: 	: 	: 	: 	: 	: 	: 
A,B1G,PCH_PRE,NL12	: 	: 	: 	: 	: 	: 	3.4 e	-0.7 e	1.6 e	1.3 e	2.4 e	2.3 e	4.2 e	1.9 e	-2.4 e	: 	: 	: 	: 	: 	: 	: 	: 	: 	: 	: 	: 	: 	: 
A,B1G,PCH_PRE,NL13	: 	: 	: 	: 	: 	: 	3.1 e	1.3 e	-0.2 e	0.9 e	1.2 e	2.7 e	4.1 e	2.2 e	-4.1 e	: 	: 	: 	: 	: 	: 	: 	: 	: 	: 	: 	: 	: 	: 
A,B1G,PCH_PRE,NL2	: 	: 	: 	: 	: 	: 	3.2 e	-0.4 e	1 e	1.5 e	2 e	4.6 e	3.8 e	2.7 e	-1.6 e	: 	: 	: 	: 	: 	: 	: 	: 	: 	: 	: 	: 	: 	: 
A,B1G,PCH_PRE,NL21	: 	: 	: 	: 	: 	: 	3.1 e	-0.7 e	0.8 e	1.6 e	2.3 e	2.9 e	4.2 e	4.2 e	-1 e	: 	: 	: 	: 	: 	: 	: 	: 	: 	: 	: 	: 	: 	: 
A,B1G,PCH_PRE,NL22	: 	: 	: 	: 	: 	: 	2.9 e	-0.5 e	0.4 e	1 e	1.6 e	4.9 e	3.3 e	2.4 e	-1.4 e	: 	: 	: 	: 	: 	: 	: 	: 	: 	: 	: 	: 	: 	: 
A,B1G,PCH_PRE,NL23	: 	: 	: 	: 	: 	: 	6.2 e	1.2 e	5.6 e	3.7 e	3.6 e	8 e	5.4 e	-0.1 e	-4.7 e	: 	: 	: 	: 	: 	: 	: 	: 	: 	: 	: 	: 	: 	: 
A,B1G,PCH_PRE,NL3	: 	: 	: 	: 	: 	: 	2 e	0.8 e	-0.1 e	2.1 e	2.4 e	3.3 e	4.4 e	2.4 e	-3.7 e	: 	: 	: 	: 	: 	: 	: 	: 	: 	: 	: 	: 	: 	: 
A,B1G,PCH_PRE,NL32	: 	: 	: 	: 	: 	: 	0.4 e	3.4 e	-0.4 e	2.8 e	1.9 e	3.6 e	3.6 e	2.5 e	-4.2 e	: 	: 	: 	: 	: 	: 	: 	: 	: 	: 	: 	: 	: 	: 
A,B1G,PCH_PRE,NL34	: 	: 	: 	: 	: 	: 	2 e	3.9 e	2.4 e	1.6 e	0.8 e	1.1 e	8.3 e	5.1 e	-7.2 e	: 	: 	: 	: 	: 	: 	: 	: 	: 	: 	: 	: 	: 	: 
A,B1G,PCH_PRE,NL4	: 	: 	: 	: 	: 	: 	2.3 e	-1 e	-0.1 e	2.7 e	2.2 e	3.4 e	3.3 e	2.2 e	-3.4 e	: 	: 	: 	: 	: 	: 	: 	: 	: 	: 	: 	: 	: 	: 
A,B1G,PCH_PRE,NL41	: 	: 	: 	: 	: 	: 	2.4 e	-1.4 e	0.1 e	2.5 e	2.9 e	3.5 e	2.8 e	2.7 e	-2.9 e	: 	: 	: 	: 	: 	: 	: 	: 	: 	: 	: 	: 	: 	: 
A,B1G,PCH_PRE,NL42	: 	: 	: 	: 	: 	: 	2.1 e	0.2 e	-0.7 e	3 e	0.4 e	3 e	4.5 e	1 e	-4.5 e	: 	: 	: 	: 	: 	: 	: 	: 	: 	: 	: 	: 	: 	: 
A,B1G,PCH_PRE,NLZ	: 	: 	: 	: 	: 	: 	3 e	1 e	-0.7 e	8.1 e	-11.9 e	-1.7 e	-2.8 e	9 e	-7.8 e	: 	: 	: 	: 	: 	: 	: 	: 	: 	: 	: 	: 	: 	: 
A,B1G,PCH_PRE,NLZZ	: 	: 	: 	: 	: 	: 	3 e	1 e	-0.7 e	8.1 e	-11.9 e	-1.7 e	-2.8 e	8.9 e	-7.8 e	: 	: 	: 	: 	: 	: 	: 	: 	: 	: 	: 	: 	: 	: 
A,B1G,PCH_PRE,NO	: 	: 	: 	: 	: 	: 	: 	: 	: 	: 	: 	: 	: 	: 	-2.1 e	0.5 e	0.8 e	2.6 e	0.9 e	2.1 e	1.8 e	1 e	2.4 e	0.7 e	1.2 e	-1.2 e	3.8 e	3.1 e	: 
A,B1G,PCH_PRE,PL	: 	: 	: 	: 	: 	: 	1.4 	2 	3.3 	5.3 	3.4 	6.1 	7.1 	4 	3.1 	2.8 	5 	1.4 	0.8 	3.7 	4.5 	2.8 	5 	5.9 	4.3 	-0.8 b	6.6 	5.5 	1.2 p
A,B1G,PCH_PRE,PL2	: 	: 	: 	: 	: 	: 	0.7 	2.9 	3.3 	4.5 	1.7 	7.9 	7.4 	5.7 	2.3 	2.5 	5.6 	0.9 	0.1 	3.8 	5.2 	3.1 	5 	6.1 	3.5 	-1.7 b	8.4 	4.6 	0.7 p
A,B1G,PCH_PRE,PL21	: 	: 	: 	: 	: 	: 	-0.6 	3.2 	4.6 	7.1 	3.9 	4.5 	4.7 	5.6 	3.4 	1.6 	6 	1.2 	0.5 	4 	5.9 	3 	6.1 	6.7 	4.1 	-0.5 b	7.5 	3.5 	2.1 p
A,B1G,PCH_PRE,PL22	: 	: 	: 	: 	: 	: 	1.4 	2.7 	2.5 	3 	0.5 	9.9 	9.1 	5.8 	1.6 	3.1 	5.3 	0.7 	-0.1 	3.6 	4.9 	3.2 	4.4 	5.8 	3.1 	-2.6 b	9.1 	5.4 	-0.2 p
A,B1G,PCH_PRE,PL4	: 	: 	: 	: 	: 	: 	0.7 	0.4 	3.4 	8.1 	3.6 	4.7 	4.8 	2.7 	3.2 	2 	4.7 	2 	0.8 	4.4 	4.8 	2.9 	5.1 	5.1 	4.2 	-0.2 b	6.4 	5.2 	0 p
A,B1G,PCH_PRE,PL41	: 	: 	: 	: 	: 	: 	1.5 	0.2 	5.3 	9.9 	3.1 	4.2 	5.4 	2.6 	4 	1.6 	5.5 	2.4 	1.3 	4.4 	5.5 	3.4 	5.3 	5.1 	4.9 	-0.1 b	6.2 	5.7 	-0.2 p
A,B1G,PCH_PRE,PL42	: 	: 	: 	: 	: 	: 	-1.1 	0.4 	0.2 	4 	3.1 	5.6 	2.9 	1.7 	3.2 	2.7 	3.4 	0.9 	0 	4.2 	4 	2 	5.1 	5.5 	2.8 	-0.6 b	6.5 	3.9 	0.6 p
A,B1G,PCH_PRE,PL43	: 	: 	: 	: 	: 	: 	0.5 	1.2 	1.9 	8.6 	6.3 	5.2 	5.8 	4.8 	0.1 	2.4 	3.7 	2 	-0.1 	4.7 	2.9 	2.3 	4 	4.2 	3.2 	-0.3 b	6.9 	5.2 	0.1 p
A,B1G,PCH_PRE,PL5	: 	: 	: 	: 	: 	: 	-0.2 	3.1 	1.6 	3.6 	3.8 	2.9 	9.1 	3.2 	1.9 	3.7 	5.7 	1.3 	-0.5 	4.2 	3.7 	1.7 	4.6 	5.1 	4 	-1.2 b	7.9 	4.6 	-0.2 p
A,B1G,PCH_PRE,PL51	: 	: 	: 	: 	: 	: 	0.2 	3.4 	2 	3 	5.4 	2.4 	9.4 	4.2 	2.6 	4.2 	5.8 	1.5 	-0.5 	4 	3.9 	2 	4.7 	5.1 	4.2 	-1 b	8 	5 	-0.2 p
A,B1G,PCH_PRE,PL52	: 	: 	: 	: 	: 	: 	-1.9 	1.9 	0.5 	5.6 	-1.6 	4.3 	8 	-0.2 	-0.8 	1.7 	5.1 	0.4 	-0.1 	4.7 	2.6 	0.6 	4.6 	4.9 	3.5 	-2.1 b	7.3 	2.6 	-0.3 p
A,B1G,PCH_PRE,PL6	: 	: 	: 	: 	: 	: 	1.5 	2.9 	3.2 	6.6 	2.8 	5.4 	6.6 	3 	2.9 	2.4 	4.6 	1.2 	0.4 	3.4 	4.6 	2.9 	4.3 	5.6 	3.6 	-0.9 b	7.3 	5.4 	1.3 p
A,B1G,PCH_PRE,PL61	: 	: 	: 	: 	: 	: 	2.1 	2 	2.8 	6.6 	2.4 	6.8 	7 	3.6 	-0.5 	2.3 	3.8 	0.3 	0.9 	2.9 	4 	1.9 	4.2 	5.9 	2.3 	0.5 b	7 	5.4 	-1.7 p
A,B1G,PCH_PRE,PL62	: 	: 	: 	: 	: 	: 	-1 	2 	5.9 	3.6 	1.6 	4 	3.9 	4.2 	3 	2.7 	4 	-0.1 	0 	4.6 	2.6 	1.7 	4 	3.6 	3 	0.4 b	6.9 	4.2 	0.9 p
A,B1G,PCH_PRE,PL63	: 	: 	: 	: 	: 	: 	2.3 	4.1 	2.3 	8.1 	3.7 	5 	7.6 	2 	5.7 	2.4 	5.4 	2.6 	0.2 	3.3 	6.1 	4.1 	4.7 	6.4 	4.8 	-2.6 b	7.7 	5.8 	3.6 p
A,B1G,PCH_PRE,PL7	: 	: 	: 	: 	: 	: 	1.3 	3.4 	4.8 	5 	2 	6.7 	6.4 	5.4 	1.3 	3.6 	3.9 	1.4 	-0.6 	4.1 	3.4 	1.3 	4.3 	5.1 	4.1 	0.8 b	5.7 	3.7 	-0.3 p
A,B1G,PCH_PRE,PL71	: 	: 	: 	: 	: 	: 	1.7 	3.5 	4.8 	5.1 	3 	6.2 	6.2 	5.3 	2.1 	4.3 	4.2 	2 	-0.2 	4.2 	3.6 	1.4 	4.5 	4.7 	4.9 	0.9 b	5.3 	4.1 	-0.8 p
A,B1G,PCH_PRE,PL72	: 	: 	: 	: 	: 	: 	0.5 	3.2 	4.6 	4.8 	-0.3 	7.7 	7 	5.4 	-0.4 	2.2 	3.3 	-0.3 	-1.6 	3.6 	2.8 	1 	3.8 	6.1 	2 	0.4 b	6.8 	2.7 	1.1 p
A,B1G,PCH_PRE,PL8	: 	: 	: 	: 	: 	: 	3.3 	1.9 	3.6 	3.7 	3.3 	4.6 	5.7 	4.5 	2.1 	2.8 	5.3 	0.7 	1.6 	3 	2.7 	2.4 	4.6 	5.2 	4.1 	-1 b	6.6 	5.5 	1.8 p
A,B1G,PCH_PRE,PL81	: 	: 	: 	: 	: 	: 	2.5 	1.1 	3.9 	2.8 	1.7 	4.6 	6.2 	4.9 	1.2 	3 	5.3 	1.6 	1.1 	2.8 	1.7 	2.7 	4.1 	3.3 	3.9 	-0.2 b	6.3 	6 	0.8 p
A,B1G,PCH_PRE,PL82	: 	: 	: 	: 	: 	: 	3.4 	2.6 	3.8 	5.6 	5.4 	5.4 	5 	5.7 	1.8 	2.9 	6 	0.2 	1.8 	3 	4 	2.7 	4.7 	7 	3.9 	-3.5 b	8.2 	4.8 	1.5 p
A,B1G,PCH_PRE,PL84	: 	: 	: 	: 	: 	: 	4.8 	2.1 	2.7 	1.8 	2.5 	3 	5.9 	1.9 	4.1 	2 	4.1 	0.1 	2 	3.5 	1.9 	1.3 	5.5 	5.2 	4.6 	2.2 b	4.6 	5.7 	3.9 p
A,B1G,PCH_PRE,PL9	: 	: 	: 	: 	: 	: 	2.3 	0.4 	3.4 	5 	5.8 	7.9 	8.8 	3.2 	5.9 	3.2 	4.8 	1.9 	2.4 	3.4 	5.4 	3.8 	5.9 	7.5 	6.1 	-0.7 b	4.6 	7.5 	3.1 p
A,B1G,PCH_PRE,PL91	: 	: 	: 	: 	: 	: 	1.9 	0.3 	3.2 	4.1 	6.8 	8.1 	9.6 	2.8 	5.9 	2.8 	4.1 	2.2 	3.4 	3 	5.5 	3.9 	6.7 	8.9 	6.1 	-1.5 b	4.7 	7.9 	2.8 p
A,B1G,PCH_PRE,PL92	: 	: 	: 	: 	: 	: 	3.4 	1.1 	4 	7.6 	2.7 	7.2 	6.4 	4.7 	6 	4.5 	6.8 	0.8 	-0.7 	4.8 	4.8 	3.4 	3.4 	3 	6 	2 b	4.2 	6.3 	3.7 p
A,B1G,PCH_PRE,PT	: 	: 	: 	: 	: 	: 	: 	: 	: 	: 	: 	: 	: 	: 	: 	: 	: 	: 	: 	: 	: 	: 	: 	: 	: 	: 	: 	6.9 	2.6 p
A,B1G,PCH_PRE,PT1	: 	: 	: 	: 	: 	: 	: 	: 	: 	: 	: 	: 	: 	: 	: 	: 	: 	: 	: 	: 	: 	: 	: 	: 	: 	: 	: 	6.7 	2.6 p
A,B1G,PCH_PRE,PT11	: 	: 	: 	: 	: 	: 	: 	: 	: 	: 	: 	: 	: 	: 	: 	: 	: 	: 	: 	: 	: 	: 	: 	: 	: 	: 	: 	5.1 	2.4 p
A,B1G,PCH_PRE,PT15	: 	: 	: 	: 	: 	: 	: 	: 	: 	: 	: 	: 	: 	: 	: 	: 	: 	: 	: 	: 	: 	: 	: 	: 	: 	: 	: 	20.6 	3.4 p
A,B1G,PCH_PRE,PT19	: 	: 	: 	: 	: 	: 	: 	: 	: 	: 	: 	: 	: 	: 	: 	: 	: 	: 	: 	: 	: 	: 	: 	: 	: 	: 	: 	4.1 	1.5 p
A,B1G,PCH_PRE,PT1A	: 	: 	: 	: 	: 	: 	: 	: 	: 	: 	: 	: 	: 	: 	: 	: 	: 	: 	: 	: 	: 	: 	: 	: 	: 	: 	: 	9 	3.4 p
A,B1G,PCH_PRE,PT1B	: 	: 	: 	: 	: 	: 	: 	: 	: 	: 	: 	: 	: 	: 	: 	: 	: 	: 	: 	: 	: 	: 	: 	: 	: 	: 	: 	5.5 	1.8 p
A,B1G,PCH_PRE,PT1C	: 	: 	: 	: 	: 	: 	: 	: 	: 	: 	: 	: 	: 	: 	: 	: 	: 	: 	: 	: 	: 	: 	: 	: 	: 	: 	: 	1.6 	0.5 p
A,B1G,PCH_PRE,PT1D	: 	: 	: 	: 	: 	: 	: 	: 	: 	: 	: 	: 	: 	: 	: 	: 	: 	: 	: 	: 	: 	: 	: 	: 	: 	: 	: 	4 	3 p
A,B1G,PCH_PRE,PT2	: 	: 	: 	: 	: 	: 	: 	: 	: 	: 	: 	: 	: 	: 	: 	: 	: 	: 	: 	: 	: 	: 	: 	: 	: 	: 	: 	6.2 	3.5 p
A,B1G,PCH_PRE,PT20	: 	: 	: 	: 	: 	: 	: 	: 	: 	: 	: 	: 	: 	: 	: 	: 	: 	: 	: 	: 	: 	: 	: 	: 	: 	: 	: 	6.2 	3.5 p
A,B1G,PCH_PRE,PT3	: 	: 	: 	: 	: 	: 	: 	: 	: 	: 	: 	: 	: 	: 	: 	: 	: 	: 	: 	: 	: 	: 	: 	: 	: 	: 	: 	16.6 	4.5 p
A,B1G,PCH_PRE,PT30	: 	: 	: 	: 	: 	: 	: 	: 	: 	: 	: 	: 	: 	: 	: 	: 	: 	: 	: 	: 	: 	: 	: 	: 	: 	: 	: 	16.6 	4.5 p
A,B1G,PCH_PRE,PTZ	: 	: 	: 	: 	: 	: 	: 	: 	: 	: 	: 	: 	: 	: 	: 	: 	: 	: 	: 	: 	: 	: 	: 	: 	: 	: 	: 	9.2 	2.4 p
A,B1G,PCH_PRE,PTZZ	: 	: 	: 	: 	: 	: 	: 	: 	: 	: 	: 	: 	: 	: 	: 	: 	: 	: 	: 	: 	: 	: 	: 	: 	: 	: 	: 	9.2 	2.4 p
A,B1G,PCH_PRE,RO	: 	: 	: 	: 	: 	: 	5.8 	5.1 	2.3 	10.6 	4 	8.5 	7 	9.5 	-4.4 	-5.2 	4.3 	2 	0.4 	4.2 	2.7 	2.8 	8.4 	5.7 	3.8 	-3.5 	5.2 	3.1 	2.1 p
A,B1G,PCH_PRE,RO1	: 	: 	: 	: 	: 	: 	5.9 	7.8 	1.1 	8 	1.6 	9.4 	9.1 	2.3 	-4.3 	-5 	0.7 	4 	-0.3 	5.6 	1.6 	4 	10.4 	6 	3.4 	-3.5 	5.8 	3.2 	2 p
A,B1G,PCH_PRE,RO11	: 	: 	: 	: 	: 	: 	8.8 	8.7 	1.7 	10.5 	3 	9.3 	9.1 	2.7 	-4 	-5.9 	-0.1 	4.5 	0.7 	7.8 	2 	5.4 	13.6 	5.1 	5.5 	-2.7 	6.6 	5.3 	2.1 p
A,B1G,PCH_PRE,RO12	: 	: 	: 	: 	: 	: 	3.2 	6.8 	0.5 	5.6 	0.3 	9.4 	9.2 	1.8 	-4.7 	-4 	1.6 	3.6 	-1.3 	3.3 	1.1 	2.6 	7.2 	7.1 	1.2 	-4.3 	4.9 	1 	1.8 p
A,B1G,PCH_PRE,RO2	: 	: 	: 	: 	: 	: 	5.9 	5 	-0.3 	9.5 	-0.6 	6 	2.4 	3.9 	-4.1 	-9.1 	-0.4 	-2.2 	1.9 	2.1 	-1 	-0.9 	5.6 	2.8 	0.5 	-6.3 	2.2 	-3.5 	2.3 p
A,B1G,PCH_PRE,RO21	: 	: 	: 	: 	: 	: 	7.6 	5.6 	-1 	5.1 	0.5 	4.5 	3.7 	2.6 	-7.2 	-10.4 	-6.3 	-2.5 	-3.2 	-0.5 	-3.9 	-2.7 	5.2 	1.5 	0.2 	-6.3 	0.9 	-0.4 	2.7 p
A,B1G,PCH_PRE,RO22	: 	: 	: 	: 	: 	: 	4.1 	4.4 	0.5 	14.1 	-1.6 	7.5 	1.2 	5.1 	-0.9 	-7.8 	5.6 	-1.9 	6.7 	4.5 	1.7 	0.8 	5.9 	4.1 	0.8 	-6.4 	3.8 	-6.7 	2 p
A,B1G,PCH_PRE,RO3	: 	: 	: 	: 	: 	: 	4.7 	6.3 	3.3 	13.8 	10.7 	8.7 	9.8 	18.7 	-4.9 	-2.6 	10.2 	1.8 	1.7 	5.6 	4.9 	4.2 	9.2 	6.6 	6.1 	-0.6 	7.3 	7.2 	2.3 p
A,B1G,PCH_PRE,RO31	: 	: 	: 	: 	: 	: 	6.2 	0.8 	-0.5 	11.8 	-0.2 	5.2 	-0.3 	5.3 	-2.7 	-14.5 	2.2 	-10.2 	0.2 	8.3 	-1.8 	-1.5 	0.2 	2.7 	-2.7 	-6.7 	-0.3 	-3.8 	1.7 p
A,B1G,PCH_PRE,RO32	: 	: 	: 	: 	: 	: 	3.9 	9.7 	5.6 	14.9 	17.3 	10.6 	15.2 	25.7 	-6 	3.8 	14.2 	7.7 	2.4 	4.4 	8.3 	6.8 	13.2 	8.3 	10 	2 	10.4 	11.7 	2.5 p
A,B1G,PCH_PRE,RO4	: 	: 	: 	: 	: 	: 	7.6 	-0.5 	5.3 	9.6 	0.4 	10.1 	4.4 	7.1 	-4 	-6.5 	2.2 	5.1 	-3.3 	1.6 	3.5 	2.6 	7.3 	7 	3.2 	-6.9 	3 	1.3 	1.7 p
A,B1G,PCH_PRE,RO41	: 	: 	: 	: 	: 	: 	8.9 	-5.8 	7.4 	8.2 	-3.2 	7.5 	1 	2 	-4.8 	-12.2 	-2.8 	-2.4 	-6.2 	-3.4 	-1.6 	-2 	6.7 	4.8 	-0.2 	-8.6 	-2.3 	-3.9 	1.6 p
A,B1G,PCH_PRE,RO42	: 	: 	: 	: 	: 	: 	6.4 	4.5 	3.5 	10.8 	3.7 	12.3 	7.2 	11.3 	-3.4 	-1.8 	5.9 	10.9 	-1.1 	5.6 	7.5 	6.1 	7.7 	8.7 	6 	-5.5 	7.3 	5.5 	1.9 p
A,B1G,PCH_PRE,ROZ	: 	: 	: 	: 	: 	: 	-12.8 	-16 	1.3 	-2.1 	-7.2 	-9.3 	33.5 	5.5 	-2.6 	42.4 	-16.9 	-13.9 	-8.5 	-5.4 	24 	-10.1 	-3 	-7.1 	-6.5 	-5.5 	-14.7 	24.9 	0.8 p
A,B1G,PCH_PRE,ROZZ	: 	: 	: 	: 	: 	: 	-12.8 	-16 	1.3 	-2.1 	-7.2 	-9.3 	33.5 	5.5 	-2.6 	42.4 	-16.9 	-13.9 	-8.5 	-5.4 	24 	-10.1 	-3 	-7.1 	-6.5 	-5.5 	-14.7 	24.9 	0.8 p
A,B1G,PCH_PRE,RS	: 	: 	: 	: 	: 	: 	6 	6.3 	4.1 	4.6 	6.5 	2.5 	7.5 	5.3 	-2.6 	2 	0.3 	0.1 	0.9 	-1.9 	1.6 	2.8 	2.6 	5 	4.8 	-0.5 	7.9 	2.5 p	4.8 p
A,B1G,PCH_PRE,RS1	: 	: 	: 	: 	: 	: 	8.8 	7.5 	3.6 	8.7 	6.5 	3 	10.6 	6.2 	-4.8 	2.4 	0 	1.7 	0.5 	-3.8 	1.5 	3.7 	2.7 	5.5 	5.4 	-0.7 	5.4 	2.1 p	7.6 p
A,B1G,PCH_PRE,RS11	: 	: 	: 	: 	: 	: 	12 	17.3 	8.4 	13 	6 	5.6 	11.8 	8.4 	-4 	2.3 	-2.6 	1.9 	-0.4 	-5.8 	3.2 	4 	3.2 	7.2 	6.3 	-1 	4.1 	1.3 p	11.3 p
A,B1G,PCH_PRE,RS12	: 	: 	: 	: 	: 	: 	6.3 	-1.2 	-1.8 	3.1 	7.3 	-0.7 	8.7 	2.8 	-6.2 	2.5 	4.6 	1.5 	2 	-0.5 	-1 	3.2 	1.9 	2.7 	3.8 	-0.1 	7.7 	3.5 p	1.5 p
A,B1G,PCH_PRE,RS2	: 	: 	: 	: 	: 	: 	1.9 	4.4 	5 	-2.2 	6.4 	1.7 	1.4 	3.3 	2.2 	1.1 	0.9 	-3.2 	1.7 	2.1 	1.8 	0.9 	2.6 	4 	3.6 	-0.1 	13.4 	3.3 p	-0.5 p
A,B1G,PCH_PRE,RS21	: 	: 	: 	: 	: 	: 	2.7 	4.3 	6 	-1.5 	7.9 	0.1 	7.2 	2.6 	2.5 	0.1 	0.7 	-2.4 	1.8 	4.7 	2.2 	0.5 	1.4 	1.4 	3.9 	-1 	9.1 	3.5 p	-2 p
A,B1G,PCH_PRE,RS22	: 	: 	: 	: 	: 	: 	1 	4.6 	3.9 	-2.9 	4.7 	3.6 	-5.4 	4.2 	1.7 	2.3 	1.2 	-4.1 	1.6 	-1.3 	1.1 	1.6 	4.2 	7.5 	3.2 	1.1 	18.7 	3.1 p	1.2 p
A,B1G,PCH_PRE,RSZ	: 	: 	: 	: 	: 	: 	3.5 	10.4 	2.8 	7.6 	0.4 	-3.9 	5.4 	1.8 	4.3 	4.7 	-3.5 	16.7 	-6.3 	0.2 	19.4 	-2.8 	-0.4 	-19.4 	-9.2 	-9.1 	0.3 	-3.1 p	-6.9 p
A,B1G,PCH_PRE,RSZZ	: 	: 	: 	: 	: 	: 	3.5 	10.4 	2.8 	7.6 	0.4 	-3.9 	5.4 	1.8 	4.3 	4.7 	-3.5 	16.7 	-6.3 	0.2 	19.4 	-2.8 	-0.4 	-19.4 	-9.2 	-9.1 	0.3 	-3.1 p	-6.9 p
A,B1G,PCH_PRE,SE	: 	: 	: 	: 	: 	: 	1.3 	2.2 	1.9 	4.5 	2.6 	4.9 	3.2 	-1 	-4.6 	5.9 	3.6 	-0.4 	1.1 	2.3 	4.3 	2 	1.9 	2 	2.7 	-2.3 	6.2 	1.7 	-0.1 
A,B1G,PCH_PRE,SE1	: 	: 	: 	: 	: 	: 	1.3 	2.6 	1.4 	4.9 	3.2 	5 	4.4 	-0.7 	-1.5 	4.7 	4.8 	0.3 	1.4 	3.1 	4.9 	2.3 	1.5 	3.3 	3.1 	-1.9 	6.1 	1.9 	0.4 
A,B1G,PCH_PRE,SE11	: 	: 	: 	: 	: 	: 	1 	2.5 	1.5 	5.5 	3.8 	5.2 	5.5 	-0.2 	0.7 	3.4 	5.3 	0.3 	2 	4.1 	5.6 	2.1 	0.8 	4.2 	4.2 	-2.2 	5.7 	1.4 	0.3 
A,B1G,PCH_PRE,SE12	: 	: 	: 	: 	: 	: 	1.9 	2.7 	1.4 	4 	2 	4.5 	2.2 	-1.6 	-6.1 	7.5 	3.5 	0.4 	0.1 	0.8 	3.3 	2.8 	3 	1.3 	0.8 	-1.4 	6.9 	3.2 	0.5 
A,B1G,PCH_PRE,SE2	: 	: 	: 	: 	: 	: 	1.6 	2.2 	2.7 	3.9 	2.1 	5.9 	4.2 	-1.5 	-7 	6.1 	3.6 	-1.4 	1.4 	2.4 	4.7 	1.9 	2.4 	1.2 	2.5 	-3 	6.8 	1.2 	1.1 
A,B1G,PCH_PRE,SE21	: 	: 	: 	: 	: 	: 	0.2 	1.8 	1.6 	4.8 	-2.4 	5.9 	2 	0.1 	-11.2 	7 	4.1 	-1.9 	0.4 	1.8 	3.5 	3 	3.7 	-0.5 	0.9 	-2.7 	8.4 	0.3 	-0.9 
A,B1G,PCH_PRE,SE22	: 	: 	: 	: 	: 	: 	0.2 	3 	1.1 	4.3 	3 	4.7 	7.9 	-5.8 	-5 	5.9 	1.8 	-0.6 	1.4 	3.2 	3.5 	0.1 	2.9 	2.1 	3.5 	-0.7 	4.9 	0.6 	2.9 
A,B1G,PCH_PRE,SE23	: 	: 	: 	: 	: 	: 	3.1 	1.7 	4.2 	3.2 	3.4 	6.7 	2.6 	0.9 	-6.7 	6 	4.6 	-1.8 	1.9 	2.2 	5.9 	2.6 	1.6 	1.2 	2.4 	-4.6 	7.6 	1.9 	0.7 
A,B1G,PCH_PRE,SE3	: 	: 	: 	: 	: 	: 	0.8 	1.5 	1.4 	4.9 	2.4 	2.3 	-2.4 	-0.2 	-6.7 	8.8 	0.7 	0.1 	-0.6 	0 	1.6 	1.4 	2.2 	0.2 	2.3 	-1.8 	4.6 	2.2 	-4.5 
A,B1G,PCH_PRE,SE31	: 	: 	: 	: 	: 	: 	-2.2 	3.4 	2.6 	4.2 	2 	2.6 	-2.1 	-1 	-7.4 	8.5 	1.5 	0.9 	-0.2 	0.3 	1.7 	2.4 	1.4 	0.5 	2.1 	-2.7 	3 	2.3 	-7.6 
A,B1G,PCH_PRE,SE32	: 	: 	: 	: 	: 	: 	6.4 	-1.9 	-0.8 	4.9 	4.4 	0.5 	-2.3 	0.9 	-2.6 	7.7 	-1.5 	-0.2 	-1 	0.8 	1.1 	0 	2.1 	-0.2 	2.2 	-2.7 	5.3 	4.7 	0 
A,B1G,PCH_PRE,SE33	: 	: 	: 	: 	: 	: 	1.4 	1.3 	1.3 	6.1 	1.5 	3.1 	-2.8 	0.1 	-8.5 	10.1 	1.3 	-0.7 	-0.8 	-0.9 	1.9 	0.9 	3.3 	0 	2.4 	0 	6.4 	0.5 	-3.3 
A,B1G,PCH_PRE,SEZ	: 	: 	: 	: 	: 	: 	-1.5 	-4.2 	13.8 	-1.6 	-0.1 	-3 	-0.8 	-2.5 	12.5 	7.9 	1.9 	-16.5 	1.1 	-2.5 	-3 	-2.7 	0.2 	-1.4 	0.8 	-6.6 	-1.9 	11.4 	-2 
A,B1G,PCH_PRE,SEZZ	: 	: 	: 	: 	: 	: 	-1.5 	-4.2 	13.8 	-1.6 	-0.1 	-3 	-0.8 	-2.5 	12.5 	7.9 	1.9 	-16.5 	1.1 	-2.5 	-3 	-2.7 	0.2 	-1.4 	0.8 	-6.6 	-1.9 	11.4 	-2 
A,B1G,PCH_PRE,SI	: 	: 	: 	: 	: 	: 	3.4 	3.6 	3.4 	4.6 	3.7 	6.2 	7.3 	3 	-7.1 	1.2 	0.3 	-2.6 	-0.5 	3.5 	2.4 	3.2 	5.5 	4.4 	3.6 	-3.1 	7.6 	2.6 	2.5 
A,B1G,PCH_PRE,SI0	: 	: 	: 	: 	: 	: 	3.4 	3.6 	3.4 	4.6 	3.7 	6.2 	7.3 	3 	-7.1 	1.2 	0.3 	-2.6 	-0.5 	3.5 	2.4 	3.2 	5.5 	4.4 	3.6 	-3.1 	7.6 	2.6 	2.5 
A,B1G,PCH_PRE,SI03	: 	: 	: 	: 	: 	: 	2.1 	4.1 	0.7 	4.9 	3.5 	5.5 	7 	3.1 	-8.7 	1.5 	0.8 	-3.1 	-1.1 	3.2 	2.2 	2.5 	5.2 	3.8 	4.1 	-3.3 	6.6 	2.7 	1.1 
A,B1G,PCH_PRE,SI04	: 	: 	: 	: 	: 	: 	4.6 	3.2 	5.7 	4.3 	3.9 	6.7 	7.6 	3 	-5.8 	1 	0 	-2.2 	0 	3.7 	2.5 	3.7 	5.7 	4.8 	3.3 	-2.9 	8.4 	2.6 	3.6 
A,B1G,PCH_PRE,SK	: 	: 	: 	: 	: 	: 	4.1 	4.1 	4.1 	4.6 	6 	10.3 	11.1 	6 	-5.1 	7 	1.8 	2.5 	0.2 	2.7 	4.9 	2.1 	2.2 	4 	1.8 	-2.4 	5.1 	0.1 	3.4 
A,B1G,PCH_PRE,SK0	: 	: 	: 	: 	: 	: 	4.1 	4.1 	4.1 	4.6 	6 	10.3 	11.1 	6 	-5.1 	7 	1.8 	2.5 	0.2 	2.7 	4.9 	2.1 	2.2 	4 	1.8 	-2.4 	5.1 	0.1 	3.4 
A,B1G,PCH_PRE,SK01	: 	: 	: 	: 	: 	: 	2.1 	5.6 	2.1 	3.7 	14 	7 	13.1 	4.6 	1 	5.9 	0.9 	0.9 	3.2 	0.3 	6.1 	3.2 	1.8 	3 	0.6 	-2.2 	5.3 	-0.1 	1.4 e
A,B1G,PCH_PRE,SK02	: 	: 	: 	: 	: 	: 	2.7 	3.7 	6.1 	6.1 	3.4 	16.3 	10.1 	3.4 	-8.8 	7.2 	4.2 	2.3 	-1.7 	3.8 	1.9 	2.7 	0.8 	3.5 	4.2 	-2.7 	3.8 	-1 	5 e
A,B1G,PCH_PRE,SK03	: 	: 	: 	: 	: 	: 	5.9 	4.7 	4.1 	3.6 	1.6 	9.4 	12.1 	9 	-5.6 	8.7 	-1.8 	3.2 	-0.1 	3 	6 	1.1 	1.9 	4.6 	3 	-4.2 	8.1 	1.3 	1.4 e
A,B1G,PCH_PRE,SK04	: 	: 	: 	: 	: 	: 	7 	2.3 	3.6 	4.6 	4.3 	6.4 	9.2 	9.3 	-7 	6.5 	3 	4.2 	-0.4 	4 	6.7 	0.6 	5.3 	5.5 	-0.9 	-0.5 	4.2 	0.8 	5.8 e
A,B1GQ,I15,AL	: 	: 	: 	: 	: 	: 	: 	: 	: 	: 	: 	: 	: 	85.4 e	88.2 e	91.5 e	93.8 e	95.2 e	96.1 e	97.8 e	100 	103.3 e	107.2 e	111.6 e	113.9 e	110.1 e	119.9 e	125.8 e	: 
A,B1GQ,I15,AL0	: 	: 	: 	: 	: 	: 	: 	: 	: 	: 	: 	: 	: 	85.4 e	88.2 e	91.5 e	93.8 e	95.2 e	96.1 e	97.8 e	100 	103.3 e	107.2 e	111.6 e	113.9 e	110.1 e	119.9 e	: 	: 
A,B1GQ,I15,AL01	: 	: 	: 	: 	: 	: 	: 	: 	: 	: 	: 	: 	: 	86.7 e	90.2 e	96.3 e	95.4 e	97.5 e	97 e	95.9 e	100 	103.8 e	106.3 e	109 e	111.2 e	105.2 e	114.4 e	: 	: 
A,B1GQ,I15,AL02	: 	: 	: 	: 	: 	: 	: 	: 	: 	: 	: 	: 	: 	85.9 e	89.5 e	91.4 e	90.6 e	91.5 e	92.9 e	95.3 e	100 	103.3 e	110.6 e	116 e	118.6 e	115.6 e	127.8 e	: 	: 
A,B1GQ,I15,AL03	: 	: 	: 	: 	: 	: 	: 	: 	: 	: 	: 	: 	: 	83.5 e	84.6 e	87.8 e	97.7 e	99.2 e	100.5 e	103.2 e	100 	103 e	102.6 e	106.4 e	108.4 e	105.3 e	111.6 e	: 	: 
A,B1GQ,I15,AT	: 	: 	: 	: 	: 	81.4 e	82.5 e	83.7 e	84.7 e	86.8 e	88.9 e	91.8 e	95.2 e	96.6 e	93.1 e	94.8 e	97.6 e	98.2 e	98 e	98.7 e	100 	102.1 e	104.4 e	107 e	108.9 e	102 e	106.9 e	112.6 e	111.5 e
A,B1GQ,I15,AT1	: 	: 	: 	: 	: 	83 e	83.4 e	85.2 e	85.4 e	87.8 e	89.6 e	92.5 e	95.8 e	97.5 e	96 e	97.3 e	99.5 e	99.4 e	99.1 e	99.2 e	100 	102.6 e	103.9 e	106.5 e	108.2 e	101.2 e	106.3 e	110.1 e	111 e
A,B1GQ,I15,AT11	: 	: 	: 	: 	: 	79.4 e	80.2 e	82 e	81.1 e	84.5 e	84.4 e	86 e	89 e	88.2 e	88.1 e	90.4 e	93 e	94.2 e	95.3 e	97 e	100 	101.1 e	104 e	105.2 e	106 e	99.8 e	105.1 e	109.2 e	107.8 e
A,B1GQ,I15,AT12	: 	: 	: 	: 	: 	80.5 e	79.5 e	79.6 e	80.4 e	84.9 e	86.6 e	89.3 e	93.3 e	96.8 e	94.6 e	94.8 e	97.8 e	97.9 e	97.6 e	98.9 e	100 	102.5 e	105.7 e	108 e	111.2 e	102.7 e	107.3 e	110.7 e	109.2 e
A,B1GQ,I15,AT13	: 	: 	: 	: 	: 	85 e	86.3 e	89.1 e	89 e	90 e	92 e	95.1 e	98 e	98.8 e	97.6 e	99.5 e	101.2 e	100.9 e	100.4 e	99.6 e	100 	102.7 e	102.7 e	105.8 e	106.6 e	100.4 e	105.9 e	109.7 e	112.4 e
A,B1GQ,I15,AT2	: 	: 	: 	: 	: 	85.2 e	86.3 e	86.7 e	88.4 e	91.2 e	91.9 e	94.8 e	99.1 e	100.2 e	94.1 e	95.6 e	98.8 e	99.7 e	97.9 e	99.7 e	100 	101.8 e	105.5 e	107.4 e	109.5 e	102.4 e	107.8 e	113.2 e	111.9 e
A,B1GQ,I15,AT21	: 	: 	: 	: 	: 	87.2 e	88 e	89.1 e	90 e	92.5 e	92.7 e	95.6 e	100 e	101.4 e	95.1 e	97 e	99.6 e	99.2 e	97.9 e	100.2 e	100 	100.2 e	103.6 e	106.9 e	108.3 e	102.8 e	108 e	113.9 e	112.5 e
A,B1GQ,I15,AT22	: 	: 	: 	: 	: 	84.3 e	85.6 e	85.6 e	87.7 e	90.6 e	91.5 e	94.5 e	98.6 e	99.7 e	93.7 e	95 e	98.5 e	99.9 e	97.9 e	99.4 e	100 	102.4 e	106.3 e	107.6 e	110 e	102.2 e	107.7 e	112.9 e	111.7 e
A,B1GQ,I15,AT3	: 	: 	: 	: 	: 	77.8 e	79.6 e	80.6 e	82.1 e	83.7 e	86.7 e	89.6 e	92.8 e	94 e	89.5 e	91.7 e	94.9 e	96.2 e	96.7 e	97.7 e	100 	101.8 e	104.6 e	107.4 e	109.4 e	102.8 e	107.2 e	115.1 e	111.8 e
A,B1GQ,I15,AT31	: 	: 	: 	: 	: 	77.5 e	80 e	80.8 e	82.6 e	84.1 e	87.2 e	90 e	93.6 e	96.2 e	89.6 e	91.2 e	95.2 e	95.9 e	97 e	98.2 e	100 	101.6 e	104.5 e	107.8 e	109.6 e	104 e	111 e	115.5 e	113.6 e
A,B1GQ,I15,AT32	: 	: 	: 	: 	: 	78.9 e	79.7 e	80.9 e	82.4 e	85.4 e	87.2 e	90.4 e	94.6 e	94.1 e	90.7 e	94.9 e	97.7 e	99.6 e	97.5 e	97.6 e	100 	102.7 e	105.2 e	107.5 e	109.7 e	103.8 e	107.7 e	119.7 e	119.7 e
A,B1GQ,I15,AT33	: 	: 	: 	: 	: 	78.9 e	80.8 e	82 e	83.2 e	83.8 e	87.7 e	90.4 e	92.4 e	91.9 e	90 e	91.7 e	93.9 e	96.1 e	96.8 e	96.9 e	100 	101.8 e	104.4 e	107.4 e	109.4 e	100 e	99.1 e	110.6 e	109.8 e
A,B1GQ,I15,AT34	: 	: 	: 	: 	: 	75.1 e	75.9 e	77.2 e	77.6 e	80 e	82.1 e	85.2 e	88.5 e	89.7 e	86.6 e	88.6 e	91.9 e	92 e	94.5 e	97.5 e	100 	101.2 e	104.3 e	106 e	108.4 e	102.4 e	107.8 e	114.9 e	98.7 e
A,B1GQ,I15,ATZ	: 	: 	: 	: 	: 	103.7 e	102.5 e	102.6 e	99.3 e	99.1 e	101.9 e	98.7 e	95.7 e	103.9 e	106.2 e	108 e	104.9 e	104.2 e	99 e	97.3 e	100 	100 e	99.1 e	100.5 e	98.9 e	96.4 e	98.3 e	99.8 e	100 e
A,B1GQ,I15,ATZZ	: 	: 	: 	: 	: 	103.7 e	102.5 e	102.6 e	99.3 e	99.1 e	101.9 e	98.7 e	95.7 e	103.9 e	106.2 e	108 e	104.9 e	104.2 e	99 e	97.3 e	100 	100 e	99.1 e	100.5 e	98.9 e	96.4 e	98.3 e	99.8 e	100 e
A,B1GQ,I15,BE	: 	: 	: 	: 	: 	79.1 e	80 e	81.3 e	82.2 e	85.1 e	87.1 e	89.3 e	92.6 e	93 e	91.1 e	93.7 e	95.3 e	96 e	96.5 e	98 e	100 	101.3 e	102.9 e	104.8 e	107.1 e	102.1 e	108.5 e	113.1 e	114.5 e
A,B1GQ,I15,BE1	: 	: 	: 	: 	: 	85.2 e	87.4 e	89.6 e	88.8 e	91.2 e	92.5 e	95.5 e	97.4 e	97.3 e	95.2 e	97.1 e	97.6 e	98.8 e	98.6 e	99.1 e	100 	99.5 e	100.6 e	101.7 e	104.3 e	99.5 e	104.1 e	105.6 e	106.2 e
A,B1GQ,I15,BE10	: 	: 	: 	: 	: 	85.2 e	87.4 e	89.6 e	88.8 e	91.2 e	92.5 e	95.5 e	97.4 e	97.3 e	95.2 e	97.1 e	97.6 e	98.8 e	98.6 e	99.1 e	100 	99.5 e	100.6 e	101.7 e	104.3 e	99.5 e	104.1 e	105.6 e	106.2 e
A,B1GQ,I15,BE2	: 	: 	: 	: 	: 	76.2 e	76.9 e	78.3 e	79.5 e	82.4 e	84.6 e	87.1 e	90.8 e	91.1 e	89.4 e	91.7 e	94 e	94.7 e	95.4 e	97.3 e	100 	101.8 e	103.5 e	105.1 e	107.2 e	102.1 e	110 e	115.8 e	117.4 e
A,B1GQ,I15,BE21	: 	: 	: 	: 	: 	75.5 e	75.1 e	77.3 e	78.2 e	81.6 e	85.3 e	86 e	89.8 e	90.6 e	88.5 e	90.9 e	94 e	94.3 e	95 e	96.9 e	100 	101.7 e	102.9 e	104.7 e	107.2 e	102.9 e	108.8 e	115.1 e	116.2 e
A,B1GQ,I15,BE22	: 	: 	: 	: 	: 	80.4 e	81.5 e	82.9 e	84.3 e	85.8 e	86.3 e	89.6 e	93.4 e	95 e	89.2 e	92.7 e	95.7 e	96.1 e	96.5 e	99.6 e	100 	101.7 e	103.8 e	105.5 e	106.6 e	100.8 e	107.7 e	111.6 e	112.6 e
A,B1GQ,I15,BE23	: 	: 	: 	: 	: 	75.1 e	75.8 e	78 e	79.5 e	82.3 e	83.5 e	86.3 e	90.5 e	89.9 e	89.6 e	91.9 e	93.6 e	93.7 e	94.4 e	96.2 e	100 	101.7 e	104.2 e	105 e	106.9 e	102.7 e	111.6 e	116.6 e	117.1 e
A,B1GQ,I15,BE24	: 	: 	: 	: 	: 	73.8 e	76.3 e	75.7 e	77.4 e	80.2 e	82.4 e	86 e	89.2 e	89.9 e	90.6 e	91.9 e	93.4 e	95.3 e	96 e	97.2 e	100 	102.1 e	103.8 e	106.1 e	108.4 e	101.2 e	113 e	122.1 e	125.8 e
A,B1GQ,I15,BE25	: 	: 	: 	: 	: 	78.8 e	79.4 e	80.3 e	81.3 e	84.1 e	85.7 e	89.5 e	93.3 e	92.3 e	89.8 e	92.4 e	94.1 e	95 e	96 e	98.3 e	100 	101.7 e	103.4 e	104.7 e	106.8 e	101.5 e	108.7 e	111.9 e	114.2 e
A,B1GQ,I15,BE3	: 	: 	: 	: 	: 	81.3 e	81.7 e	82.4 e	83.5 e	87.2 e	89.2 e	90.2 e	93.2 e	94.4 e	92.2 e	96.1 e	96.9 e	97.2 e	97.5 e	98.8 e	100 	101.5 e	103.3 e	106.4 e	109.1 e	104.5 e	108.2 e	112.4 e	113.9 e
A,B1GQ,I15,BE31	: 	: 	: 	: 	: 	65.7 e	67.5 e	69.7 e	69.9 e	74.8 e	78.9 e	77.7 e	83 e	84.1 e	84.6 e	94.2 e	88 e	90.6 e	94.2 e	98.6 e	100 	104.4 e	107.8 e	117 e	128.1 e	122.1 e	115.2 e	124.1 e	128.9 e
A,B1GQ,I15,BE32	: 	: 	: 	: 	: 	85.1 e	85 e	84.8 e	87.2 e	91.5 e	92.5 e	93.2 e	96 e	97.7 e	93.3 e	96.3 e	98.7 e	98.1 e	97.6 e	98.8 e	100 	100.7 e	101.8 e	104.1 e	104.3 e	98.8 e	104.2 e	106.9 e	107 e
A,B1GQ,I15,BE33	: 	: 	: 	: 	: 	85.5 e	85.4 e	85.7 e	86.2 e	89.2 e	90.9 e	92.3 e	95.3 e	96.1 e	94.3 e	96.2 e	98.9 e	99.3 e	99.1 e	98.9 e	100 	100.8 e	102.7 e	104.2 e	105.7 e	102.5 e	108.4 e	111.5 e	112.5 e
A,B1GQ,I15,BE34	: 	: 	: 	: 	: 	86.2 e	84.9 e	86.7 e	87 e	88.9 e	91.8 e	95 e	96.6 e	95.6 e	94.1 e	96.5 e	98.6 e	97.4 e	97.3 e	97.9 e	100 	100.6 e	102.7 e	104 e	105.9 e	102.5 e	110 e	113.8 e	113.8 e
A,B1GQ,I15,BE35	: 	: 	: 	: 	: 	81.2 e	81.8 e	83 e	84.7 e	87.5 e	89.4 e	91.6 e	93.2 e	95.4 e	93.9 e	97.3 e	98.7 e	98.4 e	97.7 e	99 e	100 	101.7 e	102.9 e	104.5 e	105.7 e	101.4 e	108.2 e	112.5 e	115.4 e
A,B1GQ,I15,BEZ	: 	: 	: 	: 	: 	202.8 e	203.4 e	191 e	159.1 e	112.8 e	91.4 e	86.5 e	85.4 e	86.3 e	87.5 e	104.4 e	102 e	105.1 e	101.9 e	103.1 e	100 	69.2 e	71.4 e	92.6 e	101 e	61.9 e	63.1 e	64.2 e	65.1 e
A,B1GQ,I15,BEZZ	: 	: 	: 	: 	: 	202.9 e	203.5 e	191 e	159.1 e	112.8 e	91.4 e	86.5 e	85.4 e	86.3 e	87.5 e	104.4 e	102 e	105.1 e	101.9 e	103.1 e	100 	69.2 e	71.4 e	92.6 e	101 e	61.9 e	63.1 e	64.2 e	65.1 e
A,B1GQ,I15,BG	: 	: 	: 	: 	: 	59.8 e	62.1 e	65.8 e	69.2 e	73.7 e	78.9 e	84.3 e	89.9 e	95.4 e	92.2 e	93.7 e	95.6 e	96.3 e	95.8 e	96.7 e	100 	103 e	105.9 e	108.6 e	112.7 e	109 e	117.5 e	122.3 e	124.6 e
A,B1GQ,I15,BG3	: 	: 	: 	: 	: 	78.2 e	78.2 e	81 e	83.2 e	86.5 e	91.9 e	93.3 e	94.9 e	99.6 e	94.1 e	93.8 e	94.6 e	96.9 e	97.1 e	99.3 e	100 	104 e	106.5 e	109.8 e	108.3 e	102.1 e	108.8 e	110 e	111.3 e
A,B1GQ,I15,BG31	: 	: 	: 	: 	: 	105.3 e	107.5 e	108.6 e	108 e	108.6 e	112.9 e	110.5 e	111.8 e	114.1 e	106.7 e	103.2 e	102.5 e	100.6 e	99.6 e	102.8 e	100 	102.4 e	107.1 e	117.5 e	113.3 e	114.2 e	120.6 e	118.2 e	122.3 e
A,B1GQ,I15,BG32	: 	: 	: 	: 	: 	78.7 e	83.1 e	90.3 e	88.1 e	90.4 e	95.8 e	96.6 e	98.7 e	101.4 e	95.9 e	94.8 e	95.7 e	98.5 e	99.3 e	101.6 e	100 	101.8 e	104.1 e	106.4 e	107.3 e	102.6 e	108.6 e	115.1 e	121.7 e
A,B1GQ,I15,BG33	: 	: 	: 	: 	: 	66.7 e	67 e	70.5 e	73.8 e	77.9 e	82.9 e	89 e	93.3 e	99.2 e	91.7 e	92.8 e	94.9 e	97.3 e	98 e	99.6 e	100 	101.1 e	103.3 e	106.6 e	107.7 e	100.9 e	105.4 e	110.8 e	115.1 e
A,B1GQ,I15,BG34	: 	: 	: 	: 	: 	73.5 e	69.4 e	69.6 e	75.2 e	79.9 e	86.2 e	85.8 e	85.2 e	91.3 e	88.4 e	89.1 e	89.3 e	93.6 e	93.7 e	95.9 e	100 	108.9 e	110.6 e	110.7 e	106.8 e	96.3 e	105.6 e	101.7 e	97.3 e
A,B1GQ,I15,BG4	: 	: 	: 	: 	: 	48.7 e	52.4 e	56.6 e	60.7 e	66 e	71 e	78.8 e	86.8 e	92.8 e	91.1 e	93.6 e	96.2 e	96 e	95 e	95.1 e	100 	102.4 e	105.5 e	107.8 e	115.2 e	113.1 e	122.6 e	129.6 e	132.6 e
A,B1GQ,I15,BG41	: 	: 	: 	: 	: 	44 e	47.9 e	52.8 e	56.5 e	61.6 e	66.7 e	75.6 e	85.5 e	92.6 e	91.2 e	94.1 e	97.5 e	96.4 e	95.1 e	95.6 e	100 	102.6 e	105.9 e	107.7 e	116.4 e	114.2 e	124.7 e	130.2 e	134.9 e
A,B1GQ,I15,BG42	: 	: 	: 	: 	: 	64.7 e	67.3 e	69.4 e	75 e	80.7 e	85.8 e	89.6 e	91.3 e	93.7 e	90.6 e	92 e	92.1 e	94.7 e	94.5 e	93.4 e	100 	102 e	104 e	107.9 e	111 e	109.1 e	115.5 e	127.5 e	124.7 e
A,B1GQ,I15,CY	: 	: 	: 	: 	: 	78 e	81.1 e	84.1 e	86.3 e	90.7 e	95.1 e	99.6 e	104.6 e	108.5 e	106.3 e	108.7 e	109.1 e	105.4 e	98.4 e	96.7 e	100 	106.6 e	112.7 e	119.8 e	126.8 e	122.7 e	136.7 e	146.8 e	150.6 e
A,B1GQ,I15,CY0	: 	: 	: 	: 	: 	78 e	81.1 e	84.1 e	86.3 e	90.7 e	95.1 e	99.6 e	104.6 e	108.5 e	106.3 e	108.7 e	109.1 e	105.4 e	98.4 e	96.7 e	100 	106.6 e	112.7 e	119.8 e	126.8 e	122.7 e	136.7 e	146.8 e	150.6 e
A,B1GQ,I15,CY00	: 	: 	: 	: 	: 	78 e	81.1 e	84.1 e	86.3 e	90.7 e	95.1 e	99.6 e	104.6 e	108.5 e	106.3 e	108.7 e	109.1 e	105.4 e	98.4 e	96.7 e	100 	106.6 e	112.7 e	119.8 e	126.8 e	122.7 e	136.7 e	146.8 e	150.6 e
A,B1GQ,I15,CZ	: 	: 	: 	: 	: 	68 e	70 e	71.1 e	73.4 e	76.9 e	81.8 e	87.2 e	92 e	94.4 e	89.9 e	92.3 e	93.9 e	93.2 e	93.2 e	95.3 e	100 	102.6 e	107.9 e	110.9 e	114.9 e	108.8 e	113.2 e	116.4 e	116.3 e
A,B1GQ,I15,CZ0	: 	: 	: 	: 	: 	68 e	70 e	71.1 e	73.4 e	76.9 e	81.8 e	87.2 e	92 e	94.4 e	89.9 e	92.3 e	93.9 e	93.2 e	93.2 e	95.3 e	100 	102.6 e	107.9 e	110.9 e	114.9 e	108.8 e	113.2 e	116.4 e	116.3 e
A,B1GQ,I15,CZ01	: 	: 	: 	: 	: 	60 e	63.1 e	65.4 e	68.9 e	73.6 e	79 e	82.7 e	91.3 e	92.6 e	87.2 e	90.5 e	89.2 e	89.4 e	91.1 e	94.7 e	100 	102.9 e	107.6 e	112.6 e	116.7 e	111 e	118.1 e	122.6 e	119.9 e
A,B1GQ,I15,CZ02	: 	: 	: 	: 	: 	58.4 e	60.1 e	63.6 e	64.1 e	67.9 e	71.4 e	81.2 e	89.9 e	93.9 e	87.9 e	89.3 e	95.7 e	95 e	92.6 e	94.6 e	100 	105.4 e	113.1 e	115.9 e	125.2 e	114.6 e	118.4 e	125.3 e	127.1 e
A,B1GQ,I15,CZ03	: 	: 	: 	: 	: 	75.3 e	76.7 e	76.7 e	78.9 e	84.4 e	89.3 e	95 e	90.9 e	94 e	91.6 e	94.8 e	96 e	94.2 e	94.7 e	96.2 e	100 	101.9 e	108.3 e	110.8 e	113.6 e	107.9 e	111.3 e	113.3 e	114.4 e
A,B1GQ,I15,CZ04	: 	: 	: 	: 	: 	84.6 e	84.2 e	84.7 e	88.7 e	88.3 e	92.3 e	98.9 e	99.8 e	100.9 e	101.3 e	97.5 e	95.6 e	96.1 e	94.6 e	94.8 e	100 	99.6 e	101.7 e	101 e	104.9 e	97.2 e	99.2 e	101.3 e	100 e
A,B1GQ,I15,CZ05	: 	: 	: 	: 	: 	72.2 e	73.4 e	73.5 e	73.9 e	77.3 e	82.7 e	88.2 e	92.1 e	93.9 e	89.9 e	93.4 e	96.4 e	92.9 e	93.2 e	95.1 e	100 	103.3 e	111 e	113.7 e	117.2 e	112.7 e	113.5 e	117 e	120.1 e
A,B1GQ,I15,CZ06	: 	: 	: 	: 	: 	67.3 e	69.9 e	70.2 e	72.7 e	75.7 e	80.1 e	84.5 e	90.4 e	93.1 e	88.3 e	90.9 e	93.7 e	93.6 e	94.9 e	95.3 e	100 	101 e	105.5 e	108.8 e	112.7 e	109.7 e	114.5 e	115.5 e	116.5 e
A,B1GQ,I15,CZ07	: 	: 	: 	: 	: 	67.9 e	69.5 e	69 e	71.7 e	75.2 e	79.2 e	84.2 e	86.5 e	92.6 e	88.6 e	91.9 e	94.6 e	93 e	92.7 e	95.7 e	100 	102.7 e	108.6 e	110.3 e	114.6 e	109 e	112.2 e	113.5 e	114.7 e
A,B1GQ,I15,CZ08	: 	: 	: 	: 	: 	78.3 e	80.3 e	80.6 e	82.6 e	83.8 e	91.1 e	96.3 e	99.5 e	99.8 e	92.3 e	95.5 e	98.8 e	98.9 e	94.7 e	97.1 e	100 	102.9 e	106 e	108.7 e	107.7 e	99.6 e	104.9 e	107.3 e	105.9 e
A,B1GQ,I15,DE	: 	: 	: 	: 	: 	84.4 e	85.9 e	85.7 e	85.1 e	86.1 e	86.7 e	90 e	92.7 e	93.6 e	88.3 e	92 e	95.6 e	96 e	96.4 e	98.5 e	100 	102.2 e	105 e	106 e	107.1 e	102.7 e	106.5 e	108 e	107.7 e
A,B1GQ,I15,DE1	: 	: 	: 	: 	: 	80.7 e	83.3 e	82.6 e	82.4 e	82.7 e	83.1 e	88.4 e	91.6 e	92 e	83 e	89.4 e	94.1 e	94.7 e	95.4 e	97.5 e	100 	101.1 e	104.7 e	106.9 e	106.5 e	101.1 e	105.4 e	107.2 e	106.8 e
A,B1GQ,I15,DE11	: 	: 	: 	: 	: 	79.5 e	83 e	81.7 e	81.9 e	81.2 e	80.6 e	86.8 e	90.7 e	89.3 e	79.1 e	87.1 e	92 e	93.5 e	94.3 e	96.2 e	100 	100.1 e	104.5 e	107.3 e	104.5 e	98.9 e	103.5 e	105.5 e	105 e
A,B1GQ,I15,DE12	: 	: 	: 	: 	: 	83.1 e	85.5 e	85.6 e	84.7 e	85.2 e	86.6 e	91.3 e	94 e	95.6 e	87.9 e	92.6 e	96.3 e	96.2 e	96.3 e	98.4 e	100 	100.9 e	104.4 e	105.8 e	106.7 e	100.9 e	104.8 e	107.4 e	106.9 e
A,B1GQ,I15,DE13	: 	: 	: 	: 	: 	82.6 e	83.8 e	83.2 e	82.9 e	83.8 e	84.7 e	89.4 e	91.6 e	93.2 e	85.3 e	90.3 e	95 e	95.2 e	96.2 e	99.1 e	100 	101.4 e	104.1 e	106.1 e	107.6 e	102.5 e	106.4 e	107.5 e	107.2 e
A,B1GQ,I15,DE14	: 	: 	: 	: 	: 	78.3 e	80.2 e	79.7 e	79.7 e	81.6 e	82.8 e	87.1 e	90.5 e	92.6 e	83.1 e	89.8 e	95.2 e	95.3 e	96.3 e	98.2 e	100 	103.4 e	106.4 e	108.4 e	110.4 e	105.9 e	110.5 e	111.4 e	111.1 e
A,B1GQ,I15,DE2	: 	: 	: 	: 	: 	77.4 e	79.7 e	80.3 e	79.2 e	80.8 e	81.9 e	85.1 e	87.8 e	87.9 e	84.2 e	88.4 e	93.8 e	94.7 e	95.9 e	98.3 e	100 	102.5 e	106.3 e	106.6 e	108.5 e	103.9 e	108.4 e	110.3 e	110.7 e
A,B1GQ,I15,DE21	: 	: 	: 	: 	: 	75.2 e	78.1 e	78.3 e	76.9 e	78.6 e	79.8 e	83.1 e	86.4 e	85.4 e	82.3 e	86.1 e	92 e	93.3 e	95.5 e	97.5 e	100 	102.7 e	106.7 e	106.7 e	109.7 e	104.4 e	110.4 e	113.3 e	113.8 e
A,B1GQ,I15,DE22	: 	: 	: 	: 	: 	75.4 e	79.1 e	79.9 e	79 e	81.6 e	82.4 e	84.6 e	87.5 e	87.5 e	84 e	91 e	96 e	94.4 e	95.3 e	99.6 e	100 	102.1 e	106.3 e	105.2 e	106.5 e	104 e	108.1 e	110.9 e	110.6 e
A,B1GQ,I15,DE23	: 	: 	: 	: 	: 	76 e	76 e	77.8 e	77.3 e	78.5 e	80.4 e	83.1 e	87 e	88.7 e	83.6 e	89.4 e	94.3 e	94.6 e	95.2 e	99.3 e	100 	101.7 e	106.6 e	106.8 e	107.6 e	104.1 e	108.9 e	110.5 e	111 e
A,B1GQ,I15,DE24	: 	: 	: 	: 	: 	83.9 e	86.5 e	85 e	82.9 e	84.3 e	84.3 e	88.6 e	89.8 e	89.7 e	87.5 e	91.3 e	95.5 e	96 e	96.1 e	97.4 e	100 	102.1 e	106 e	106.1 e	106.4 e	102.3 e	106.4 e	106 e	106.4 e
A,B1GQ,I15,DE25	: 	: 	: 	: 	: 	80.2 e	79.7 e	81.3 e	80.4 e	83.2 e	82.3 e	85.3 e	87.7 e	89.9 e	86.1 e	89.3 e	94.1 e	96 e	96.7 e	98.8 e	100 	102.8 e	106.4 e	108 e	109.3 e	104.6 e	108.5 e	109.2 e	109.6 e
A,B1GQ,I15,DE26	: 	: 	: 	: 	: 	82.3 e	85.3 e	85.7 e	85.6 e	86.5 e	89 e	91.7 e	94 e	93.6 e	87.9 e	92.7 e	98.6 e	98.4 e	98.1 e	99.7 e	100 	102.5 e	105.5 e	105.8 e	106.2 e	101.1 e	104.4 e	104.9 e	105.3 e
A,B1GQ,I15,DE27	: 	: 	: 	: 	: 	77.9 e	80.3 e	82 e	80.6 e	81.6 e	83.3 e	87.1 e	87.8 e	89.4 e	84.8 e	89 e	93.9 e	95.6 e	96 e	98.5 e	100 	102.5 e	105.1 e	106.6 e	107.7 e	103.7 e	105.3 e	106 e	106.4 e
A,B1GQ,I15,DE3	: 	: 	: 	: 	: 	83.7 e	83.5 e	81.8 e	79.8 e	78.9 e	80.4 e	83.1 e	85.5 e	88.8 e	87.8 e	90.3 e	93.8 e	93.7 e	94 e	96.5 e	100 	105.1 e	109.6 e	113.8 e	117.6 e	114 e	118.9 e	124 e	125.9 e
A,B1GQ,I15,DE30	: 	: 	: 	: 	: 	83.7 e	83.5 e	81.8 e	79.8 e	78.9 e	80.4 e	83.1 e	85.5 e	88.8 e	87.8 e	90.3 e	93.8 e	93.7 e	94 e	96.5 e	100 	105.1 e	109.6 e	113.8 e	117.6 e	114 e	118.9 e	124 e	125.9 e
A,B1GQ,I15,DE4	: 	: 	: 	: 	: 	84.6 e	84.8 e	84.9 e	84.9 e	86.2 e	86.9 e	90 e	91.3 e	93.1 e	90.4 e	93.1 e	94 e	95.1 e	95.5 e	99.1 e	100 	102.1 e	104.7 e	105.3 e	107.3 e	104.7 e	106.6 e	108.8 e	111.2 e
A,B1GQ,I15,DE40	: 	: 	: 	: 	: 	84.6 e	84.8 e	84.9 e	84.9 e	86.2 e	86.9 e	90 e	91.3 e	93.1 e	90.4 e	93.1 e	94 e	95.1 e	95.5 e	99.1 e	100 	102.1 e	104.7 e	105.3 e	107.3 e	104.7 e	106.6 e	108.8 e	111.2 e
A,B1GQ,I15,DE5	: 	: 	: 	: 	: 	89.1 e	90.8 e	92.1 e	93 e	92.9 e	93.9 e	98.1 e	99.4 e	99.4 e	90 e	94.5 e	96.5 e	99.4 e	98.4 e	99.6 e	100 	101.9 e	103.3 e	103 e	101.5 e	96.4 e	101.5 e	103.3 e	102.6 e
A,B1GQ,I15,DE50	: 	: 	: 	: 	: 	89.1 e	90.8 e	92.1 e	93 e	92.9 e	93.9 e	98.1 e	99.4 e	99.4 e	90 e	94.5 e	96.5 e	99.4 e	98.4 e	99.6 e	100 	101.9 e	103.3 e	103 e	101.5 e	96.4 e	101.5 e	103.3 e	102.6 e
A,B1GQ,I15,DE6	: 	: 	: 	: 	: 	85.8 e	90.5 e	90.9 e	88.8 e	89.4 e	90.8 e	92.3 e	94.4 e	98.1 e	94 e	94.6 e	95.1 e	95.5 e	98.4 e	98 e	100 	102.1 e	104 e	104 e	107.3 e	101.9 e	104.6 e	109.4 e	108.1 e
A,B1GQ,I15,DE60	: 	: 	: 	: 	: 	85.8 e	90.5 e	90.9 e	88.8 e	89.4 e	90.8 e	92.3 e	94.4 e	98.1 e	94 e	94.6 e	95.1 e	95.5 e	98.4 e	98 e	100 	102.1 e	104 e	104 e	107.3 e	101.9 e	104.6 e	109.4 e	108.1 e
A,B1GQ,I15,DE7	: 	: 	: 	: 	: 	91.8 e	94 e	92.5 e	92.9 e	92.9 e	93.2 e	96.2 e	98.5 e	99.2 e	92 e	94.8 e	98.2 e	97.3 e	97.8 e	99.5 e	100 	102.7 e	105 e	105.5 e	107.1 e	101.6 e	106.3 e	107 e	108.2 e
A,B1GQ,I15,DE71	: 	: 	: 	: 	: 	92.3 e	94.8 e	92.7 e	92.8 e	92.6 e	92.9 e	95.9 e	98.3 e	98.9 e	91.9 e	94.6 e	98.1 e	97.2 e	97.9 e	99.6 e	100 	102.6 e	104.9 e	105.5 e	107 e	101.6 e	106.5 e	106.6 e	107.9 e
A,B1GQ,I15,DE72	: 	: 	: 	: 	: 	91.7 e	92.9 e	92.4 e	92.4 e	94.6 e	95.6 e	98.4 e	101.3 e	103.1 e	93 e	95.8 e	99.2 e	98.1 e	97.5 e	99.9 e	100 	102.4 e	105.8 e	107.2 e	108.9 e	104.5 e	109.2 e	108.3 e	109.3 e
A,B1GQ,I15,DE73	: 	: 	: 	: 	: 	89.8 e	91 e	91.4 e	93.4 e	93 e	92.6 e	95.7 e	97.6 e	97.2 e	91.5 e	94.9 e	97.8 e	97.3 e	97.8 e	98.7 e	100 	103.4 e	104.5 e	104.5 e	106.5 e	99.2 e	103.1 e	107.5 e	108.6 e
A,B1GQ,I15,DE8	: 	: 	: 	: 	: 	89.7 e	88.9 e	89.2 e	89 e	89.5 e	89.1 e	91 e	94.1 e	94.9 e	93.8 e	94.8 e	97 e	96.5 e	96.8 e	99.7 e	100 	101.4 e	105.8 e	103.8 e	108.4 e	104.2 e	106.2 e	109.5 e	113.1 e
A,B1GQ,I15,DE80	: 	: 	: 	: 	: 	89.7 e	88.9 e	89.2 e	89 e	89.5 e	89.1 e	91 e	94.1 e	94.9 e	93.8 e	94.8 e	97 e	96.5 e	96.8 e	99.7 e	100 	101.4 e	105.8 e	103.8 e	108.4 e	104.2 e	106.2 e	109.5 e	113.1 e
A,B1GQ,I15,DE9	: 	: 	: 	: 	: 	85.1 e	84.9 e	83.5 e	83.2 e	84.6 e	86.2 e	89.7 e	92.2 e	93.9 e	88.8 e	93.6 e	98 e	98.6 e	97.7 e	100.6 e	100 	106 e	106.9 e	108.2 e	110.5 e	105.8 e	107.8 e	108.4 e	108.7 e
A,B1GQ,I15,DE91	: 	: 	: 	: 	: 	86.8 e	87.4 e	83.8 e	84.1 e	85.3 e	88.2 e	91 e	95.1 e	96.2 e	87.9 e	96.6 e	103.4 e	102.3 e	101.6 e	105.5 e	100 	115.9 e	114 e	118.1 e	121.5 e	110.5 e	108.1 e	107.6 e	108.4 e
A,B1GQ,I15,DE92	: 	: 	: 	: 	: 	89.3 e	88.5 e	88.4 e	87.1 e	86.9 e	90 e	93.8 e	94.6 e	96.5 e	92 e	95.3 e	99.1 e	99.3 e	97.4 e	99.6 e	100 	103.9 e	104.8 e	105.7 e	107.4 e	102.9 e	106.7 e	105.4 e	105.6 e
A,B1GQ,I15,DE93	: 	: 	: 	: 	: 	83.6 e	82.6 e	82.6 e	82.5 e	84 e	84.1 e	87.1 e	89.8 e	90.7 e	87.4 e	89.6 e	93.1 e	95.4 e	95.8 e	98.9 e	100 	100.8 e	102.7 e	103.9 e	106.3 e	104.9 e	108 e	109.4 e	109.4 e
A,B1GQ,I15,DE94	: 	: 	: 	: 	: 	80.6 e	80.7 e	79.3 e	79.2 e	82.1 e	82.3 e	86.3 e	89.2 e	91.3 e	87.3 e	91.9 e	95.4 e	96.7 e	96 e	98.5 e	100 	103 e	105.7 e	105.3 e	107.1 e	105.2 e	108.3 e	111.2 e	111.2 e
A,B1GQ,I15,DEA	: 	: 	: 	: 	: 	88.6 e	89.7 e	89.8 e	88.7 e	89.8 e	90.2 e	92.8 e	96.1 e	97.2 e	91.9 e	94.2 e	96.8 e	96.5 e	96.6 e	98.6 e	100 	101.2 e	103.7 e	105 e	105 e	101.4 e	104.2 e	104.3 e	103.3 e
A,B1GQ,I15,DEA1	: 	: 	: 	: 	: 	90.8 e	93 e	92.4 e	91.9 e	93.2 e	93.4 e	95 e	99.1 e	101.9 e	95.7 e	96.7 e	98.9 e	97.7 e	97.6 e	99.3 e	100 	100.9 e	103.7 e	105 e	104.5 e	100.9 e	103.7 e	103.2 e	102.1 e
A,B1GQ,I15,DEA2	: 	: 	: 	: 	: 	85.2 e	86.3 e	88.6 e	85.4 e	86.2 e	85.5 e	89.1 e	92.3 e	91.7 e	88.8 e	90.7 e	92.9 e	93.2 e	94.7 e	96.8 e	100 	100.9 e	103.7 e	105.4 e	104.5 e	99.9 e	102.8 e	103.5 e	102.7 e
A,B1GQ,I15,DEA3	: 	: 	: 	: 	: 	87.8 e	89.1 e	88.4 e	88.3 e	90.8 e	91.6 e	94.7 e	97.6 e	99.2 e	92.9 e	96.7 e	99.4 e	99.3 e	97.6 e	98.5 e	100 	102.3 e	105.3 e	105.5 e	107.1 e	105.3 e	107.7 e	108.2 e	107.2 e
A,B1GQ,I15,DEA4	: 	: 	: 	: 	: 	87.4 e	87.3 e	86.6 e	85.9 e	86.4 e	87.9 e	90.5 e	94.1 e	94 e	88.7 e	91.1 e	95.3 e	95.9 e	96.8 e	99.7 e	100 	102.2 e	103.6 e	104.8 e	106.3 e	104.3 e	105.6 e	105.5 e	104.5 e
A,B1GQ,I15,DEA5	: 	: 	: 	: 	: 	91.2 e	90.8 e	90.3 e	90 e	91 e	92.2 e	94.5 e	96.6 e	98 e	91.5 e	95.3 e	98.4 e	97.6 e	97.2 e	99.3 e	100 	100.9 e	103 e	104.3 e	104.5 e	100.1 e	103.7 e	104.1 e	103 e
A,B1GQ,I15,DEB	: 	: 	: 	: 	: 	85.1 e	83.8 e	84.6 e	84.2 e	86.3 e	86.2 e	89.3 e	91.4 e	91.7 e	87.1 e	91.7 e	94.5 e	95.7 e	95.6 e	97.6 e	100 	101.1 e	102.5 e	102.7 e	103.3 e	99.2 e	110.1 e	110 e	104.4 e
A,B1GQ,I15,DEB1	: 	: 	: 	: 	: 	88.9 e	87.6 e	88.6 e	88 e	89.7 e	89.9 e	93 e	94.1 e	94.1 e	88.8 e	92.2 e	95.1 e	95.6 e	95.8 e	98.6 e	100 	100.8 e	104 e	104.6 e	105.8 e	102.7 e	105.3 e	106.9 e	104.5 e
A,B1GQ,I15,DEB2	: 	: 	: 	: 	: 	83.3 e	82.8 e	84.5 e	86 e	87.8 e	87.5 e	89.6 e	91.5 e	92.8 e	88.2 e	91.4 e	95.3 e	95.7 e	96.9 e	98.1 e	100 	102.1 e	102.3 e	102.9 e	103.5 e	100.4 e	100.9 e	103.1 e	100.9 e
A,B1GQ,I15,DEB3	: 	: 	: 	: 	: 	83 e	81.6 e	82.1 e	81.5 e	83.8 e	83.5 e	86.9 e	89.7 e	89.9 e	85.7 e	91.5 e	93.9 e	95.7 e	95.2 e	96.9 e	100 	101.1 e	101.5 e	101.5 e	101.7 e	96.8 e	115.1 e	113.4 e	105.2 e
A,B1GQ,I15,DEC	: 	: 	: 	: 	: 	90.8 e	92.6 e	91.1 e	90.9 e	93.8 e	97.1 e	100.1 e	102.1 e	102.3 e	91.5 e	96.2 e	100.6 e	99.1 e	96.7 e	99.7 e	100 	99.5 e	101.4 e	100.8 e	98.8 e	93.6 e	96.6 e	96.9 e	96.5 e
A,B1GQ,I15,DEC0	: 	: 	: 	: 	: 	90.8 e	92.6 e	91.1 e	90.9 e	93.8 e	97.1 e	100.1 e	102.1 e	102.3 e	91.5 e	96.2 e	100.6 e	99.1 e	96.7 e	99.7 e	100 	99.5 e	101.4 e	100.8 e	98.8 e	93.6 e	96.6 e	96.9 e	96.5 e
A,B1GQ,I15,DED	: 	: 	: 	: 	: 	80.5 e	81.7 e	83.4 e	84.3 e	85.9 e	85.5 e	89.3 e	91.8 e	91.7 e	87.9 e	90.8 e	94 e	94.6 e	94.8 e	97.8 e	100 	101.8 e	104.1 e	104.8 e	106.4 e	102.3 e	105 e	106.9 e	106.5 e
A,B1GQ,I15,DED2	: 	: 	: 	: 	: 	79.6 e	81.6 e	84 e	85.8 e	88 e	87.4 e	90 e	92.6 e	91.6 e	88.1 e	90.4 e	92.6 e	92.8 e	93.7 e	96.4 e	100 	101.2 e	103.3 e	104.7 e	106.1 e	102.2 e	104.4 e	107.1 e	106.4 e
A,B1GQ,I15,DED4	: 	: 	: 	: 	: 	86.7 e	87.2 e	88.3 e	88.8 e	90.3 e	90 e	94.6 e	97 e	96.8 e	91 e	94.9 e	98.2 e	97.6 e	96.1 e	99 e	100 	101.7 e	103.4 e	103.3 e	103.8 e	98.5 e	101.4 e	102.7 e	102.4 e
A,B1GQ,I15,DED5	: 	: 	: 	: 	: 	74.1 e	75.2 e	76.4 e	76.6 e	77.2 e	77 e	81.7 e	84.2 e	85.4 e	83.7 e	86.3 e	91 e	93.4 e	94.7 e	98.6 e	100 	102.8 e	106.2 e	107 e	110.3 e	107.1 e	110.6 e	112 e	111.6 e
A,B1GQ,I15,DEE	: 	: 	: 	: 	: 	91.2 e	90.5 e	92.6 e	92.3 e	93.3 e	92.7 e	96.1 e	98.1 e	98.4 e	93 e	97.2 e	96.7 e	99.2 e	98.6 e	99.6 e	100 	101.5 e	102.6 e	102.3 e	104 e	101.4 e	103 e	104.8 e	103.4 e
A,B1GQ,I15,DEE0	: 	: 	: 	: 	: 	91.2 e	90.5 e	92.6 e	92.3 e	93.3 e	92.7 e	96.1 e	98.1 e	98.4 e	93 e	97.2 e	96.7 e	99.2 e	98.6 e	99.6 e	100 	101.5 e	102.6 e	102.3 e	104 e	101.4 e	103 e	104.8 e	103.4 e
A,B1GQ,I15,DEF	: 	: 	: 	: 	: 	88.7 e	89.9 e	88.2 e	87.9 e	89.4 e	89.6 e	92.1 e	93.2 e	95.5 e	92.1 e	93.1 e	95.8 e	98.4 e	97.6 e	99.2 e	100 	102.3 e	105.2 e	105.7 e	108.3 e	106.2 e	106.2 e	108.1 e	106.9 e
A,B1GQ,I15,DEF0	: 	: 	: 	: 	: 	88.7 e	89.9 e	88.2 e	87.9 e	89.4 e	89.6 e	92.1 e	93.2 e	95.5 e	92.1 e	93.1 e	95.8 e	98.4 e	97.6 e	99.2 e	100 	102.3 e	105.2 e	105.7 e	108.3 e	106.2 e	106.2 e	108.1 e	106.9 e
A,B1GQ,I15,DEG	: 	: 	: 	: 	: 	83.1 e	83.8 e	83.9 e	85 e	86.4 e	86.1 e	89.2 e	91.2 e	90.9 e	86.1 e	90.5 e	94.6 e	94.6 e	95.8 e	99.2 e	100 	101.2 e	103.3 e	103 e	103 e	99.5 e	102 e	103.8 e	103.8 e
A,B1GQ,I15,DEG0	: 	: 	: 	: 	: 	83.1 e	83.8 e	83.9 e	85 e	86.4 e	86.1 e	89.2 e	91.2 e	90.9 e	86.1 e	90.5 e	94.6 e	94.6 e	95.8 e	99.2 e	100 	101.2 e	103.3 e	103 e	103 e	99.5 e	102 e	103.8 e	103.8 e
A,B1GQ,I15,DK	: 	: 	: 	: 	: 	87.2 e	88 e	88.4 e	88.8 e	91.3 e	93.4 e	97 e	97.9 e	97.5 e	92.7 e	94.1 e	95.4 e	95.4 e	96.7 e	97.9 e	100 	103.1 e	106.2 e	108.2 e	110.1 e	108.1 e	116.1 e	117.9 e	120.8 e
A,B1GQ,I15,DK0	: 	: 	: 	: 	: 	84 e	85 e	85.3 e	85.7 e	87.9 e	90 e	93.9 e	95.2 e	95.2 e	90.8 e	92.5 e	94 e	94.3 e	96.2 e	97.6 e	100 	103.1 e	106.5 e	108.6 e	110.6 e	108.9 e	116.9 e	118.7 e	121.8 e
A,B1GQ,I15,DK01	: 	: 	: 	: 	: 	76.9 e	78.5 e	77.2 e	78 e	80.9 e	85.1 e	86.6 e	87.9 e	89 e	85.6 e	88.6 e	90 e	91.7 e	94.3 e	96.5 e	100 	104 e	107.9 e	111.1 e	112.6 e	110.1 e	118.2 e	123.4 e	129.6 e
A,B1GQ,I15,DK02	: 	: 	: 	: 	: 	92.1 e	93.6 e	94.4 e	94.6 e	97.1 e	98.7 e	101.8 e	101.1 e	97.4 e	91.5 e	93.8 e	94.2 e	93 e	94.6 e	95.5 e	100 	98.8 e	102.6 e	104 e	107.3 e	104.6 e	111.5 e	112.9 e	113 e
A,B1GQ,I15,DK03	: 	: 	: 	: 	: 	87.4 e	87.2 e	87.9 e	88.5 e	90 e	89.9 e	95.8 e	98.6 e	98.4 e	93 e	94.2 e	96.3 e	95.9 e	97.8 e	98.5 e	100 	101.4 e	103.7 e	104.9 e	106.3 e	104.6 e	112.9 e	114.2 e	117.2 e
A,B1GQ,I15,DK04	: 	: 	: 	: 	: 	88.1 e	89.2 e	90.9 e	90.3 e	92.8 e	93.6 e	100 e	101.1 e	101 e	96.6 e	96.4 e	98.9 e	97.8 e	98.9 e	100.4 e	100 	106.2 e	109.3 e	110.9 e	114.2 e	114.7 e	123.5 e	120.1 e	119.5 e
A,B1GQ,I15,DK05	: 	: 	: 	: 	: 	90.5 e	90.3 e	93.1 e	93.6 e	93.2 e	94.4 e	99.7 e	100.9 e	101.4 e	96.1 e	96.5 e	96.4 e	96.9 e	97.1 e	97.3 e	100 	100.7 e	104.1 e	105 e	105.9 e	104.1 e	111.2 e	109.2 e	108 e
A,B1GQ,I15,DKZ	: 	: 	: 	: 	: 	265.5 e	249.9 e	260.7 e	260.8 e	290.9 e	289.2 e	266.9 e	243.3 e	215.5 e	190.9 e	173.1 e	157.2 e	143 e	121.4 e	114.1 e	100 	102.4 e	83.9 e	76.2 e	71.1 e	52.7 e	56 e	59.5 e	57.1 e
A,B1GQ,I15,DKZZ	: 	: 	: 	: 	: 	265.5 e	249.9 e	260.7 e	260.8 e	290.9 e	289.2 e	266.9 e	243.3 e	215.5 e	190.9 e	173.1 e	157.2 e	143 e	121.4 e	114.1 e	100 	102.4 e	83.9 e	76.2 e	71.1 e	52.7 e	56 e	59.5 e	57.1 e
A,B1GQ,I15,EE	: 	: 	: 	: 	: 	60 e	63.5 e	67.9 e	73.1 e	78 e	85.5 e	93.8 e	100.9 e	95.7 e	81.7 e	83.7 e	90.1 e	93.4 e	95 e	98.2 e	100 	103.1 e	108.9 e	112.9 e	117.1 e	113.8 e	121.9 e	122 e	118.3 e
A,B1GQ,I15,EE0	: 	: 	: 	: 	: 	60 e	63.5 e	67.9 e	73.1 e	78 e	85.5 e	93.8 e	100.9 e	95.7 e	81.7 e	83.7 e	90.1 e	93.4 e	95 e	98.2 e	100 	103.1 e	108.9 e	112.9 e	117.1 e	113.8 e	121.9 e	122 e	118.3 e
A,B1GQ,I15,EE00	: 	: 	: 	: 	: 	60 e	63.5 e	67.9 e	73.1 e	78 e	85.5 e	93.8 e	100.9 e	95.7 e	81.7 e	83.7 e	90.1 e	93.4 e	95 e	98.2 e	100 	103.1 e	108.9 e	112.9 e	117.1 e	113.8 e	121.9 e	122 e	118.3 e
A,B1GQ,I15,EL	: 	: 	: 	: 	: 	100 e	104.6 e	109.5 e	115.9 e	122.1 e	123.6 e	131.5 e	136.1 e	136.2 e	130.6 e	123.2 e	111 e	101.8 e	99.4 e	100.2 e	100 	100 e	101.4 e	103.5 e	105.9 e	96.2 e	104.5 e	110.5 e	113.1 e
A,B1GQ,I15,EL3	: 	: 	: 	: 	: 	95.6 e	100.4 e	106.3 e	112.9 e	119.1 e	121 e	130.8 e	136.2 e	136.8 e	132.2 e	124.3 e	111.4 e	100.6 e	98.8 e	100 e	100 	100 e	102 e	103.9 e	107.4 e	98.7 e	107.7 e	114.1 e	117.5 e
A,B1GQ,I15,EL30	: 	: 	: 	: 	: 	95.6 e	100.4 e	106.3 e	112.9 e	119.1 e	121 e	130.8 e	136.2 e	136.8 e	132.2 e	124.3 e	111.4 e	100.6 e	98.8 e	100 e	100 	100 e	102 e	103.9 e	107.4 e	98.7 e	107.7 e	114.1 e	117.5 e
A,B1GQ,I15,EL4	: 	: 	: 	: 	: 	94.1 e	97.8 e	102 e	108.7 e	116.8 e	118.4 e	125.8 e	129.1 e	132.4 e	123.8 e	116.4 e	105.4 e	96.7 e	99 e	101 e	100 	98.1 e	99.9 e	101.8 e	103.5 e	85.6 e	95.4 e	103.7 e	106.3 e
A,B1GQ,I15,EL41	: 	: 	: 	: 	: 	91.7 e	96.1 e	97.3 e	111.2 e	114.3 e	118.4 e	127.8 e	132.5 e	135 e	126.8 e	119.4 e	109.9 e	101.6 e	100.4 e	101.6 e	100 	99.1 e	98.8 e	100.3 e	102.8 e	91.6 e	97.3 e	102.5 e	105 e
A,B1GQ,I15,EL42	: 	: 	: 	: 	: 	94.7 e	95.1 e	97.5 e	104.8 e	112.4 e	116.3 e	123 e	127.4 e	132.1 e	120 e	112.9 e	104.1 e	96.6 e	101.5 e	102 e	100 	97.2 e	98.1 e	101 e	102.8 e	79 e	89.9 e	97.8 e	101.6 e
A,B1GQ,I15,EL43	: 	: 	: 	: 	: 	94.3 e	100.1 e	106.4 e	110.7 e	120.5 e	120 e	127.2 e	129.2 e	131.8 e	125.6 e	118 e	104.9 e	95.4 e	96.8 e	100.1 e	100 	98.4 e	101.4 e	102.7 e	104.2 e	88.5 e	98.6 e	108.2 e	109.9 e
A,B1GQ,I15,EL5	: 	: 	: 	: 	: 	105.4 e	109.8 e	113.4 e	118.2 e	125.8 e	126.2 e	131.9 e	137.4 e	136.4 e	131 e	125 e	113.8 e	105.5 e	101 e	100.5 e	100 	100.4 e	100.6 e	103 e	103.7 e	94.7 e	101.4 e	107.4 e	108.8 e
A,B1GQ,I15,EL51	: 	: 	: 	: 	: 	109.7 e	112.8 e	115.7 e	119.6 e	125.8 e	128.5 e	128.2 e	136.7 e	138.1 e	132.5 e	132 e	114.5 e	106.2 e	101.3 e	101.1 e	100 	101.9 e	101.2 e	103.3 e	103.7 e	95.2 e	103.2 e	106.2 e	108.1 e
A,B1GQ,I15,EL52	: 	: 	: 	: 	: 	101.4 e	106.5 e	110.9 e	115.5 e	124.3 e	123.2 e	130.4 e	137.1 e	136.7 e	131.2 e	122.1 e	111.2 e	102.3 e	98.4 e	98.4 e	100 	101.1 e	101.9 e	104.9 e	106.9 e	98.4 e	105.5 e	114 e	114.9 e
A,B1GQ,I15,EL53	: 	: 	: 	: 	: 	114 e	115.9 e	115.5 e	123.8 e	131.8 e	137.5 e	144 e	140.1 e	132.5 e	129.7 e	130.1 e	127.1 e	126.9 e	114.4 e	109.9 e	100 	94 e	93.7 e	93.3 e	87.3 e	74.8 e	78.1 e	76.7 e	79.3 e
A,B1GQ,I15,EL54	: 	: 	: 	: 	: 	111.5 e	116.4 e	120.1 e	124.3 e	125.4 e	126.1 e	131.5 e	133.7 e	130.5 e	124.7 e	121.9 e	112.1 e	100.2 e	100 e	100.7 e	100 	100.9 e	100.4 e	102.8 e	103.8 e	94.5 e	101.3 e	105.7 e	108.6 e
A,B1GQ,I15,EL6	: 	: 	: 	: 	: 	107.2 e	112.2 e	116.7 e	123.7 e	127.9 e	129.2 e	135.4 e	138 e	136.4 e	129.7 e	121.7 e	109.6 e	102.8 e	99.6 e	100.1 e	100 	100.3 e	101.9 e	104.1 e	106 e	97 e	104.8 e	108.7 e	110.6 e
A,B1GQ,I15,EL61	: 	: 	: 	: 	: 	95.9 e	101.1 e	111.9 e	121.3 e	127 e	123.4 e	129.8 e	131.9 e	131.6 e	125.8 e	114.9 e	102.9 e	98.4 e	97.2 e	99 e	100 	99 e	99.2 e	102.7 e	105.9 e	98 e	108.8 e	110.1 e	110.1 e
A,B1GQ,I15,EL62	: 	: 	: 	: 	: 	104.9 e	108.5 e	111.4 e	121.5 e	126.7 e	130.1 e	134.7 e	138.9 e	142.1 e	129.1 e	121 e	105.1 e	98.6 e	99.4 e	102 e	100 	99.7 e	100.4 e	102.4 e	103.5 e	81.2 e	91.7 e	100.6 e	103.5 e
A,B1GQ,I15,EL63	: 	: 	: 	: 	: 	106.9 e	111.6 e	115.2 e	120.9 e	128.4 e	130.5 e	140.2 e	142.7 e	139 e	129.8 e	125.1 e	111.2 e	103.8 e	99.6 e	100.9 e	100 	98.7 e	99.3 e	99.3 e	101.1 e	92.3 e	98.6 e	105.5 e	106.2 e
A,B1GQ,I15,EL64	: 	: 	: 	: 	: 	128.8 e	133.6 e	135 e	141.7 e	142.6 e	147.1 e	146.5 e	148.1 e	144.5 e	139.4 e	130.6 e	118.9 e	110 e	103.3 e	101.1 e	100 	102.5 e	106.1 e	110.4 e	111.6 e	107.1 e	114.2 e	113.8 e	118.5 e
A,B1GQ,I15,EL65	: 	: 	: 	: 	: 	101.1 e	106.6 e	108.6 e	113.1 e	115 e	117.5 e	126.5 e	129.9 e	129.1 e	124.7 e	117.9 e	108.5 e	101.5 e	98.7 e	98.8 e	100 	101.4 e	103.9 e	104.9 e	106.6 e	97 e	102.6 e	108.7 e	110.3 e
A,B1GQ,I15,ES	: 	: 	: 	: 	: 	81.1 	84.3 	86.6 	89.1 	91.9 	95.2 	99 	102.5 	103.3 	99.4 	99.5 	98.9 	96 	94.7 	96.1 	100 	102.9 	105.9 	108.4 	110.6 	98.5 	105 	111.5 p	114.5 p
A,B1GQ,I15,ES1	: 	: 	: 	: 	: 	83.4 	86.4 	88.6 	90.8 	93.5 	96.6 	100.5 	104.1 	105.5 	101.3 	101.7 	100.1 	97.3 	95.5 	96.2 	100 	102.3 	104.8 	106.9 	108.4 	98.2 	104.1 	109.1 p	111.8 p
A,B1GQ,I15,ES11	: 	: 	: 	: 	: 	80 	82.8 	84.9 	87.2 	90.5 	93.5 	97.5 	101.5 	103.1 	99.3 	99.8 	98.2 	95.7 	94.6 	95.4 	100 	102.6 	105.1 	107.3 	108.9 	99.2 	105.1 	110.3 p	112.9 p
A,B1GQ,I15,ES12	: 	: 	: 	: 	: 	89.6 	92.9 	94.9 	97.1 	99.1 	102 	106.2 	109.3 	110.2 	104.8 	105.4 	104.5 	100.5 	97.4 	97.3 	100 	101.4 	103.5 	105.2 	106.5 	95.5 	100.7 	105.1 p	108 p
A,B1GQ,I15,ES13	: 	: 	: 	: 	: 	88.3 	92.1 	94.7 	96.1 	98.1 	101.2 	104.2 	107.4 	108.1 	104.2 	103.8 	101.7 	99.2 	96.1 	97.6 	100 	102.4 	105.5 	107.8 	109.2 	98.4 	105.4 	110.3 p	113.2 p
A,B1GQ,I15,ES2	: 	: 	: 	: 	: 	83.1 	85.7 	87.7 	89.9 	92.4 	95.4 	99.1 	102.4 	103.6 	99.5 	100.1 	99.3 	96.5 	95.3 	96.8 	100 	102.5 	105.1 	107.4 	109 	98.5 	104.5 	110.1 p	112.9 p
A,B1GQ,I15,ES21	: 	: 	: 	: 	: 	83.1 	85.8 	87.2 	89 	91.4 	94.4 	97.9 	100.8 	102.1 	98.2 	99 	98.3 	96.5 	94.5 	96.2 	100 	102.6 	105.1 	107.3 	108.9 	97.7 	104 	110.7 p	113.4 p
A,B1GQ,I15,ES22	: 	: 	: 	: 	: 	80.4 	82.8 	85.2 	87.6 	90.5 	93.3 	97 	100.2 	102.1 	98 	98.7 	98.9 	95.8 	94.7 	96.6 	100 	102.5 	106.1 	108.1 	110.6 	99.5 	106.3 	111.8 p	114.2 p
A,B1GQ,I15,ES23	: 	: 	: 	: 	: 	82.9 	85 	86.9 	90.3 	93.6 	96.9 	101.1 	105 	106.6 	101.9 	102.6 	101.4 	97.8 	95.3 	96.4 	100 	101.7 	102.5 	104.5 	105.9 	96.7 	101.6 	106.8 p	111.3 p
A,B1GQ,I15,ES24	: 	: 	: 	: 	: 	84.7 	87.2 	90.4 	92.8 	95.2 	98.1 	102 	106.1 	106.8 	102.2 	102.5 	100.9 	96.5 	97 	98.1 	100 	102.6 	105.1 	107.9 	109 	99.8 	105.2 	108.7 p	111.6 p
A,B1GQ,I15,ES3	: 	: 	: 	: 	: 	74.4 	77.6 	79.8 	82.2 	85.2 	89 	93.3 	96.8 	98.2 	96 	96.4 	97.2 	95.8 	94.1 	95.7 	100 	103.9 	107.9 	111.1 	114.3 	102.6 	109.2 	117.9 p	120.9 p
A,B1GQ,I15,ES30	: 	: 	: 	: 	: 	74.4 	77.6 	79.8 	82.2 	85.2 	89 	93.3 	96.8 	98.2 	96 	96.4 	97.2 	95.8 	94.1 	95.7 	100 	103.9 	107.9 	111.1 	114.3 	102.6 	109.2 	117.9 p	120.9 p
A,B1GQ,I15,ES4	: 	: 	: 	: 	: 	83.9 	86.4 	89.2 	91.9 	94.6 	97.7 	101.3 	105.3 	106.3 	102.9 	103.1 	102.3 	98.1 	97 	96.8 	100 	102.5 	104.4 	107.2 	108.3 	99.1 	104.2 	107.1 p	110.4 p
A,B1GQ,I15,ES41	: 	: 	: 	: 	: 	89.2 	91 	93.3 	95.7 	97.8 	100.2 	103.1 	106.1 	106.2 	102.7 	102.9 	102.6 	98.9 	96.8 	97.2 	100 	102.3 	103.6 	106.5 	107.3 	98 	102.9 	106.5 p	109.8 p
A,B1GQ,I15,ES42	: 	: 	: 	: 	: 	77.8 	81 	84.5 	87.9 	91.3 	95.2 	100.1 	105.5 	107.8 	104.4 	104.1 	102.6 	97.3 	97.3 	96 	100 	103.2 	105.2 	108.2 	109.3 	100.7 	106.4 	109.2 p	112.8 p
A,B1GQ,I15,ES43	: 	: 	: 	: 	: 	81.7 	84.1 	87 	89.6 	92.2 	95.3 	98.7 	102.4 	103.8 	100.5 	101.5 	100.6 	97.3 	96.7 	96.9 	100 	101.4 	105.2 	106.9 	108.9 	98.9 	103.3 	104.5 p	107.3 p
A,B1GQ,I15,ES5	: 	: 	: 	: 	: 	82 	85.6 	87.8 	90.1 	92.9 	96.2 	100 	103.4 	103.8 	99.3 	99.4 	98 	95 	93.9 	95.9 	100 	103 	106.1 	108.5 	110.8 	97 	104.4 	111.7 p	114.7 p
A,B1GQ,I15,ES51	: 	: 	: 	: 	: 	80.8 	84.3 	86.5 	89 	91.9 	95.1 	98.9 	102.3 	102.5 	98.8 	99.3 	97.7 	95 	93.9 	95.7 	100 	103.2 	106 	108.4 	110.8 	97.6 	104.6 	111.4 p	114.1 p
A,B1GQ,I15,ES52	: 	: 	: 	: 	: 	84.4 	88.6 	91.2 	93.5 	96.4 	99.6 	103.6 	106.9 	107.5 	101.2 	100.8 	99.2 	95.3 	94.2 	96.3 	100 	102.3 	105.8 	108.2 	110.3 	98.8 	106.3 	112.1 p	114.7 p
A,B1GQ,I15,ES53	: 	: 	: 	: 	: 	82.8 	84.9 	85.5 	86.4 	88.3 	91.6 	94.9 	98.3 	99.9 	95.8 	95.3 	95.2 	94 	92.9 	95.9 	100 	104.2 	107.4 	110.6 	112.7 	87.1 	97.2 	112.8 p	119.2 p
A,B1GQ,I15,ES6	: 	: 	: 	: 	: 	81.8 	84.9 	87.9 	91.2 	94.2 	97.4 	101.3 	104.8 	105.1 	100.6 	99.5 	99.1 	95.8 	94.1 	95.8 	100 	102.6 	105.2 	107.4 	109.5 	98.1 	104.5 	109.5 p	112 p
A,B1GQ,I15,ES61	: 	: 	: 	: 	: 	82.4 	85.5 	88.6 	92.1 	95.3 	98.5 	102.4 	106 	106.1 	101.7 	100.4 	100.1 	96.6 	94.8 	96.4 	100 	102.4 	104.9 	107.6 	109.6 	97.8 	104.2 	109.3 p	111.9 p
A,B1GQ,I15,ES62	: 	: 	: 	: 	: 	76.2 	79.4 	82.4 	85.4 	87.8 	91.4 	95.2 	98.9 	100.3 	95.2 	95.3 	94.4 	91.7 	90.7 	92.9 	100 	103.6 	106.8 	106.7 	109.2 	99.4 	106.6 	110.8 p	113.1 p
A,B1GQ,I15,ES63	: 	: 	: 	: 	: 	117.3 	113.6 	111.1 	110.8 	108.8 	107.1 	105.7 	105.5 	103.8 	99.4 	98 	98.7 	96.8 	97.5 	97.3 	100 	101.7 	104.1 	106.3 	107.4 	97.9 	101.4 	104.6 p	106.3 p
A,B1GQ,I15,ES64	: 	: 	: 	: 	: 	119.1 	115.3 	111.8 	110.9 	108.9 	107.5 	106.1 	104.1 	102 	98 	95.6 	96.9 	95.1 	95.7 	97.2 	100 	102.3 	104.7 	107.2 	108.9 	99.1 	102.4 	105.5 p	107.5 p
A,B1GQ,I15,ES7	: 	: 	: 	: 	: 	85.7 	89.6 	91.5 	94.4 	96 	98.7 	101.4 	104.4 	104.2 	99.5 	100.3 	99.8 	97.4 	96.5 	97.2 	100 	102.5 	106.3 	108.9 	110.7 	89.9 	97.6 	109.5 p	115.1 p
A,B1GQ,I15,ES70	: 	: 	: 	: 	: 	85.7 	89.6 	91.5 	94.4 	96 	98.7 	101.4 	104.4 	104.2 	99.5 	100.3 	99.8 	97.4 	96.5 	97.2 	100 	102.5 	106.3 	108.9 	110.7 	89.9 	97.6 	109.5 p	115.1 p
A,B1GQ,I15,ESZ	: 	: 	: 	: 	: 	63.2 	65.7 	65.6 	59.9 	67.8 	72.2 	80 	77.5 	78.5 	79.8 	83.9 	113.7 	93.2 	97.9 	95.7 	100 	93.6 	92.8 	94.1 	93.8 	94 	94.5 	94.7 p	94 p
A,B1GQ,I15,ESZZ	: 	: 	: 	: 	: 	63.2 	65.7 	65.6 	59.9 	67.8 	72.2 	80 	77.5 	78.5 	79.8 	83.9 	113.7 	93.2 	97.9 	95.7 	100 	93.6 	92.8 	94.1 	93.8 	94 	94.5 	94.7 p	94 p
A,B1GQ,I15,EU27_2020	: 	: 	: 	: 	: 	77.4 	79.3 	80.4 	81.4 	83.9 	85.8 	89.3 	92.5 	93.6 	90 	92.5 	94.8 	94.6 	95.1 	97.1 	100 	102.5 	105.9 	108.7 	111.3 	105.2 	111.9 	115.8 	116.3 
A,B1GQ,I15,FI	: 	: 	: 	: 	: 	84.1 e	86.3 e	87.7 e	89.5 e	93.1 e	95.7 e	99.5 e	104.8 e	105.6 e	97.1 e	100.2 e	102.6 e	101 e	100 e	99.5 e	100 	102.6 e	106 e	107.2 e	108.7 e	106 e	108.8 e	109.6 e	108.3 e
A,B1GQ,I15,FI1	: 	: 	: 	: 	: 	84 e	86.2 e	87.7 e	89.5 e	93.1 e	95.7 e	99.5 e	104.9 e	105.7 e	97.1 e	100.2 e	102.6 e	101 e	100 e	99.5 e	100 	102.6 e	106 e	107.3 e	108.8 e	106.1 e	108.9 e	109.7 e	108.3 e
A,B1GQ,I15,FI19	: 	: 	: 	: 	: 	84.2 e	88.3 e	89.4 e	92 e	94.8 e	98.3 e	101.7 e	108.5 e	109 e	99 e	101.7 e	105.9 e	104.2 e	100.5 e	99.7 e	100 	101.1 e	104.1 e	105.1 e	105.4 e	103.6 e	107.5 e	109.6 e	111.4 e
A,B1GQ,I15,FI1B	: 	: 	: 	: 	: 	79.1 e	82.4 e	82 e	82.5 e	85.9 e	88.8 e	93.3 e	99.5 e	101.8 e	95.9 e	99.7 e	99.9 e	97.5 e	99 e	98.1 e	100 	102.8 e	106.2 e	108.4 e	111.4 e	107.8 e	111.4 e	110.7 e	107.8 e
A,B1GQ,I15,FI1C	: 	: 	: 	: 	: 	91 e	91.3 e	95 e	96.5 e	100.9 e	102.5 e	105.3 e	109.8 e	109.6 e	98.5 e	99.3 e	104.3 e	103.5 e	100.5 e	100.6 e	100 	102.4 e	107 e	107.3 e	107.6 e	105 e	107 e	107 e	105.7 e
A,B1GQ,I15,FI1D	: 	: 	: 	: 	: 	87.1 e	86.6 e	90.2 e	94 e	98.2 e	100.1 e	104 e	106.8 e	106.1 e	96.1 e	100.4 e	102.5 e	101.9 e	100.8 e	100.9 e	100 	104.2 e	106.9 e	107.8 e	108.4 e	106.8 e	107.2 e	110.2 e	108.3 e
A,B1GQ,I15,FI2	: 	: 	: 	: 	: 	81.1 e	92.1 e	91.3 e	89.6 e	91.8 e	94.6 e	95.6 e	94.7 e	89 e	95.8 e	95.8 e	97.2 e	103.4 e	104.8 e	104.8 e	100 	98.2 e	98.8 e	91.4 e	94.3 e	81.2 e	91.2 e	96.1 e	99.4 e
A,B1GQ,I15,FI20	: 	: 	: 	: 	: 	81.1 e	92.1 e	91.3 e	89.6 e	91.8 e	94.6 e	95.6 e	94.7 e	89 e	95.8 e	95.8 e	97.2 e	103.4 e	104.8 e	104.8 e	100 	98.2 e	98.8 e	91.4 e	94.3 e	81.2 e	91.2 e	96.1 e	99.4 e
A,B1GQ,I15,FIZ	: 	: 	: 	: 	: 	386.2 e	329.1 e	282.5 e	157.7 e	150.1 e	137.9 e	156.1 e	156.7 e	141.9 e	139.5 e	146.7 e	164.1 e	150.9 e	110.6 e	110 e	100 	97 e	102.2 e	124.7 e	158.8 e	137.3 e	139.8 e	146.6 e	149.7 e
A,B1GQ,I15,FIZZ	: 	: 	: 	: 	: 	386.2 e	329.1 e	282.5 e	157.7 e	150.1 e	137.9 e	156.1 e	156.7 e	141.9 e	139.5 e	146.7 e	164.1 e	150.9 e	110.6 e	110 e	100 	97 e	102.2 e	124.7 e	158.8 e	137.3 e	139.8 e	146.6 e	149.7 e
A,B1GQ,I15,FR	: 	: 	: 	: 	: 	82.9 	84.5 	85.4 	86.2 	88.7 	90.4 	92.8 	95.2 	95.6 	92.9 	94.7 	97 	97.2 	98 	98.9 	100 	100.9 	103 	104.7 	106.8 	98.8 	105.6 	108.4 p	109.4 p
A,B1GQ,I15,FR1	: 	: 	: 	: 	: 	79.8 p	80.9 p	82.2 p	82.4 p	84 p	86.1 p	87.7 p	91.2 p	92.5 p	89.8 p	94.2 p	95.1 p	96.2 p	97.8 p	98.7 p	100 	101.5 p	103.6 p	105.9 p	109.1 p	98 p	102.7 p	106.8 p	111.1 p
A,B1GQ,I15,FR10	: 	: 	: 	: 	: 	79.8 p	80.9 p	82.2 p	82.4 p	84 p	86.1 p	87.7 p	91.2 p	92.5 p	89.8 p	94.2 p	95.1 p	96.2 p	97.8 p	98.7 p	100 	101.5 p	103.6 p	105.9 p	109.1 p	98 p	102.7 p	106.8 p	111.1 p
A,B1GQ,I15,FRB	: 	: 	: 	: 	: 	92.3 p	94 p	94.3 p	95 p	97.5 p	98.1 p	100.2 p	102.1 p	99.2 p	96.8 p	97.7 p	99.7 p	99.2 p	99.4 p	99.4 p	100 	99.7 p	101.4 p	102.1 p	103.2 p	96.8 p	103 p	102.8 p	107.3 p
A,B1GQ,I15,FRB0	: 	: 	: 	: 	: 	92.3 p	94 p	94.3 p	95 p	97.5 p	98.1 p	100.2 p	102.1 p	99.2 p	96.8 p	97.7 p	99.7 p	99.2 p	99.4 p	99.4 p	100 	99.7 p	101.4 p	102.1 p	103.2 p	96.8 p	103 p	102.8 p	107.3 p
A,B1GQ,I15,FRC	: 	: 	: 	: 	: 	95.9 p	96.8 p	97 p	97 p	99.6 p	99.5 p	101.2 p	104.1 p	104.1 p	100 p	98.9 p	101.5 p	98.9 p	98.7 p	100 p	100 	99.4 p	101.9 p	102.4 p	103.2 p	97.3 p	103.6 p	103.6 p	102.1 p
A,B1GQ,I15,FRC1	: 	: 	: 	: 	: 	94 p	93.9 p	94.1 p	94.1 p	97.4 p	97.3 p	99.6 p	103.1 p	103.3 p	99.1 p	97.6 p	100.4 p	99.3 p	99.4 p	100.7 p	100 	98.2 p	101.5 p	102.7 p	102.7 p	96.9 p	104.4 p	105.9 p	105.1 p
A,B1GQ,I15,FRC2	: 	: 	: 	: 	: 	98.7 p	101.2 p	101.3 p	101.3 p	103.1 p	102.8 p	103.8 p	105.6 p	105.2 p	101.3 p	100.9 p	103.1 p	98.2 p	97.7 p	99 p	100 	101.3 p	102.4 p	101.8 p	103.9 p	98 p	102.5 p	100.1 p	97.6 p
A,B1GQ,I15,FRD	: 	: 	: 	: 	: 	90.4 p	90.7 p	91.3 p	92.6 p	95 p	95.6 p	97.5 p	99.9 p	99.5 p	95.9 p	97.4 p	99.8 p	99.1 p	99.5 p	99.3 p	100 	98.8 p	98.9 p	99.1 p	100 p	93.4 p	103.1 p	107 p	107.6 p
A,B1GQ,I15,FRD1	: 	: 	: 	: 	: 	90.6 p	90.7 p	91.7 p	93.4 p	96.6 p	97.1 p	99.4 p	100.7 p	101 p	97.9 p	98.2 p	101.3 p	99.4 p	100 p	99.5 p	100 	100.1 p	99.3 p	100.3 p	101.6 p	95.7 p	105.2 p	106.3 p	110.6 p
A,B1GQ,I15,FRD2	: 	: 	: 	: 	: 	90.4 p	90.7 p	90.9 p	91.9 p	93.9 p	94.6 p	96.1 p	99.3 p	98.5 p	94.5 p	96.9 p	98.8 p	98.9 p	99.2 p	99.1 p	100 	98 p	98.7 p	98.3 p	98.8 p	91.7 p	101.5 p	107.5 p	105.5 p
A,B1GQ,I15,FRE	: 	: 	: 	: 	: 	88.1 p	89 p	89.9 p	91.1 p	92.6 p	93.8 p	96.1 p	98.5 p	99.5 p	96.1 p	96.5 p	99 p	98 p	98.6 p	98.9 p	100 	99.7 p	102.2 p	102.8 p	103.9 p	97.7 p	104.1 p	104.9 p	103.3 p
A,B1GQ,I15,FRE1	: 	: 	: 	: 	: 	85.6 p	86.5 p	87.8 p	89 p	90.9 p	92.3 p	95.2 p	97.4 p	99.2 p	96.1 p	96.2 p	98.8 p	97.5 p	98.4 p	99.2 p	100 	100.5 p	102.7 p	103.9 p	104.8 p	98.9 p	106.1 p	106.8 p	107.4 p
A,B1GQ,I15,FRE2	: 	: 	: 	: 	: 	93.8 p	94.7 p	94.9 p	95.8 p	96.5 p	97.3 p	98 p	100.9 p	100.1 p	96.3 p	97.3 p	99.3 p	99.2 p	98.9 p	98.3 p	100 	97.9 p	100.9 p	100.4 p	101.7 p	95 p	99.7 p	100.8 p	94.3 p
A,B1GQ,I15,FRF	: 	: 	: 	: 	: 	95.6 p	96 p	96 p	96.2 p	99.3 p	99.2 p	100.9 p	103.3 p	102.8 p	98.9 p	98.1 p	101 p	98.9 p	99.5 p	100.1 p	100 	99.7 p	101.8 p	103.1 p	103.7 p	96.5 p	101.5 p	103.8 p	103.1 p
A,B1GQ,I15,FRF1	: 	: 	: 	: 	: 	90.9 p	91.6 p	91.7 p	92 p	93.6 p	93.4 p	95.6 p	98.8 p	99.9 p	97.2 p	96.1 p	98.9 p	97.6 p	98.7 p	99.7 p	100 	101.4 p	103.5 p	105.6 p	106.8 p	99.2 p	104.5 p	105.5 p	104.1 p
A,B1GQ,I15,FRF2	: 	: 	: 	: 	: 	100 p	98.3 p	98 p	97 p	102.6 p	101.9 p	103 p	106.2 p	105.2 p	99.2 p	99.4 p	104.7 p	101 p	101.2 p	100.5 p	100 	97.9 p	100.9 p	102.4 p	102.3 p	94.7 p	103.2 p	110.6 p	110.3 p
A,B1GQ,I15,FRF3	: 	: 	: 	: 	: 	97.4 p	98.8 p	99.1 p	99.8 p	102.8 p	103.1 p	104.8 p	106.1 p	103.9 p	100.5 p	99.3 p	100.8 p	98.9 p	99.2 p	100.1 p	100 	99.1 p	100.8 p	101 p	101.6 p	95 p	97.5 p	97.9 p	97.5 p
A,B1GQ,I15,FRG	: 	: 	: 	: 	: 	79.3 p	81.7 p	82.8 p	84.2 p	86.3 p	88.1 p	90.1 p	92.7 p	94.5 p	91.6 p	91.6 p	95.9 p	96 p	97 p	98.4 p	100 	101.1 p	103.4 p	105 p	107.7 p	103 p	108.3 p	108.3 p	109.5 p
A,B1GQ,I15,FRG0	: 	: 	: 	: 	: 	79.3 p	81.7 p	82.8 p	84.2 p	86.3 p	88.1 p	90.1 p	92.7 p	94.5 p	91.6 p	91.6 p	95.9 p	96 p	97 p	98.4 p	100 	101.1 p	103.4 p	105 p	107.7 p	103 p	108.3 p	108.3 p	109.5 p
A,B1GQ,I15,FRH	: 	: 	: 	: 	: 	82 p	83.6 p	84.4 p	85.9 p	90.6 p	92.9 p	95.5 p	96.8 p	95 p	92.1 p	92.2 p	95.6 p	95.8 p	96.8 p	98.6 p	100 	101.5 p	104.5 p	105.1 p	107.6 p	102.4 p	107 p	109.1 p	110 p
A,B1GQ,I15,FRH0	: 	: 	: 	: 	: 	82 p	83.6 p	84.4 p	85.9 p	90.6 p	92.9 p	95.5 p	96.8 p	95 p	92.1 p	92.2 p	95.6 p	95.8 p	96.8 p	98.6 p	100 	101.5 p	104.5 p	105.1 p	107.6 p	102.4 p	107 p	109.1 p	110 p
A,B1GQ,I15,FRI	: 	: 	: 	: 	: 	82.1 p	84.8 p	86.6 p	87.3 p	89.3 p	91.1 p	94 p	96.2 p	94.6 p	93.2 p	94.1 p	97.4 p	97.7 p	97.8 p	99.2 p	100 	100.8 p	102.6 p	104.4 p	106.6 p	100.3 p	107.4 p	108.1 p	109.8 p
A,B1GQ,I15,FRI1	: 	: 	: 	: 	: 	79.4 p	82.9 p	84.5 p	85 p	87 p	89.2 p	92.7 p	94.6 p	93.1 p	92.3 p	94 p	97.4 p	97.5 p	97.2 p	98.7 p	100 	101.6 p	103.4 p	105.6 p	107.7 p	100.9 p	109 p	111.1 p	112.9 p
A,B1GQ,I15,FRI2	: 	: 	: 	: 	: 	92.5 p	94 p	96.5 p	97 p	97.2 p	99.9 p	102.1 p	103.6 p	101.2 p	99 p	95.9 p	97.7 p	96.9 p	98.5 p	99.5 p	100 	98.3 p	100.1 p	100 p	103.4 p	97.9 p	102.6 p	97.5 p	96.9 p
A,B1GQ,I15,FRI3	: 	: 	: 	: 	: 	83.6 p	85.3 p	87.1 p	88.4 p	91 p	91.6 p	93.6 p	96.6 p	95.1 p	93 p	93.8 p	97.1 p	98.3 p	98.6 p	100.1 p	100 	99.9 p	102 p	103.7 p	105.7 p	99.9 p	106.1 p	106.1 p	108.5 p
A,B1GQ,I15,FRJ	: 	: 	: 	: 	: 	74.8 p	78.1 p	79.4 p	81.2 p	84.1 p	86.9 p	91.2 p	91.9 p	92.4 p	91.5 p	91.7 p	95.1 p	96.1 p	96.9 p	98.7 p	100 	101.3 p	103.1 p	105.3 p	107.6 p	99.8 p	109.9 p	112.9 p	117.4 p
A,B1GQ,I15,FRJ1	: 	: 	: 	: 	: 	77.3 p	80 p	81.1 p	84 p	87.1 p	89.2 p	92.8 p	94.9 p	95.7 p	94.5 p	95.6 p	98.8 p	98.4 p	98.1 p	99.1 p	100 	101.1 p	103.1 p	104.6 p	107.1 p	102 p	114.3 p	117.7 p	123 p
A,B1GQ,I15,FRJ2	: 	: 	: 	: 	: 	72.9 p	76.7 p	78.1 p	79.1 p	81.8 p	85.1 p	90 p	89.6 p	90 p	89.1 p	88.7 p	92.3 p	94.4 p	96 p	98.4 p	100 	101.5 p	103.2 p	105.9 p	108.1 p	98.1 p	106.6 p	109.2 p	113.2 p
A,B1GQ,I15,FRK	: 	: 	: 	: 	: 	81.9 p	83.3 p	83.3 p	84.1 p	87.9 p	89.3 p	92.6 p	94.3 p	95.5 p	92.2 p	93.6 p	97.2 p	97 p	97.7 p	98.8 p	100 	101.6 p	104.2 p	106.8 p	108.8 p	101.9 p	107 p	107.5 p	110.5 p
A,B1GQ,I15,FRK1	: 	: 	: 	: 	: 	89.3 p	89.8 p	90.7 p	91.4 p	94.2 p	95.3 p	96.8 p	99.2 p	96.8 p	93.9 p	93.2 p	97.5 p	96.7 p	98.1 p	98.9 p	100 	100 p	104.5 p	105.7 p	107.4 p	101 p	105 p	103.9 p	102.5 p
A,B1GQ,I15,FRK2	: 	: 	: 	: 	: 	80.7 p	82.2 p	82.1 p	82.9 p	86.8 p	88.3 p	91.8 p	93.5 p	95.3 p	91.9 p	93.7 p	97.2 p	97.1 p	97.6 p	98.7 p	100 	101.9 p	104.2 p	107 p	109 p	102 p	107.3 p	108.1 p	111.9 p
A,B1GQ,I15,FRL	: 	: 	: 	: 	: 	79.7 p	82.2 p	82.9 p	84.6 p	88.2 p	91 p	94 p	95.1 p	94.6 p	93 p	96.2 p	97.5 p	99.1 p	98.3 p	99.2 p	100 	100.6 p	102.7 p	104.3 p	105.8 p	98.3 p	115 p	122.4 p	106.6 p
A,B1GQ,I15,FRL0	: 	: 	: 	: 	: 	79.7 p	82.2 p	82.9 p	84.6 p	88.2 p	91 p	94 p	95.1 p	94.6 p	93 p	96.2 p	97.5 p	99.1 p	98.3 p	99.2 p	100 	100.6 p	102.7 p	104.3 p	105.8 p	98.3 p	115 p	122.4 p	106.6 p
A,B1GQ,I15,FRM	: 	: 	: 	: 	: 	67.6 p	70.4 p	71 p	73 p	75.7 p	79.2 p	83.3 p	83.4 p	88.9 p	91.5 p	91.8 p	96 p	96 p	97 p	98 p	100 	100.6 p	103.6 p	106.2 p	107.6 p	98.4 p	125.9 p	148 p	142 p
A,B1GQ,I15,FRM0	: 	: 	: 	: 	: 	67.6 p	70.4 p	71 p	73 p	75.7 p	79.2 p	83.3 p	83.4 p	88.9 p	91.5 p	91.8 p	96 p	96 p	97 p	98 p	100 	100.6 p	103.6 p	106.2 p	107.6 p	98.4 p	125.9 p	148 p	142 p
A,B1GQ,I15,FRY	: 	: 	: 	: 	: 	82.9 p	86.7 p	88.9 p	91.6 p	94.4 p	96.3 p	98.7 p	99.6 p	100.2 p	96.3 p	96.6 p	97.8 p	97.3 p	96.6 p	98.6 p	100 	100.9 p	101.8 p	101.9 p	103.1 p	97.7 p	106 p	110.1 p	110.8 p
A,B1GQ,I15,FRY1	: 	: 	: 	: 	: 	1134.9 p	980.8 p	857.7 p	768.4 p	663.7 p	567.9 p	480.3 p	395.1 p	335.8 p	263.5 p	226.4 p	193.7 p	163.1 p	136.3 p	117.8 p	100 	85.7 p	72.7 p	62.1 p	53.3 p	41.3 p	46.3 p	49 p	48.7 p
A,B1GQ,I15,FRY2	: 	: 	: 	: 	: 	34.8 p	38.2 p	41.1 p	45.2 p	48.7 p	52.2 p	56.2 p	59.6 p	63.9 p	65.4 p	71.1 p	76.6 p	80.9 p	85.4 p	93.2 p	100 	104.9 p	111.7 p	117 p	123.7 p	123.9 p	128.6 p	135.7 p	136.3 p
A,B1GQ,I15,FRY3	: 	: 	: 	: 	: 	13.3 p	17.4 p	20.5 p	22.3 p	26.1 p	29.7 p	35.5 p	39.7 p	46 p	54.2 p	63.7 p	70.6 p	78.6 p	85.1 p	93.2 p	100 	110 p	116.7 p	130.2 p	139.6 p	142.4 p	169.9 p	171 p	165.9 p
A,B1GQ,I15,FRY4	: 	: 	: 	: 	: 	70.9 p	74.7 p	77.6 p	80.9 p	85.1 p	88.6 p	92.2 p	96.3 p	96.6 p	93.3 p	91.5 p	94 p	94 p	94.4 p	97 p	100 	102.5 p	105.1 p	105.9 p	108.6 p	104.7 p	111.8 p	114.8 p	116.8 p
A,B1GQ,I15,FRY5	: 	: 	: 	: 	: 	9.9 p	11.3 p	12.6 p	15.2 p	18.3 p	21.9 p	26.9 p	30.5 p	37.7 p	40.4 p	46.4 p	52.1 p	59.3 p	69.1 p	82.2 p	100 	115.4 p	138.1 p	153.6 p	185.9 p	208.7 p	220.9 p	234.8 p	243.5 p
A,B1GQ,I15,FRZ	: 	: 	: 	: 	: 	20.2 p	23.2 p	26.5 p	27.5 p	27.4 p	28.4 p	92 p	98.2 p	52.1 p	56.8 p	60.5 p	66.6 p	73.6 p	81 p	87 p	100 	111.6 p	126.4 p	139.6 p	155.4 p	169.3 p	174.2 p	168.9 p	160.3 p
A,B1GQ,I15,FRZZ	: 	: 	: 	: 	: 	20.2 p	23.2 p	26.5 p	27.5 p	27.4 p	28.4 p	92 p	98.2 p	52.1 p	56.8 p	60.5 p	66.6 p	73.6 p	81 p	87 p	100 	111.6 p	126.4 p	139.6 p	155.4 p	169.3 p	174.2 p	168.9 p	160.3 p
A,B1GQ,I15,HR	: 	: 	: 	: 	: 	77.8 e	80.2 e	84.9 e	89.6 e	93.3 e	97.4 e	102.3 e	107.5 e	109.6 e	102.1 e	100.8 e	100.7 e	98.4 e	98.3 e	97.7 e	100 	103.5 e	106.9 e	110 e	113.4 e	103.9 e	117.1 e	125.6 e	129.8 e
A,B1GQ,I15,HR0	: 	: 	: 	: 	: 	77.8 e	80.2 e	84.9 e	89.6 e	93.3 e	97.4 e	102.3 e	107.5 e	109.6 e	102.1 e	100.8 e	100.7 e	98.4 e	98.3 e	97.7 e	100 	103.5 e	106.9 e	110 e	113.4 e	103.9 e	117.1 e	125.6 e	129.8 e
A,B1GQ,I15,HR02	: 	: 	: 	: 	: 	93.9 e	96.7 e	101.4 e	102.8 e	105.3 e	107.6 e	116.3 e	118.6 e	122.8 e	113.7 e	106.9 e	106.6 e	102.1 e	101.2 e	97.6 e	100 	102.4 e	103.1 e	104.8 e	108 e	102.7 e	114.1 e	119.5 e	123 e
A,B1GQ,I15,HR03	: 	: 	: 	: 	: 	78.2 e	79.6 e	83.2 e	90.4 e	95.9 e	99 e	103.3 e	109.9 e	110.9 e	102.9 e	100 e	99 e	97.1 e	97.2 e	98.1 e	100 	103.8 e	107.8 e	109.6 e	111.2 e	95.8 e	112.2 e	124.9 e	128.3 e
A,B1GQ,I15,HR05	: 	: 	: 	: 	: 	66.6 e	70.6 e	74.7 e	80.2 e	84.4 e	89.9 e	94.2 e	99.2 e	101.1 e	94.8 e	100.1 e	100.4 e	98.9 e	97.5 e	97.5 e	100 	103.3 e	107 e	111.3 e	115.7 e	107.4 e	118.6 e	124.3 e	130.4 e
A,B1GQ,I15,HR06	: 	: 	: 	: 	: 	82.9 e	83.3 e	91.3 e	93.2 e	93.9 e	98.7 e	102 e	108 e	110.2 e	103.3 e	96.4 e	97.5 e	95.4 e	98.7 e	97.6 e	100 	104.3 e	109.2 e	114 e	119.4 e	115.3 e	127.6 e	137.4 e	140 e
A,B1GQ,I15,HU	: 	: 	: 	: 	: 	73.2 e	76.2 e	79.8 e	82.9 e	87 e	90.8 e	94.4 e	94.7 e	95.6 e	89.2 e	90.1 e	91.9 e	90.6 e	92.5 e	96.5 e	100 	102.4 e	106.7 e	112.6 e	118.4 e	113.2 e	121.3 e	126.5 e	125.3 e
A,B1GQ,I15,HU1	: 	: 	: 	: 	: 	69.2 e	72.1 e	77.9 e	80.2 e	84.4 e	89.8 e	94.6 e	96.2 e	96.4 e	93.4 e	92.5 e	94.1 e	93.2 e	92.6 e	97.6 e	100 	101.5 e	106.6 e	113.2 e	122.5 e	118.1 e	127.9 e	136.5 e	136.7 e
A,B1GQ,I15,HU11	: 	: 	: 	: 	: 	71.8 e	73.7 e	79.7 e	80.9 e	85 e	89.9 e	95.2 e	94.7 e	96.3 e	94 e	91.6 e	94.3 e	94.6 e	93.1 e	98.6 e	100 	102 e	107.4 e	113.9 e	123.7 e	118.3 e	126.9 e	134.1 e	135.5 e
A,B1GQ,I15,HU12	: 	: 	: 	: 	: 	60.5 e	67.1 e	72 e	77.9 e	82.6 e	89.4 e	92.6 e	101.8 e	97.1 e	91.2 e	95.5 e	93.4 e	88.1 e	90.7 e	94.1 e	100 	99.9 e	103.9 e	110.6 e	118.5 e	117.4 e	131.3 e	144.9 e	140.9 e
A,B1GQ,I15,HU2	: 	: 	: 	: 	: 	75.6 e	76.8 e	78.7 e	83.6 e	86.9 e	88.8 e	91.7 e	93.1 e	93.8 e	82.8 e	87.4 e	89.4 e	87.5 e	91.6 e	95 e	100 	104.2 e	106.7 e	111.1 e	114 e	106.4 e	113.8 e	118.3 e	114.5 e
A,B1GQ,I15,HU21	: 	: 	: 	: 	: 	76.1 e	78 e	78.1 e	83 e	89.1 e	93.6 e	94.4 e	98.9 e	98 e	82 e	86.6 e	90.2 e	87.1 e	90.3 e	93.4 e	100 	106 e	107.5 e	112.7 e	117.8 e	109.3 e	121.6 e	126.7 e	120.7 e
A,B1GQ,I15,HU22	: 	: 	: 	: 	: 	70.1 e	69.7 e	72.5 e	79.7 e	80.2 e	80.5 e	85.7 e	85.9 e	86.4 e	76.9 e	83.4 e	85.2 e	84.6 e	89 e	94.6 e	100 	102.8 e	104.9 e	107.6 e	109.2 e	101.2 e	105.1 e	110.4 e	108.7 e
A,B1GQ,I15,HU23	: 	: 	: 	: 	: 	85 e	87.9 e	91.3 e	92 e	95.8 e	96.3 e	98.6 e	96.8 e	100.4 e	94.8 e	95.8 e	95.9 e	93.2 e	98.5 e	98.3 e	100 	103.7 e	108.5 e	114.6 e	116.1 e	110.6 e	116.2 e	118.4 e	114.8 e
A,B1GQ,I15,HU3	: 	: 	: 	: 	: 	77.8 e	82.7 e	84.3 e	87 e	91.9 e	94.8 e	96.9 e	93.8 e	96.2 e	88.3 e	88.8 e	90.4 e	89.3 e	93.1 e	95.9 e	100 	102.3 e	106.7 e	113.2 e	115.5 e	111.7 e	117.4 e	117.5 e	116.5 e
A,B1GQ,I15,HU31	: 	: 	: 	: 	: 	80 e	85 e	87.6 e	90 e	94.8 e	100 e	101.6 e	99.7 e	97.5 e	85.7 e	86.6 e	87.4 e	86.3 e	90.8 e	93.5 e	100 	103.1 e	109.3 e	114.1 e	114.4 e	110.8 e	117.2 e	115.6 e	110.7 e
A,B1GQ,I15,HU32	: 	: 	: 	: 	: 	75.8 e	82.7 e	83.7 e	87.7 e	91.6 e	93.5 e	96.1 e	92.4 e	95.9 e	90.2 e	91.4 e	94.1 e	92.7 e	94.6 e	98.3 e	100 	101.5 e	106.1 e	112.7 e	116.6 e	112.7 e	118.3 e	119.5 e	121.4 e
A,B1GQ,I15,HU33	: 	: 	: 	: 	: 	78.2 e	80.8 e	82.4 e	84 e	89.9 e	91.9 e	94.1 e	90.5 e	95.5 e	88.4 e	87.8 e	89 e	88.1 e	93.5 e	95.6 e	100 	102.6 e	105.2 e	113.1 e	115.3 e	111.3 e	116.6 e	117.1 e	116.4 e
A,B1GQ,I15,IE	: 	: 	: 	: 	: 	53.7 e	56.5 e	59.8 e	61.6 e	65.8 e	69.6 e	73.1 e	77 e	73.5 e	69.8 e	70.9 e	72.1 e	71.8 e	73.4 e	80.2 e	100 	101.2 e	111.4 e	119.8 e	125.8 e	134.8 e	156.8 e	170.3 e	160.9 e
A,B1GQ,I15,IE0	: 	: 	: 	: 	: 	53.7 e	56.5 e	59.8 e	61.6 e	65.8 e	69.6 e	73.1 e	77 e	73.5 e	69.8 e	70.9 e	72.1 e	71.8 e	73.4 e	80.2 e	100 	101.2 e	111.4 e	119.8 e	125.8 e	134.8 e	156.8 e	170.3 e	160.9 e
A,B1GQ,I15,IE04	: 	: 	: 	: 	: 	73.9 e	77.3 e	81.3 e	83.7 e	89.5 e	95.9 e	95.4 e	103.1 e	101.2 e	87.6 e	98.3 e	93.1 e	88.1 e	90.2 e	99.2 e	100 	102.5 e	105.7 e	109.8 e	112.5 e	127.3 e	143.7 e	152.7 e	157.2 e
A,B1GQ,I15,IE05	: 	: 	: 	: 	: 	43.8 e	46 e	48.9 e	50.3 e	53 e	55.2 e	57.9 e	60.9 e	56 e	56.2 e	56 e	57.2 e	56.4 e	53.1 e	58 e	100 	95.7 e	106.4 e	110.1 e	116.6 e	128.4 e	155.8 e	171.6 e	152.9 e
A,B1GQ,I15,IE06	: 	: 	: 	: 	: 	57.1 e	60.4 e	63.8 e	65.9 e	70.8 e	75.2 e	79.9 e	83.8 e	81.1 e	76.2 e	76.8 e	79 e	79.7 e	84.5 e	92.4 e	100 	105.2 e	116 e	128.6 e	134.9 e	140.9 e	159.9 e	172.6 e	167.4 e
A,B1GQ,I15,IT	: 	: 	: 	: 	: 	100.3 e	102.3 e	102.5 e	102.7 e	104.1 e	105 e	106.9 e	108.4 e	107.4 e	101.7 e	103.5 e	104.2 e	101.1 e	99.2 e	99.2 e	100 	101.3 e	103 e	103.9 e	104.4 e	95.1 e	103 e	107.8 e	108.5 e
A,B1GQ,I15,ITC	: 	: 	: 	: 	: 	97.7 e	99.9 e	100.5 e	101.1 e	102 e	103 e	104.4 e	106 e	106.6 e	99.5 e	103.4 e	104.1 e	100.5 e	98.9 e	99.2 e	100 	101.6 e	103.9 e	105.3 e	105.3 e	96.5 e	105.4 e	109.5 e	110.2 e
A,B1GQ,I15,ITC1	: 	: 	: 	: 	: 	104 e	105.7 e	105.7 e	106.4 e	107.8 e	109 e	111 e	111.9 e	109.6 e	100.4 e	104 e	105.1 e	100 e	99.9 e	98.8 e	100 	101.3 e	104.2 e	105.2 e	104.8 e	94.7 e	102.5 e	106.1 e	106.3 e
A,B1GQ,I15,ITC2	: 	: 	: 	: 	: 	106 e	107.1 e	107.2 e	111.8 e	110.6 e	110.2 e	111.4 e	111.7 e	111.8 e	105.5 e	110 e	109.8 e	108.8 e	103.2 e	101.3 e	100 	98 e	100.4 e	101.4 e	101.1 e	91.2 e	95.9 e	100.8 e	102.4 e
A,B1GQ,I15,ITC3	: 	: 	: 	: 	: 	109.1 e	111.9 e	109 e	109.6 e	110.3 e	111.3 e	111.7 e	114.4 e	114.2 e	106.9 e	105.9 e	106.5 e	102.7 e	99.6 e	100.3 e	100 	100.5 e	101.8 e	101.2 e	101.5 e	89.8 e	96.4 e	100.1 e	101.9 e
A,B1GQ,I15,ITC4	: 	: 	: 	: 	: 	93.9 e	96.2 e	97.5 e	98 e	98.8 e	99.8 e	101.1 e	102.8 e	104.4 e	98.2 e	102.7 e	103.3 e	100.3 e	98.3 e	99.1 e	100 	101.9 e	104.1 e	105.9 e	106 e	98.1 e	107.7 e	112 e	112.7 e
A,B1GQ,I15,ITF	: 	: 	: 	: 	: 	108.9 e	110.6 e	110.2 e	109 e	109.4 e	109.6 e	111.4 e	112.5 e	110.3 e	105.1 e	104.4 e	104.2 e	101.9 e	98.9 e	98.4 e	100 	100.5 e	101.3 e	101.7 e	102.1 e	93.3 e	100.6 e	105.8 e	107.1 e
A,B1GQ,I15,ITF1	: 	: 	: 	: 	: 	103.5 e	105.4 e	104.4 e	103.2 e	100.9 e	103.4 e	105.5 e	107.3 e	107.4 e	100.9 e	103.1 e	105.9 e	104.1 e	101.6 e	100.1 e	100 	100.3 e	101 e	100.9 e	101.5 e	92.3 e	99.6 e	105.1 e	107.3 e
A,B1GQ,I15,ITF2	: 	: 	: 	: 	: 	120.7 e	123 e	122.7 e	121.2 e	122.8 e	121.8 e	124.7 e	125.8 e	120 e	115 e	113.3 e	111.7 e	107.5 e	99.6 e	98.3 e	100 	100.5 e	102.3 e	103.4 e	104.8 e	96.2 e	102.3 e	105.4 e	106.7 e
A,B1GQ,I15,ITF3	: 	: 	: 	: 	: 	109.6 e	111.8 e	112.8 e	111.7 e	111.9 e	111.8 e	113.4 e	114.9 e	112.6 e	107.4 e	105.2 e	103.9 e	101.3 e	98.4 e	98.4 e	100 	100.4 e	101.5 e	101.9 e	102.6 e	93.1 e	100.2 e	106.2 e	107.6 e
A,B1GQ,I15,ITF4	: 	: 	: 	: 	: 	108.8 e	109.8 e	108.4 e	106.9 e	107.6 e	108 e	110.3 e	110.7 e	107.4 e	102.7 e	103.5 e	103.8 e	102.6 e	99.1 e	99 e	100 	100.7 e	101.4 e	102.4 e	102.4 e	94.9 e	102.6 e	108.1 e	109.4 e
A,B1GQ,I15,ITF5	: 	: 	: 	: 	: 	105 e	104.2 e	103.8 e	100.7 e	101.6 e	100.4 e	102.8 e	104.6 e	101.4 e	95.3 e	92.5 e	94.5 e	92.1 e	93.2 e	91.9 e	100 	102.3 e	102.8 e	105.6 e	104.1 e	94.1 e	103.9 e	103.9 e	104.4 e
A,B1GQ,I15,ITF6	: 	: 	: 	: 	: 	111.2 e	113.6 e	111.8 e	111.8 e	114 e	113.3 e	114 e	114.7 e	113.5 e	108.8 e	107.9 e	106.8 e	102.8 e	99.4 e	98.3 e	100 	99.3 e	99.8 e	98.8 e	98.8 e	90.2 e	96.7 e	100.3 e	101.7 e
A,B1GQ,I15,ITG	: 	: 	: 	: 	: 	107.8 e	110.2 e	109.5 e	109.9 e	110.6 e	112 e	113.5 e	113.6 e	112.4 e	107.7 e	107.3 e	106.1 e	103.9 e	101 e	99 e	100 	99.5 e	100.1 e	99.4 e	99.7 e	91.2 e	98.5 e	105.8 e	107.9 e
A,B1GQ,I15,ITG1	: 	: 	: 	: 	: 	110 e	112.5 e	111.8 e	111.7 e	112 e	114.3 e	116.1 e	115.8 e	114.1 e	109.2 e	108.8 e	107.2 e	104.7 e	102 e	99.6 e	100 	100.2 e	100.7 e	99.7 e	99.7 e	91.5 e	98.9 e	106.7 e	109 e
A,B1GQ,I15,ITG2	: 	: 	: 	: 	: 	102.1 e	104.3 e	103.5 e	105.3 e	106.8 e	106.3 e	106.9 e	107.9 e	108.2 e	103.7 e	103.3 e	103.3 e	102 e	98.4 e	97.6 e	100 	97.8 e	98.5 e	98.7 e	99.9 e	90.5 e	97.5 e	103.6 e	105 e
A,B1GQ,I15,ITH	: 	: 	: 	: 	: 	96.8 e	98 e	97.3 e	97.8 e	99.8 e	101 e	103.5 e	105.6 e	104 e	98 e	100.1 e	102 e	99.1 e	98.5 e	99.1 e	100 	101.5 e	103.7 e	105.1 e	105.8 e	96.3 e	104.6 e	109 e	109.4 e
A,B1GQ,I15,ITH1	: 	: 	: 	: 	: 	84.7 e	84.8 e	83.2 e	83.9 e	86.6 e	86.6 e	89.7 e	91.6 e	91.8 e	90.6 e	93.3 e	95.6 e	97.7 e	97.5 e	98.2 e	100 	100.9 e	102.8 e	106.3 e	108 e	98.4 e	104.1 e	110.8 e	112.1 e
A,B1GQ,I15,ITH2	: 	: 	: 	: 	: 	96 e	97.4 e	96.5 e	96.7 e	97.4 e	98 e	99.3 e	101.4 e	100.3 e	97.6 e	100 e	100.8 e	100 e	100.4 e	100.8 e	100 	101.6 e	102.8 e	106.1 e	107.7 e	99.6 e	105.4 e	111.3 e	111.3 e
A,B1GQ,I15,ITH3	: 	: 	: 	: 	: 	98.5 e	99.2 e	98.1 e	100.1 e	102.7 e	103.9 e	105.6 e	107.3 e	105.1 e	99.3 e	101.1 e	102.7 e	99.4 e	98.5 e	98.9 e	100 	101.8 e	104 e	104.8 e	105.7 e	95.3 e	103.6 e	108.5 e	109.5 e
A,B1GQ,I15,ITH4	: 	: 	: 	: 	: 	103.5 e	105.9 e	105 e	102 e	102.8 e	105.7 e	108.4 e	110.3 e	107.3 e	99.7 e	102.8 e	103 e	98.3 e	98.4 e	98.1 e	100 	99.8 e	101.6 e	103.2 e	104.2 e	95.4 e	103.7 e	105.5 e	104.9 e
A,B1GQ,I15,ITH5	: 	: 	: 	: 	: 	95.4 e	96.8 e	96.8 e	96.9 e	98.4 e	99.5 e	102.8 e	105.3 e	104.3 e	97.3 e	99.5 e	102.1 e	99.2 e	98.5 e	99.5 e	100 	101.7 e	104.1 e	105.6 e	105.6 e	96.8 e	105.8 e	109.7 e	109.7 e
A,B1GQ,I15,ITI	: 	: 	: 	: 	: 	99.3 e	101.9 e	103.4 e	103.3 e	106 e	106.5 e	108.6 e	110.5 e	108.5 e	104.6 e	105.3 e	106.1 e	102.5 e	100.2 e	100.1 e	100 	101.7 e	102.9 e	103.6 e	104.9 e	94.1 e	100.5 e	106.1 e	106.3 e
A,B1GQ,I15,ITI1	: 	: 	: 	: 	: 	99.1 e	100.6 e	100.9 e	101.3 e	102.6 e	102.6 e	104.8 e	106.6 e	105.1 e	101.2 e	102.1 e	103.1 e	101.2 e	99.2 e	100.1 e	100 	100.8 e	102.2 e	103.5 e	106.2 e	92.2 e	100.1 e	106.5 e	106.3 e
A,B1GQ,I15,ITI2	: 	: 	: 	: 	: 	111.2 e	113.1 e	112.4 e	112.9 e	114.3 e	114.3 e	116.4 e	117.4 e	115.7 e	106.9 e	108.7 e	108 e	103.3 e	100.2 e	97.3 e	100 	99.2 e	100.8 e	102.8 e	102.4 e	92.3 e	99.5 e	103.3 e	103.2 e
A,B1GQ,I15,ITI3	: 	: 	: 	: 	: 	101.4 e	103.3 e	105.5 e	105 e	106.9 e	107.9 e	111.7 e	113.5 e	110 e	105.1 e	105.5 e	105.6 e	101.6 e	99.2 e	100.5 e	100 	100.6 e	102.4 e	102.9 e	103.5 e	94 e	101.3 e	105.5 e	105.8 e
A,B1GQ,I15,ITI4	: 	: 	: 	: 	: 	97.6 e	101.1 e	103.4 e	103 e	106.9 e	107.6 e	109.2 e	111.4 e	109.4 e	106.3 e	106.7 e	107.7 e	103.2 e	101 e	100.3 e	100 	102.8 e	103.7 e	104 e	104.8 e	95.4 e	100.7 e	106.2 e	106.8 e
A,B1GQ,I15,ITZ	: 	: 	: 	: 	: 	112.3 e	84 e	62.1 e	73.7 e	95.1 e	90.8 e	97.9 e	102.9 e	109.3 e	99.6 e	95.4 e	108.1 e	100.5 e	110.5 e	108.6 e	100 	135.1 e	153.9 e	155.4 e	131.3 e	135.1 e	226.9 e	81.3 e	77.5 e
A,B1GQ,I15,ITZZ	: 	: 	: 	: 	: 	112.3 e	84 e	62.1 e	73.7 e	95.1 e	90.8 e	97.9 e	102.9 e	109.3 e	99.6 e	95.4 e	108.1 e	100.5 e	110.5 e	108.6 e	100 	135.1 e	153.9 e	155.4 e	131.3 e	135.1 e	226.9 e	81.3 e	77.5 e
A,B1GQ,I15,LT	: 	: 	: 	: 	: 	53.8 e	57.3 e	61.1 e	67.6 e	72 e	77.5 e	83.3 e	92.5 e	94.9 e	80.8 e	81.2 e	86.3 e	90.1 e	93.7 e	97.2 e	100 	102.7 e	107.4 e	112.7 e	118 e	118 e	125.5 e	128.7 e	129.2 e
A,B1GQ,I15,LT0	: 	: 	: 	: 	: 	53.8 e	57.3 e	61.1 e	67.6 e	72 e	77.5 e	83.3 e	92.5 e	94.9 e	80.8 e	81.2 e	86.3 e	90.1 e	93.7 e	97.2 e	100 	102.7 e	107.4 e	112.7 e	118 e	118 e	125.5 e	128.7 e	129.2 e
A,B1GQ,I15,LT01	: 	: 	: 	: 	: 	44.9 e	48.6 e	54.4 e	60.3 e	64.5 e	70.7 e	79.1 e	90.2 e	90.8 e	77.3 e	77.6 e	81.2 e	86.1 e	91.6 e	96.3 e	100 	103.4 e	108.2 e	116.3 e	124.2 e	124.4 e	134.2 e	139.5 e	145.6 e
A,B1GQ,I15,LT02	: 	: 	: 	: 	: 	59.8 e	63.1 e	65.7 e	72.5 e	77 e	82.1 e	86.1 e	94 e	97.6 e	83.2 e	83.6 e	89.7 e	92.8 e	95.1 e	97.9 e	100 	102.2 e	106.9 e	110.2 e	113.8 e	113.7 e	119.7 e	121.5 e	118.1 e
A,B1GQ,I15,LU	: 	: 	: 	: 	: 	67.2 e	69.3 e	71.5 e	73.4 e	76.5 e	78.4 e	83.1 e	89.8 e	89.6 e	86.7 e	89.9 e	90.9 e	92.4 e	95.3 e	97.8 e	100 	105 e	106.4 e	107.7 e	110.8 e	109.8 e	117.7 e	119.3 e	118 e
A,B1GQ,I15,LU0	: 	: 	: 	: 	: 	67.2 e	69.3 e	71.5 e	73.4 e	76.5 e	78.4 e	83.1 e	89.8 e	89.6 e	86.7 e	89.9 e	90.9 e	92.4 e	95.3 e	97.8 e	100 	105 e	106.4 e	107.7 e	110.8 e	109.8 e	117.7 e	119.3 e	118 e
A,B1GQ,I15,LU00	: 	: 	: 	: 	: 	67.2 e	69.3 e	71.5 e	73.4 e	76.5 e	78.4 e	83.1 e	89.8 e	89.6 e	86.7 e	89.9 e	90.9 e	92.4 e	95.3 e	97.8 e	100 	105 e	106.4 e	107.7 e	110.8 e	109.8 e	117.7 e	119.3 e	118 e
A,B1GQ,I15,LV	: 	: 	: 	: 	: 	56.9 e	60.6 e	65.3 e	70.8 e	76.9 e	85.9 e	96.9 e	107 e	103.4 e	86.8 e	83.6 e	86.1 e	92.4 e	94.4 e	96.4 e	100 	102.6 e	106 e	110.6 e	111.4 e	107.5 e	115 e	117 e	119 e
A,B1GQ,I15,LV0	: 	: 	: 	: 	: 	55.9 e	59.6 e	64.2 e	69.7 e	75.8 e	84.6 e	95.6 e	105.6 e	102.2 e	86 e	83 e	85.6 e	92 e	94.1 e	96.2 e	100 	102.7 e	106.4 e	111.1 e	112 e	108.3 e	116 e	118.2 e	120.4 e
A,B1GQ,I15,LV00	: 	: 	: 	: 	: 	55.9 e	59.6 e	64.2 e	69.7 e	75.8 e	84.6 e	95.6 e	105.6 e	102.2 e	86 e	83 e	85.6 e	92 e	94.1 e	96.2 e	100 	102.7 e	106.4 e	111.1 e	112 e	108.3 e	116 e	118.2 e	120.4 e
A,B1GQ,I15,ME	: 	: 	: 	: 	: 	: 	: 	: 	: 	: 	: 	82.5 e	88.1 e	94.4 e	89 e	91.4 e	94.3 e	91.8 e	95 e	96.7 e	100 	102.9 e	107.8 e	113.3 e	117.9 e	99.8 e	112.9 e	120.1 e	127.7 e
A,B1GQ,I15,ME0	: 	: 	: 	: 	: 	: 	: 	: 	: 	: 	: 	82.5 e	88.1 e	94.4 e	89 e	91.4 e	94.3 e	91.8 e	95 e	96.7 e	100 	102.9 e	107.8 e	113.3 e	117.9 e	99.8 e	112.9 e	120.1 e	127.7 e
A,B1GQ,I15,ME00	: 	: 	: 	: 	: 	: 	: 	: 	: 	: 	: 	82.5 e	88.1 e	94.4 e	89 e	91.4 e	94.3 e	91.8 e	95 e	96.7 e	100 	102.9 e	107.8 e	113.3 e	117.9 e	99.8 e	112.9 e	120.1 e	127.7 e
A,B1GQ,I15,MK	: 	: 	: 	: 	: 	66.1 e	64.1 e	65 e	66.5 e	69.6 e	72.9 e	76.6 e	81.6 e	86 e	85.7 e	88.6 e	90.7 e	90.3 e	92.9 e	96.3 e	100 	102.8 e	104 e	107 e	111.1 e	105.9 e	110.7 e	113.8 e	116.1 e
A,B1GQ,I15,MK0	: 	: 	: 	: 	: 	66.1 e	64.1 e	65 e	66.5 e	69.6 e	72.9 e	76.6 e	81.6 e	86 e	85.7 e	88.6 e	90.7 e	90.3 e	92.9 e	96.3 e	100 	102.8 e	104 e	107 e	111.1 e	105.9 e	110.7 e	113.8 e	116.1 e
A,B1GQ,I15,MK00	: 	: 	: 	: 	: 	66.1 e	64.1 e	65 e	66.5 e	69.6 e	72.9 e	76.6 e	81.6 e	86 e	85.7 e	88.6 e	90.7 e	90.3 e	92.9 e	96.3 e	100 	102.8 e	104 e	107 e	111.1 e	105.9 e	110.7 e	113.8 e	116.1 e
A,B1GQ,I15,MT	: 	: 	: 	: 	: 	59.1 e	58.6 e	60.2 e	62.5 e	62.7 e	64.5 e	66 e	69.4 e	72.4 e	71.4 e	75.8 e	76.6 e	79.7 e	84.8 e	91.2 e	100 	104.1 e	117.6 e	126 e	131.2 e	126.8 e	143.6 e	149.7 e	159.8 e
A,B1GQ,I15,MT0	: 	: 	: 	: 	: 	59.1 e	58.7 e	60.3 e	62.5 e	62.7 e	64.5 e	66 e	69.4 e	72.4 e	71.4 e	75.8 e	76.6 e	79.7 e	84.7 e	91.2 e	100 	104.1 e	117.6 e	126.1 e	131.2 e	126.9 e	143.6 e	149.8 e	159.7 e
A,B1GQ,I15,MT00	: 	: 	: 	: 	: 	59.1 e	58.7 e	60.3 e	62.5 e	62.7 e	64.5 e	66 e	69.4 e	72.4 e	71.4 e	75.8 e	76.6 e	79.7 e	84.7 e	91.2 e	100 	104.1 e	117.6 e	126.1 e	131.2 e	126.9 e	143.6 e	149.8 e	159.7 e
A,B1GQ,I15,MTZ	: 	: 	: 	: 	: 	43.6 e	49.2 e	48.4 e	46.5 e	60.5 e	70.5 e	71.7 e	81.4 e	86.6 e	88.8 e	100.4 e	104.7 e	107 e	106.2 e	101.9 e	100 	99.1 e	102.4 e	108.8 e	114.7 e	80.5 e	128 e	127.8 e	184 e
A,B1GQ,I15,MTZZ	: 	: 	: 	: 	: 	43.6 e	49.2 e	48.4 e	46.5 e	60.5 e	70.5 e	71.7 e	81.4 e	86.6 e	88.8 e	100.4 e	104.7 e	107 e	106.2 e	101.9 e	100 	99.1 e	102.4 e	108.8 e	114.7 e	80.5 e	128 e	127.8 e	184 e
A,B1GQ,I15,NL	: 	: 	: 	: 	: 	82.9 e	84.8 e	85 e	85.1 e	86.8 e	88.6 e	91.7 e	95.1 e	97.2 e	93.6 e	95.7 e	97.4 e	96.4 e	96.4 e	97.9 e	100 	102.4 e	105.3 e	107.7 e	110.1 e	105.9 e	112.5 e	118.1 e	118.2 e
A,B1GQ,I15,NL1	: 	: 	: 	: 	: 	89.2 e	91.7 e	92.2 e	92.4 e	93.7 e	94.3 e	95.8 e	98.3 e	100.6 e	96.6 e	105.7 e	105.5 e	103.8 e	105.1 e	101.9 e	100 	101.3 e	102.5 e	102.2 e	103.2 e	98.7 e	103.6 e	106.5 e	101.8 e
A,B1GQ,I15,NL11	: 	: 	: 	: 	: 	93.9 e	95.9 e	96.8 e	96.3 e	98.1 e	97.3 e	97.5 e	98.4 e	101.4 e	96.8 e	113.9 e	110.9 e	109.3 e	114.5 e	106 e	100 	101.7 e	102.3 e	99 e	98.4 e	91 e	95.3 e	97.3 e	86.5 e
A,B1GQ,I15,NL12	: 	: 	: 	: 	: 	83.7 e	86.5 e	85.9 e	87.3 e	88.3 e	90.4 e	92.6 e	96.5 e	98 e	95.4 e	100.6 e	102.9 e	99.6 e	96.7 e	97.8 e	100 	101.5 e	103.1 e	104.5 e	107.4 e	105.5 e	111.3 e	115.7 e	116.2 e
A,B1GQ,I15,NL13	: 	: 	: 	: 	: 	88.5 e	91.2 e	92.4 e	92.3 e	93 e	94.1 e	96.8 e	100.7 e	102.6 e	98 e	97.6 e	99 e	99.1 e	98.5 e	99.7 e	100 	100.3 e	102 e	104.5 e	105.8 e	102.5 e	107.3 e	109.8 e	110.5 e
A,B1GQ,I15,NL2	: 	: 	: 	: 	: 	80.2 e	82.7 e	82.4 e	83.3 e	84.4 e	86.1 e	90.2 e	93.5 e	95.7 e	93.8 e	96.4 e	99.1 e	97.1 e	96 e	97.5 e	100 	102.4 e	104.7 e	107.4 e	110.2 e	107 e	113.7 e	119.5 e	119.7 e
A,B1GQ,I15,NL21	: 	: 	: 	: 	: 	80.2 e	82.6 e	82.1 e	82.8 e	84.1 e	86 e	88.6 e	92.2 e	95.8 e	94.5 e	96.8 e	99.4 e	97.1 e	96.2 e	97 e	100 	103.1 e	106 e	108.8 e	110.8 e	107.4 e	114.9 e	120.5 e	119.8 e
A,B1GQ,I15,NL22	: 	: 	: 	: 	: 	81.8 e	84.1 e	83.7 e	84.1 e	84.9 e	86.2 e	90.5 e	93.4 e	95.4 e	93.6 e	96.2 e	98.8 e	97.1 e	95.9 e	97.6 e	100 	102 e	103.9 e	106.5 e	109.5 e	106.3 e	112.7 e	118.2 e	118.5 e
A,B1GQ,I15,NL23	: 	: 	: 	: 	: 	70.9 e	75.2 e	76.1 e	80.5 e	83.3 e	86.3 e	93.3 e	98.3 e	97.9 e	93 e	96.5 e	100.5 e	96.7 e	96.1 e	98.7 e	100 	102 e	104.6 e	108 e	112.4 e	109.7 e	115.9 e	123 e	126.1 e
A,B1GQ,I15,NL3	: 	: 	: 	: 	: 	82.7 e	84.3 e	85 e	85 e	86.7 e	88.7 e	91.8 e	95.7 e	97.7 e	93.8 e	93.4 e	94.9 e	94.2 e	94.6 e	97.3 e	100 	102.4 e	105.5 e	108.2 e	111 e	106.2 e	112.8 e	119.6 e	120.8 e
A,B1GQ,I15,NL32	: 	: 	: 	: 	: 	78.5 e	78.8 e	81.5 e	81.2 e	83.4 e	84.9 e	88 e	91.1 e	93.2 e	88.9 e	88.3 e	90.7 e	91.1 e	92.3 e	96.7 e	100 	103.4 e	107.3 e	111.3 e	115.3 e	106.4 e	114.7 e	124.4 e	126.3 e
A,B1GQ,I15,NL34	: 	: 	: 	: 	: 	77.9 e	79.4 e	82.5 e	84.5 e	85.8 e	86.5 e	87.6 e	94.7 e	99.3 e	91.8 e	98.3 e	99.7 e	97.8 e	96.9 e	98.6 e	100 	101 e	103.5 e	106.4 e	106.9 e	105.8 e	109.1 e	114.6 e	114.5 e
A,B1GQ,I15,NL35	: 	: 	: 	: 	: 	: 	: 	: 	: 	: 	: 	: 	: 	: 	: 	95 e	95.4 e	94.8 e	96.2 e	97.8 e	100 	102.5 e	107.4 e	110.4 e	112.5 e	112.1 e	119.4 e	124.3 e	126 e
A,B1GQ,I15,NL36	: 	: 	: 	: 	: 	: 	: 	: 	: 	: 	: 	: 	: 	: 	: 	97.3 e	98.4 e	96.9 e	96.1 e	97.5 e	100 	101.5 e	103.1 e	104.4 e	106.4 e	103.5 e	108.4 e	113.2 e	113.7 e
A,B1GQ,I15,NL4	: 	: 	: 	: 	: 	82.1 e	84 e	83.2 e	83.1 e	85.3 e	87.1 e	90.1 e	93 e	94.8 e	91.2 e	95.6 e	98.1 e	97.7 e	97 e	98.1 e	100 	103.1 e	106.6 e	109.1 e	111.4 e	107.8 e	115.2 e	119.3 e	119.5 e
A,B1GQ,I15,NL41	: 	: 	: 	: 	: 	80.1 e	82 e	80.9 e	81 e	83 e	85.3 e	88.4 e	90.9 e	93 e	90 e	94.3 e	97 e	97.1 e	96.3 e	97.6 e	100 	102.8 e	106.8 e	109.7 e	112.5 e	109.4 e	117.3 e	122.2 e	122.9 e
A,B1GQ,I15,NL42	: 	: 	: 	: 	: 	87.4 e	89.2 e	89.3 e	88.8 e	91.4 e	91.7 e	94.5 e	98.7 e	99.3 e	94.5 e	98.9 e	101.2 e	99.2 e	98.7 e	99.5 e	100 	104.1 e	106 e	107.8 e	108.5 e	103.7 e	109.8 e	111.6 e	110.4 e
A,B1GQ,I15,NLZ	: 	: 	: 	: 	: 	114.8 e	118.2 e	119.4 e	118.6 e	128 e	112.7 e	111 e	107.8 e	117.1 e	107.5 e	132.7 e	120.3 e	115.7 e	109.7 e	103 e	100 	96.4 e	91.2 e	80.2 e	73.4 e	61.7 e	65 e	60.8 e	49.2 e
A,B1GQ,I15,NLZZ	: 	: 	: 	: 	: 	114.8 e	118.2 e	119.4 e	118.6 e	128 e	112.7 e	111 e	107.8 e	117.1 e	107.5 e	132.7 e	120.3 e	115.7 e	109.7 e	103 e	100 	96.4 e	91.2 e	80.2 e	73.4 e	61.7 e	65 e	60.8 e	49.2 e
A,B1GQ,I15,NO	: 	: 	: 	: 	: 	: 	: 	: 	: 	: 	: 	: 	: 	92.8 e	91 e	91.7 e	92.7 e	95.2 e	96.2 e	98.2 e	100 	101.2 e	103.7 e	104.5 e	105.7 e	104.3 e	108.4 e	111.7 e	: 
A,B1GQ,I15,PL	: 	: 	: 	: 	: 	59 e	59.7 e	60.9 e	63 e	66.2 e	68.4 e	72.6 e	77.5 e	80.9 e	83 e	85.7 e	90.2 e	91.5 e	92.1 e	95.8 e	100 	103 e	108.3 e	115.1 e	120.4 e	117.9 e	126.1 e	132.7 e	132.9 e
A,B1GQ,I15,PL2	: 	: 	: 	: 	: 	58.7 e	59 e	60.7 e	62.8 e	65.5 e	66.5 e	71.8 e	76.9 e	81.7 e	83.2 e	85.6 e	90.6 e	91.5 e	91.5 e	95.1 e	100 	103.3 e	108.7 e	115.7 e	120 e	116.5 e	126.7 e	132.3 e	131.9 e
A,B1GQ,I15,PL21	: 	: 	: 	: 	: 	58 e	57.6 e	59.4 e	62.3 e	66.6 e	69.2 e	72.3 e	75.5 e	80 e	82.4 e	84 e	89.3 e	90.5 e	90.8 e	94.6 e	100 	103.2 e	109.7 e	117.3 e	122.4 e	120.4 e	129.8 e	134.1 e	135.5 e
A,B1GQ,I15,PL22	: 	: 	: 	: 	: 	59.1 e	59.8 e	61.4 e	63.1 e	64.8 e	65.1 e	71.6 e	77.9 e	82.7 e	83.7 e	86.5 e	91.4 e	92.1 e	91.9 e	95.5 e	100 	103.4 e	108 e	114.7 e	118.4 e	114 e	124.6 e	131.2 e	129.6 e
A,B1GQ,I15,PL4	: 	: 	: 	: 	: 	61 e	61.4 e	61.6 e	63.8 e	68.9 e	71.3 e	74.7 e	78 e	80.5 e	82.7 e	84.6 e	88.9 e	90.7 e	91.3 e	95.5 e	100 	103.1 e	108.5 e	114.4 e	119.4 e	117.6 e	125.5 e	131.8 e	130.5 e
A,B1GQ,I15,PL41	: 	: 	: 	: 	: 	57.3 e	58.1 e	58.2 e	61.4 e	67.4 e	69.4 e	72.4 e	76 e	78.4 e	81.1 e	82.6 e	87.4 e	89.6 e	90.7 e	94.8 e	100 	103.6 e	109.3 e	115.2 e	121.1 e	119.5 e	127.3 e	134.2 e	132.6 e
A,B1GQ,I15,PL42	: 	: 	: 	: 	: 	70.7 e	69.9 e	70.1 e	70.4 e	73 e	75.2 e	79.5 e	81.5 e	83.2 e	85.5 e	88.2 e	91.4 e	92.3 e	92.2 e	96.3 e	100 	102.2 e	107.5 e	113.8 e	117.3 e	115.1 e	123 e	127.5 e	127 e
A,B1GQ,I15,PL43	: 	: 	: 	: 	: 	61.2 e	61.4 e	62.2 e	63.5 e	68.8 e	73 e	76.9 e	81.1 e	85.4 e	85 e	87.4 e	90.9 e	92.9 e	92.8 e	97.3 e	100 	102.5 e	106.7 e	111.6 e	115.3 e	113.6 e	121.8 e	128 e	126.9 e
A,B1GQ,I15,PL5	: 	: 	: 	: 	: 	63.1 e	62.9 e	64.8 e	66 e	68.2 e	70.7 e	72.8 e	79.2 e	82.1 e	83.2 e	86.5 e	91.7 e	93 e	92.5 e	96.5 e	100 	101.9 e	106.8 e	112.6 e	117.5 e	114.6 e	124 e	129.4 e	127.9 e
A,B1GQ,I15,PL51	: 	: 	: 	: 	: 	60.3 e	60.3 e	62.4 e	63.7 e	65.5 e	69 e	70.7 e	77.1 e	80.7 e	82.4 e	86.2 e	91.5 e	93 e	92.4 e	96.3 e	100 	102.2 e	107.1 e	113 e	118 e	115.4 e	125 e	131.1 e	129.5 e
A,B1GQ,I15,PL52	: 	: 	: 	: 	: 	74.5 e	73 e	74.4 e	74.9 e	78.9 e	77.6 e	81 e	87.2 e	87.4 e	86.3 e	88 e	92.7 e	93.2 e	93 e	97.5 e	100 	100.9 e	105.7 e	111.2 e	115.3 e	111.5 e	120 e	122.9 e	121.4 e
A,B1GQ,I15,PL6	: 	: 	: 	: 	: 	60.3 e	61.1 e	62.8 e	65 e	69.1 e	71 e	74.9 e	79.6 e	82.3 e	84.3 e	86.6 e	90.8 e	92.1 e	92.3 e	95.7 e	100 	103.1 e	107.7 e	114.1 e	118.5 e	116 e	124.8 e	131.2 e	131.6 e
A,B1GQ,I15,PL61	: 	: 	: 	: 	: 	63.1 e	64.3 e	65.6 e	67.6 e	71.9 e	73.5 e	78.6 e	83.8 e	87.2 e	86.3 e	88.6 e	92.3 e	92.6 e	93.4 e	96.3 e	100 	102.1 e	106.6 e	113.2 e	116 e	115.2 e	123.6 e	130 e	126.5 e
A,B1GQ,I15,PL62	: 	: 	: 	: 	: 	66.9 e	66.1 e	67.4 e	71.5 e	73.9 e	75 e	78.1 e	80.9 e	84.7 e	86.8 e	89.4 e	93.2 e	93.2 e	93.1 e	97.6 e	100 	101.9 e	106.1 e	110.2 e	113.8 e	112.9 e	121 e	125.8 e	125.7 e
A,B1GQ,I15,PL63	: 	: 	: 	: 	: 	55.2 e	56.4 e	58.7 e	60.2 e	64.9 e	67.2 e	70.7 e	75.8 e	77.6 e	81.6 e	83.9 e	88.7 e	91.1 e	91.2 e	94.4 e	100 	104.3 e	109.3 e	116.7 e	122.6 e	118 e	127.5 e	134.7 e	138.1 e
A,B1GQ,I15,PL7	: 	: 	: 	: 	: 	60 e	60.8 e	62.8 e	66 e	69.1 e	70.4 e	75.2 e	79.7 e	84.3 e	85 e	88.4 e	92.1 e	93.5 e	92.9 e	96.8 e	100 	101.5 e	106.1 e	111.8 e	116.6 e	116.1 e	123.1 e	127.4 e	125.8 e
A,B1GQ,I15,PL71	: 	: 	: 	: 	: 	57.7 e	58.6 e	60.6 e	63.7 e	66.8 e	68.7 e	73.1 e	77.3 e	81.8 e	83.1 e	86.9 e	90.8 e	92.8 e	92.5 e	96.6 e	100 	101.6 e	106.4 e	111.8 e	117.5 e	117.1 e	123.6 e	128.4 e	126.1 e
A,B1GQ,I15,PL72	: 	: 	: 	: 	: 	66 e	66.3 e	68.4 e	71.7 e	75 e	74.6 e	80.4 e	85.8 e	90.8 e	90 e	92.3 e	95.6 e	95.5 e	93.8 e	97.4 e	100 	101.2 e	105.2 e	111.9 e	114.4 e	113.5 e	121.6 e	124.7 e	124.8 e
A,B1GQ,I15,PL8	: 	: 	: 	: 	: 	61.9 e	63.9 e	65.1 e	67.6 e	69.9 e	72.1 e	75.5 e	79.5 e	83.5 e	84.8 e	87.4 e	92.3 e	93.1 e	94.5 e	97.5 e	100 	102.6 e	107.5 e	113.3 e	118.2 e	115.6 e	123.7 e	130.2 e	131.2 e
A,B1GQ,I15,PL81	: 	: 	: 	: 	: 	64.5 e	66.1 e	66.7 e	69.5 e	71.3 e	72.4 e	75.9 e	80.3 e	84.5 e	85.2 e	88 e	93 e	94.5 e	95.5 e	98.4 e	100 	102.9 e	107.2 e	111.1 e	115.7 e	114.1 e	121.6 e	128.6 e	128.3 e
A,B1GQ,I15,PL82	: 	: 	: 	: 	: 	57.4 e	59.2 e	60.7 e	63.2 e	66.6 e	70.1 e	74 e	77.4 e	82.2 e	83.2 e	85.9 e	91.3 e	91.6 e	93.2 e	96.2 e	100 	102.9 e	107.8 e	115.7 e	120.5 e	114.8 e	124.6 e	130.4 e	131 e
A,B1GQ,I15,PL84	: 	: 	: 	: 	: 	65.8 e	68.9 e	70.3 e	72.4 e	73.5 e	75.3 e	77.6 e	82 e	83.9 e	86.8 e	88.9 e	92.8 e	93 e	94.7 e	98.2 e	100 	101.5 e	107.2 e	113.2 e	118.6 e	119.8 e	125.6 e	132.5 e	136.2 e
A,B1GQ,I15,PL9	: 	: 	: 	: 	: 	53.7 e	54.8 e	55.1 e	57 e	59.8 e	63.1 e	68.2 e	73.9 e	76.6 e	80.8 e	83.7 e	87.9 e	89.6 e	91.7 e	95 e	100 	104 e	110.3 e	118.9 e	126.4 e	124 e	130.1 e	139.6 e	142.4 e
A,B1GQ,I15,PL91	: 	: 	: 	: 	: 	53.8 e	54.7 e	54.8 e	56.7 e	58.9 e	62.8 e	68 e	74.3 e	76.6 e	80.7 e	83.3 e	86.9 e	89 e	91.9 e	94.8 e	100 	104.1 e	111.2 e	121.5 e	129.2 e	125.7 e	132.1 e	142.2 e	144.7 e
A,B1GQ,I15,PL92	: 	: 	: 	: 	: 	53.5 e	55.3 e	55.8 e	58.2 e	62.5 e	64.1 e	68.8 e	72.9 e	76.7 e	80.9 e	84.8 e	90.8 e	91.7 e	91 e	95.5 e	100 	103.6 e	107.2 e	110.8 e	117.7 e	118.6 e	123.9 e	131.5 e	135.1 e
A,B1GQ,I15,PT	: 	: 	: 	: 	: 	97 	98.9 	99.6 	98.7 	100.5 	101.3 	102.9 	105.5 	105.8 	102.5 	104.3 	102.5 	98.4 	97.5 	98.2 	100 	102 	105.6 	108.6 	111.5 	102.3 	108.1 	115.7 	118.6 p
A,B1GQ,I15,PT1	: 	: 	: 	: 	: 	97.3 	99.2 	99.8 	98.9 	100.6 	101.3 	102.9 	105.6 	105.8 	102.5 	104.3 	102.4 	98.4 	97.5 	98.3 	100 	102 	105.6 	108.7 	111.6 	102.6 	108.3 	115.7 	118.5 p
A,B1GQ,I15,PT11	: 	: 	: 	: 	: 	94.2 	97.1 	96.4 	94.1 	94.8 	96.1 	97.7 	101.1 	101.7 	97.9 	100.2 	98.9 	95.8 	95.8 	97.8 	100 	102.8 	106.4 	110.3 	113.3 	106 	111.9 	117.7 	120.4 p
A,B1GQ,I15,PT15	: 	: 	: 	: 	: 	94.6 	99.1 	100.5 	101 	101.5 	104 	107 	109.9 	110.1 	103 	102.9 	99.6 	96.6 	94.9 	97.3 	100 	105 	110.6 	113.4 	117.1 	95.6 	102.7 	124 	128.1 p
A,B1GQ,I15,PT2	: 	: 	: 	: 	: 	85.6 	90.2 	93.3 	93 	94.4 	96.3 	98.3 	100.6 	103.3 	101 	102.6 	100.8 	97.1 	96.3 	96.8 	100 	103 	104.8 	106.9 	109.6 	99.6 	107 	113.7 	117.6 p
A,B1GQ,I15,PT20	: 	: 	: 	: 	: 	85.6 	90.2 	93.3 	93 	94.4 	96.3 	98.3 	100.6 	103.3 	101 	102.6 	100.8 	97.1 	96.3 	96.8 	100 	103 	104.8 	106.9 	109.6 	99.6 	107 	113.7 	117.6 p
A,B1GQ,I15,PT3	: 	: 	: 	: 	: 	89.1 	88.9 	96.3 	96.8 	102.3 	105 	107.5 	108.8 	110 	105.9 	107.2 	107.1 	98.9 	97.7 	98.7 	100 	102.1 	107.3 	108.8 	110.7 	93.7 	102.3 	119.1 	124.5 p
A,B1GQ,I15,PT30	: 	: 	: 	: 	: 	89.1 	88.9 	96.3 	96.8 	102.3 	105 	107.5 	108.8 	110 	105.9 	107.2 	107.1 	98.9 	97.7 	98.7 	100 	102.1 	107.3 	108.8 	110.7 	93.7 	102.3 	119.1 	124.5 p
A,B1GQ,I15,PTZ	: 	: 	: 	: 	: 	269 	216.1 	167.3 	126.6 	103.6 	78.8 	64.3 	47.8 	40.3 	123.1 	122.4 	111.2 	86.1 	91.8 	83.6 	100 	91.7 	94.9 	89.6 	92.9 	85.8 	83.6 	91.3 	93.5 p
A,B1GQ,I15,PTZZ	: 	: 	: 	: 	: 	269 	216.1 	167.3 	126.6 	103.6 	78.8 	64.3 	47.8 	40.3 	123.1 	122.4 	111.2 	86.1 	91.8 	83.6 	100 	91.7 	94.9 	89.6 	92.9 	85.8 	83.6 	91.3 	93.5 p
A,B1GQ,I15,RO	: 	: 	: 	: 	: 	57.6 e	60.7 e	64.1 e	65.6 e	72.5 e	75.8 e	81.9 e	87.9 e	96 e	90.7 e	87.2 e	91.1 e	92.8 e	93.1 e	96.9 e	100 	102.9 e	111.3 e	118.1 e	122.7 e	118.2 e	124.8 e	129.7 e	132.8 e
A,B1GQ,I15,RO1	: 	: 	: 	: 	: 	63 e	66.4 e	72 e	72.8 e	78.5 e	80.3 e	87.5 e	95.6 e	97.6 e	92.4 e	88.9 e	89.7 e	93.3 e	92.9 e	98 e	100 	104.1 e	114.7 e	122.1 e	126.4 e	121.8 e	129.4 e	134.6 e	137.7 e
A,B1GQ,I15,RO11	: 	: 	: 	: 	: 	56.6 e	61.3 e	67 e	68.2 e	75.3 e	78 e	84.9 e	92.8 e	95.2 e	90.4 e	86.2 e	86.2 e	90 e	90.5 e	97.6 e	100 	105.5 e	119.6 e	126.1 e	133.2 e	129.5 e	138.5 e	147 e	150.5 e
A,B1GQ,I15,RO12	: 	: 	: 	: 	: 	70.1 e	72 e	77.4 e	77.8 e	82.1 e	82.8 e	90.2 e	98.7 e	100.2 e	94.5 e	91.8 e	93.5 e	96.7 e	95.4 e	98.4 e	100 	102.6 e	109.8 e	117.9 e	119.5 e	114.2 e	120.2 e	122.4 e	125 e
A,B1GQ,I15,RO2	: 	: 	: 	: 	: 	83.3 e	87.7 e	92.7 e	92.5 e	101.1 e	101.2 e	106.8 e	109.6 e	113.6 e	107.8 e	99.3 e	99.1 e	96.8 e	98.5 e	100.5 e	100 	99.1 e	104.4 e	107.8 e	108.4 e	101.4 e	104 e	101.2 e	103.9 e
A,B1GQ,I15,RO21	: 	: 	: 	: 	: 	106.9 e	114.5 e	121.6 e	120.4 e	126.4 e	127.8 e	133 e	138.2 e	141.5 e	129.9 e	118 e	110.7 e	107.9 e	104.2 e	103.6 e	100 	97.3 e	102.1 e	104.1 e	104.4 e	97.7 e	98.9 e	99.3 e	102.2 e
A,B1GQ,I15,RO22	: 	: 	: 	: 	: 	66 e	68.4 e	71.9 e	72.2 e	82.3 e	81.4 e	87.1 e	88.3 e	92.7 e	90.8 e	84.9 e	89.8 e	88 e	93.7 e	97.9 e	100 	100.8 e	106.6 e	111.4 e	112.4 e	105 e	109.3 e	102.9 e	105.2 e
A,B1GQ,I15,RO3	: 	: 	: 	: 	: 	41.2 e	43 e	46 e	47.5 e	54 e	60.1 e	65.1 e	71.6 e	84.9 e	79.8 e	78.8 e	87 e	88.4 e	89.9 e	94.9 e	100 	104.2 e	113.6 e	121.5 e	129.1 e	128.1 e	138 e	149.2 e	153 e
A,B1GQ,I15,RO31	: 	: 	: 	: 	: 	92.8 e	98 e	99.4 e	99 e	110.6 e	111 e	116.3 e	116.2 e	122.2 e	117.6 e	101.8 e	104.2 e	93.6 e	93.6 e	101.4 e	100 	98.5 e	98.5 e	101.6 e	98.9 e	92.1 e	92.2 e	89.4 e	91.2 e
A,B1GQ,I15,RO32	: 	: 	: 	: 	: 	27.5 e	28.4 e	31.3 e	33.1 e	38 e	44.9 e	49.4 e	57 e	71.5 e	66.5 e	70 e	80 e	86.1 e	88.1 e	91.9 e	100 	106.8 e	120.7 e	131.2 e	144.4 e	147 e	162.9 e	183.4 e	188.5 e
A,B1GQ,I15,RO4	: 	: 	: 	: 	: 	66.3 e	70.9 e	71 e	74.8 e	81.8 e	82.7 e	90.7 e	94.8 e	101.4 e	96.2 e	91.2 e	93.4 e	98.1 e	94.7 e	96.2 e	100 	102.6 e	109.9 e	118 e	122 e	113.4 e	117.2 e	119.6 e	122 e
A,B1GQ,I15,RO41	: 	: 	: 	: 	: 	109.9 e	119 e	112.8 e	121.2 e	130.9 e	127.5 e	136.5 e	138.1 e	140.6 e	132.4 e	117.7 e	114.7 e	111.8 e	104.8 e	101.2 e	100 	98 e	104.4 e	109.8 e	109.8 e	100.2 e	98.3 e	95.2 e	96.9 e
A,B1GQ,I15,RO42	: 	: 	: 	: 	: 	44.7 e	47.3 e	49.8 e	51.5 e	57 e	59.5 e	66.5 e	71.4 e	79.4 e	75.8 e	75.4 e	80.1 e	88.7 e	87.7 e	92.6 e	100 	106.2 e	114.1 e	124.5 e	132.2 e	124.7 e	134.3 e	142.9 e	145.9 e
A,B1GQ,I15,ROZ	: 	: 	: 	: 	: 	108.1 e	93.7 e	79.2 e	80.3 e	78.4 e	73.2 e	66.2 e	88.6 e	93.3 e	89.8 e	129.5 e	107.9 e	92.9 e	84.9 e	80.2 e	100 	90 e	87.1 e	81.2 e	76 e	71.7 e	61.4 e	77.3 e	78.1 e
A,B1GQ,I15,ROZZ	: 	: 	: 	: 	: 	108.1 e	93.7 e	79.2 e	80.3 e	78.4 e	73.2 e	66.2 e	88.6 e	93.3 e	89.8 e	129.5 e	107.9 e	92.9 e	84.9 e	80.2 e	100 	90 e	87.1 e	81.2 e	76 e	71.7 e	61.4 e	77.3 e	78.1 e
A,B1GQ,I15,RS	: 	: 	: 	: 	: 	64.5 e	68.8 e	73.3 e	76.7 e	81.8 e	86.6 e	90 e	97.1 e	102.1 e	98.9 e	100.5 e	100.5 e	100.1 e	100.5 e	98.7 e	100 	103 e	105.4 e	110.3 e	115.5 e	114.5 e	123.5 e	126.8 e	131.7 e
A,B1GQ,I15,RS1	: 	: 	: 	: 	: 	59.3 e	65.1 e	70.1 e	72.9 e	80.8 e	85.6 e	89.4 e	99.2 e	105.2 e	99.6 e	101.6 e	101.3 e	102.5 e	102.6 e	98.8 e	100 	103.9 e	106.4 e	111.8 e	117.8 e	116.5 e	122.8 e	125.6 e	133.8 e
A,B1GQ,I15,RS11	: 	: 	: 	: 	: 	47.7 e	53.8 e	63.3 e	68.9 e	79.4 e	83.7 e	89.5 e	100.4 e	108.7 e	103.7 e	105.8 e	102.7 e	104.1 e	103.2 e	97.2 e	100 	104.2 e	107.2 e	114.5 e	121.7 e	119.9 e	124.9 e	126.7 e	139.7 e
A,B1GQ,I15,RS12	: 	: 	: 	: 	: 	75.6 e	81 e	80.2 e	79.1 e	83.1 e	88.7 e	89.2 e	97.3 e	99.9 e	93.2 e	95.2 e	99.3 e	100.2 e	101.7 e	101.3 e	100 	103.4 e	105.1 e	107.6 e	111.6 e	111 e	119.6 e	123.9 e	124.6 e
A,B1GQ,I15,RS2	: 	: 	: 	: 	: 	74.2 e	76.2 e	79.7 e	84.1 e	83.8 e	88.7 e	91.4 e	93 e	96 e	97.5 e	98.3 e	98.9 e	95.3 e	96.5 e	98.6 e	100 	101.1 e	103.4 e	107.2 e	111 e	110.4 e	125.2 e	129.5 e	127.7 e
A,B1GQ,I15,RS21	: 	: 	: 	: 	: 	67.2 e	69.5 e	72.7 e	77.3 e	77.6 e	83.3 e	84.5 e	90.9 e	93.1 e	95 e	94.8 e	95.2 e	92.4 e	93.6 e	98.1 e	100 	100.6 e	101.7 e	102.8 e	106.7 e	105.2 e	114.9 e	119 e	115.6 e
A,B1GQ,I15,RS22	: 	: 	: 	: 	: 	84 e	85.5 e	89.6 e	93.5 e	92.5 e	96.3 e	101.1 e	96 e	100 e	101.1 e	103.1 e	104.1 e	99.3 e	100.4 e	99.2 e	100 	101.7 e	105.7 e	113.4 e	116.9 e	117.7 e	139.7 e	144.2 e	144.5 e
A,B1GQ,I15,RSZ	: 	: 	: 	: 	: 	54.3 e	56.6 e	62.6 e	64.7 e	71 e	70.9 e	69 e	72.9 e	74.2 e	77 e	80.3 e	77.3 e	89.8 e	83.8 e	84 e	100 	97.3 e	96.7 e	77.7 e	70.5 e	63.8 e	64.1 e	62.1 e	57.3 e
A,B1GQ,I15,RSZZ	: 	: 	: 	: 	: 	54.3 e	56.6 e	62.6 e	64.7 e	71 e	70.9 e	69 e	72.9 e	74.2 e	77 e	80.3 e	77.3 e	89.8 e	83.8 e	84 e	100 	97.3 e	96.7 e	77.7 e	70.5 e	63.8 e	64.1 e	62.1 e	57.3 e
A,B1GQ,I15,SE	: 	: 	: 	: 	: 	73.5 e	74.5 e	76.2 e	77.6 e	80.9 e	83.1 e	87 e	89.8 e	89 e	85.2 e	90.1 e	93 e	92.6 e	93.6 e	95.8 e	100 	102.3 e	104.2 e	106.2 e	108.9 e	106.7 e	113.1 e	114.7 e	114.4 e
A,B1GQ,I15,SE1	: 	: 	: 	: 	: 	68.1 e	69 e	70.8 e	71.8 e	75.1 e	77.6 e	81.3 e	84.9 e	84.4 e	83.4 e	87.2 e	90.9 e	91.2 e	92.5 e	95.2 e	100 	102.7 e	104.1 e	107.4 e	110.5 e	108.8 e	115.1 e	117.1 e	117.4 e
A,B1GQ,I15,SE11	: 	: 	: 	: 	: 	64 e	64.7 e	66.3 e	67.3 e	70.7 e	73.5 e	77.2 e	81.4 e	81.2 e	82.1 e	84.8 e	88.9 e	89.1 e	90.9 e	94.6 e	100 	102.4 e	103.1 e	107.3 e	111.6 e	109.6 e	115.6 e	116.9 e	117.1 e
A,B1GQ,I15,SE12	: 	: 	: 	: 	: 	77.6 e	79.1 e	81.3 e	82.4 e	85.4 e	87.2 e	91 e	93 e	91.6 e	86.2 e	92.6 e	95.4 e	95.8 e	96 e	96.7 e	100 	103.2 e	106.1 e	107.4 e	108.1 e	107 e	114.2 e	117.6 e	118 e
A,B1GQ,I15,SE2	: 	: 	: 	: 	: 	74.7 e	75.9 e	77.5 e	79.6 e	82.4 e	84.3 e	89.1 e	92.8 e	91.4 e	85.3 e	90.4 e	93.2 e	91.9 e	93.2 e	95.4 e	100 	102.2 e	104.6 e	105.7 e	108.1 e	105.2 e	112.2 e	113.3 e	114.3 e
A,B1GQ,I15,SE21	: 	: 	: 	: 	: 	85.4 e	85.6 e	87.2 e	88.6 e	92.6 e	90.5 e	95.7 e	97.6 e	97.7 e	87.1 e	93 e	96.4 e	94.5 e	94.9 e	96.5 e	100 	103.3 e	107 e	106.4 e	107.2 e	104.7 e	113.2 e	113.3 e	112.1 e
A,B1GQ,I15,SE22	: 	: 	: 	: 	: 	76.3 e	76.5 e	78.8 e	79.6 e	82.8 e	85.5 e	89.3 e	96.4 e	90.8 e	86.6 e	91.6 e	92.8 e	92.2 e	93.5 e	96.5 e	100 	100.4 e	103.3 e	105.4 e	108.9 e	108.5 e	113.5 e	113.9 e	117 e
A,B1GQ,I15,SE23	: 	: 	: 	: 	: 	69.8 e	72 e	73.2 e	76.3 e	78.5 e	81.2 e	86.5 e	88.8 e	89.5 e	83.8 e	88.6 e	92.3 e	90.6 e	92.4 e	94.4 e	100 	102.9 e	104.5 e	105.7 e	108 e	103.4 e	110.9 e	112.8 e	113.4 e
A,B1GQ,I15,SE3	: 	: 	: 	: 	: 	87.4 e	88.2 e	89.6 e	90.8 e	95 e	97.4 e	99.4 e	97 e	96.9 e	90.7 e	98.5 e	98.8 e	98.9 e	98.4 e	98.3 e	100 	101.7 e	103.8 e	103.9 e	106 e	104.5 e	109.1 e	111.2 e	106.1 e
A,B1GQ,I15,SE31	: 	: 	: 	: 	: 	87.5 e	85.6 e	88.5 e	90.8 e	94.4 e	96.4 e	98.7 e	96.7 e	95.8 e	88.9 e	96.4 e	97.3 e	98.2 e	98 e	98.3 e	100 	102.7 e	104 e	104.5 e	106.5 e	104 e	106.9 e	109.1 e	100.6 e
A,B1GQ,I15,SE32	: 	: 	: 	: 	: 	86.1 e	91.7 e	90 e	89.2 e	93.2 e	97.4 e	97.7 e	95.5 e	96.4 e	94.2 e	101.3 e	99.3 e	99.1 e	98.1 e	98.8 e	100 	100.4 e	102.3 e	102 e	104.1 e	101.6 e	106.8 e	111.6 e	111.3 e
A,B1GQ,I15,SE33	: 	: 	: 	: 	: 	88.1 e	89.4 e	90.6 e	91.7 e	96.9 e	98.5 e	101.4 e	98.5 e	98.7 e	90.7 e	99.7 e	100.5 e	99.8 e	99.1 e	98.1 e	100 	101.2 e	104.4 e	104.3 e	106.7 e	107 e	113.7 e	114 e	110.1 e
A,B1GQ,I15,SEZ	: 	: 	: 	: 	: 	102.9 e	101.4 e	97.2 e	110.5 e	108.4 e	108.4 e	104.9 e	104.1 e	101.5 e	114.6 e	123.5 e	125.3 e	104.6 e	105.8 e	103 e	100 	97.6 e	97.7 e	96.3 e	96.9 e	90.9 e	88.9 e	98.8 e	96.7 e
A,B1GQ,I15,SEZZ	: 	: 	: 	: 	: 	102.9 e	101.4 e	97.2 e	110.5 e	108.4 e	108.4 e	104.9 e	104.1 e	101.5 e	114.6 e	123.5 e	125.3 e	104.6 e	105.8 e	103 e	100 	97.6 e	97.7 e	96.3 e	96.9 e	90.9 e	88.9 e	98.8 e	96.7 e
A,B1GQ,I15,SI	: 	: 	: 	: 	: 	75.2 e	77.3 e	79.9 e	82.4 e	86.2 e	89.5 e	94.8 e	101.5 e	104.9 e	97 e	98.1 e	98.7 e	95.8 e	95 e	97.7 e	100 	103 e	108.4 e	113.1 e	117.1 e	112.3 e	121.7 e	125 e	127.6 e
A,B1GQ,I15,SI0	: 	: 	: 	: 	: 	75.2 e	77.3 e	79.9 e	82.4 e	86.2 e	89.5 e	94.8 e	101.5 e	104.9 e	97 e	98.1 e	98.7 e	95.8 e	95 e	97.7 e	100 	103 e	108.4 e	113.1 e	117.1 e	112.3 e	121.7 e	125 e	127.6 e
A,B1GQ,I15,SI03	: 	: 	: 	: 	: 	80.5 e	81.7 e	84.7 e	85.2 e	89.4 e	92.6 e	97.5 e	104.1 e	107.7 e	97.8 e	99.2 e	100.3 e	96.9 e	95.5 e	97.8 e	100 	102.3 e	107.4 e	111.5 e	115.9 e	110.9 e	119 e	122.3 e	123.2 e
A,B1GQ,I15,SI04	: 	: 	: 	: 	: 	71.2 e	74 e	76.1 e	80.3 e	83.7 e	87.1 e	92.7 e	99.5 e	102.8 e	96.3 e	97.2 e	97.5 e	95 e	94.7 e	97.6 e	100 	103.6 e	109.1 e	114.4 e	118 e	113.4 e	123.8 e	127.1 e	131.1 e
A,B1GQ,I15,SK	: 	: 	: 	: 	: 	54.4 e	56 e	58.4 e	61.3 e	64.6 e	68.8 e	74.9 e	83 e	87.4 e	82.6 e	88.2 e	90.5 e	91.9 e	92.6 e	95.1 e	100 	101.9 e	104.9 e	109.1 e	111.6 e	108.7 e	115 e	115.5 e	117.1 e
A,B1GQ,I15,SK0	: 	: 	: 	: 	: 	54.4 e	56 e	58.4 e	61.3 e	64.6 e	68.8 e	74.9 e	83 e	87.4 e	82.6 e	88.2 e	90.5 e	91.9 e	92.6 e	95.1 e	100 	101.9 e	104.9 e	109.1 e	111.6 e	108.7 e	115 e	115.5 e	117.1 e
A,B1GQ,I15,SK01	: 	: 	: 	: 	: 	51.3 e	51.8 e	54.8 e	56.4 e	58.9 e	67.4 e	71.2 e	80.3 e	83.5 e	84 e	88.9 e	90.3 e	90.3 e	93.7 e	94 e	100 	103.1 e	105.6 e	108.8 e	109.9 e	107.3 e	113.6 e	113.9 e	113.2 e
A,B1GQ,I15,SK02	: 	: 	: 	: 	: 	56.8 e	57.7 e	60 e	64.1 e	68.5 e	71.2 e	81.8 e	89.8 e	92.3 e	83.9 e	89.7 e	94.2 e	95.5 e	94.3 e	97.9 e	100 	102.6 e	104 e	107.7 e	112.8 e	109.5 e	114.3 e	113.6 e	116.9 e
A,B1GQ,I15,SK03	: 	: 	: 	: 	: 	54.8 e	57.3 e	60.2 e	63.2 e	65.9 e	67.3 e	72.7 e	81.3 e	88.1 e	82.8 e	89.8 e	88.9 e	91 e	91.3 e	94.1 e	100 	100.9 e	103.5 e	108.3 e	112.1 e	107.1 e	116.4 e	118.3 e	117.6 e
A,B1GQ,I15,SK04	: 	: 	: 	: 	: 	54.7 e	57.8 e	59.3 e	61.9 e	65.2 e	68.4 e	71.8 e	78.2 e	85 e	78.8 e	83.8 e	86.9 e	89.8 e	89.8 e	93.5 e	100 	100.5 e	106.5 e	112.4 e	111.9 e	111.1 e	116.4 e	117.7 e	122.2 e
A,B1GQ,I15,TR	: 	: 	: 	: 	: 	: 	: 	: 	: 	: 	: 	: 	: 	65.3 e	65.5 e	71.1 e	79 e	82.8 e	89.8 e	94.3 e	100 	103.3 e	111.1 e	114.4 e	115.4 e	117.5 e	130.9 e	138.2 e	145.3 e
A,B1GQ,I15,TR1	: 	: 	: 	: 	: 	: 	: 	: 	: 	: 	: 	: 	: 	61.7 e	61.6 e	66.8 e	75.4 e	80.3 e	88 e	93.4 e	100 	102.6 e	111.3 e	114.2 e	115.4 e	115.4 e	130.3 e	140.8 e	148.1 e
A,B1GQ,I15,TR10	: 	: 	: 	: 	: 	: 	: 	: 	: 	: 	: 	: 	: 	61.7 e	61.6 e	66.8 e	75.4 e	80.3 e	88 e	93.4 e	100 	102.6 e	111.3 e	114.2 e	115.4 e	115.4 e	130.3 e	140.8 e	148.1 e
A,B1GQ,I15,TR2	: 	: 	: 	: 	: 	: 	: 	: 	: 	: 	: 	: 	: 	70 e	70.2 e	75.7 e	82 e	85.4 e	89.1 e	95.3 e	100 	106.1 e	113.6 e	117.9 e	119.4 e	125.2 e	141.3 e	142.5 e	145.6 e
A,B1GQ,I15,TR21	: 	: 	: 	: 	: 	: 	: 	: 	: 	: 	: 	: 	: 	67.6 e	67 e	71.9 e	78.7 e	82.6 e	87.6 e	94.1 e	100 	105.7 e	114.4 e	118.4 e	120.2 e	125.9 e	147.1 e	147.6 e	149.6 e
A,B1GQ,I15,TR22	: 	: 	: 	: 	: 	: 	: 	: 	: 	: 	: 	: 	: 	73.1 e	74.4 e	80.6 e	86.2 e	89 e	91 e	96.9 e	100 	106.5 e	112.5 e	117.1 e	118.4 e	124.3 e	133.7 e	135.8 e	140.4 e
A,B1GQ,I15,TR3	: 	: 	: 	: 	: 	: 	: 	: 	: 	: 	: 	: 	: 	68.8 e	68.5 e	74.8 e	82.7 e	85.7 e	91.1 e	95.8 e	100 	105.6 e	113.8 e	118.7 e	117.8 e	118.7 e	133.1 e	138.7 e	140.8 e
A,B1GQ,I15,TR31	: 	: 	: 	: 	: 	: 	: 	: 	: 	: 	: 	: 	: 	68.2 e	67.7 e	74.2 e	82.8 e	86.2 e	91.8 e	95.4 e	100 	105.6 e	114.2 e	118.4 e	116.6 e	118.3 e	135 e	141.2 e	142.9 e
A,B1GQ,I15,TR32	: 	: 	: 	: 	: 	: 	: 	: 	: 	: 	: 	: 	: 	68.2 e	69 e	74.7 e	82.4 e	84.5 e	89.7 e	96.3 e	100 	104.4 e	112 e	118.8 e	120.5 e	117.1 e	132.9 e	142.9 e	146 e
A,B1GQ,I15,TR33	: 	: 	: 	: 	: 	: 	: 	: 	: 	: 	: 	: 	: 	70.4 e	69.4 e	76.2 e	82.8 e	85.9 e	91.3 e	95.9 e	100 	106.7 e	114.8 e	119.3 e	117.4 e	121.3 e	129.8 e	130 e	131.7 e
A,B1GQ,I15,TR4	: 	: 	: 	: 	: 	: 	: 	: 	: 	: 	: 	: 	: 	66.8 e	64.7 e	69.9 e	79.5 e	82.1 e	89 e	93.1 e	100 	102.7 e	112 e	115.1 e	112.3 e	114.4 e	130.5 e	134.5 e	143.8 e
A,B1GQ,I15,TR41	: 	: 	: 	: 	: 	: 	: 	: 	: 	: 	: 	: 	: 	68.2 e	66.7 e	72.4 e	81.9 e	84.7 e	91.5 e	94.5 e	100 	103 e	111.6 e	115.2 e	113.3 e	112.3 e	126.8 e	131.2 e	137.3 e
A,B1GQ,I15,TR42	: 	: 	: 	: 	: 	: 	: 	: 	: 	: 	: 	: 	: 	65.5 e	62.9 e	67.6 e	77.4 e	79.8 e	86.7 e	91.8 e	100 	102.4 e	112.4 e	115.1 e	111.5 e	116.4 e	133.9 e	137.5 e	149.6 e
A,B1GQ,I15,TR5	: 	: 	: 	: 	: 	: 	: 	: 	: 	: 	: 	: 	: 	66 e	67.4 e	71.9 e	80 e	83 e	92.7 e	95.3 e	100 	105.9 e	110.9 e	113.7 e	118 e	124 e	135.4 e	143.9 e	155.7 e
A,B1GQ,I15,TR51	: 	: 	: 	: 	: 	: 	: 	: 	: 	: 	: 	: 	: 	67.3 e	68.4 e	73.4 e	81.1 e	83.3 e	93.2 e	95.2 e	100 	106.5 e	110.7 e	112.7 e	118.3 e	124.3 e	136.8 e	145.3 e	159.2 e
A,B1GQ,I15,TR52	: 	: 	: 	: 	: 	: 	: 	: 	: 	: 	: 	: 	: 	61.1 e	63.5 e	66 e	75.7 e	81.9 e	90.7 e	95.8 e	100 	103.9 e	111.7 e	117.4 e	117 e	122.9 e	130 e	138.4 e	142.9 e
A,B1GQ,I15,TR6	: 	: 	: 	: 	: 	: 	: 	: 	: 	: 	: 	: 	: 	66.6 e	67.9 e	73.4 e	80.4 e	83.4 e	90 e	94.8 e	100 	100.9 e	108.3 e	114 e	115.6 e	110.8 e	128.1 e	139 e	145.6 e
A,B1GQ,I15,TR61	: 	: 	: 	: 	: 	: 	: 	: 	: 	: 	: 	: 	: 	63.5 e	65.8 e	72.9 e	80.9 e	83.7 e	90 e	96.3 e	100 	94.2 e	104.3 e	116.8 e	120.5 e	96.7 e	118.8 e	140.2 e	148.4 e
A,B1GQ,I15,TR62	: 	: 	: 	: 	: 	: 	: 	: 	: 	: 	: 	: 	: 	68.3 e	69.1 e	73.6 e	80.3 e	84.5 e	90.2 e	94.3 e	100 	105.5 e	111.4 e	113.1 e	115.8 e	124.1 e	138.3 e	148.1 e	155.5 e
A,B1GQ,I15,TR63	: 	: 	: 	: 	: 	: 	: 	: 	: 	: 	: 	: 	: 	69.1 e	69.6 e	73.9 e	79.8 e	81.1 e	89.4 e	93.2 e	100 	105 e	110.2 e	111.3 e	108.3 e	113.6 e	128.3 e	126 e	129.3 e
A,B1GQ,I15,TR7	: 	: 	: 	: 	: 	: 	: 	: 	: 	: 	: 	: 	: 	68.2 e	69.5 e	75.5 e	82.5 e	84.5 e	90.8 e	95.2 e	100 	102.9 e	108.8 e	112.1 e	111.7 e	117.1 e	125.9 e	132.8 e	139.2 e
A,B1GQ,I15,TR71	: 	: 	: 	: 	: 	: 	: 	: 	: 	: 	: 	: 	: 	64.6 e	67.5 e	73.6 e	80.6 e	81.9 e	88.1 e	93.2 e	100 	101.4 e	109.8 e	114.8 e	113 e	118.1 e	126.7 e	138 e	144.6 e
A,B1GQ,I15,TR72	: 	: 	: 	: 	: 	: 	: 	: 	: 	: 	: 	: 	: 	70.4 e	70.7 e	76.7 e	83.6 e	86 e	92.5 e	96.5 e	100 	103.8 e	108.2 e	110.6 e	110.9 e	116.6 e	125.4 e	129.8 e	136 e
A,B1GQ,I15,TR8	: 	: 	: 	: 	: 	: 	: 	: 	: 	: 	: 	: 	: 	72.2 e	72.2 e	78.1 e	84.6 e	85.8 e	90.8 e	95.4 e	100 	102.8 e	107.8 e	107.2 e	106.1 e	111.9 e	117.6 e	120.6 e	129.5 e
A,B1GQ,I15,TR81	: 	: 	: 	: 	: 	: 	: 	: 	: 	: 	: 	: 	: 	70.8 e	69.2 e	76.2 e	85.7 e	83.4 e	91.2 e	99.2 e	100 	100.7 e	107.2 e	104.8 e	95.7 e	101.5 e	110 e	109.2 e	109.1 e
A,B1GQ,I15,TR82	: 	: 	: 	: 	: 	: 	: 	: 	: 	: 	: 	: 	: 	72.7 e	73.7 e	80 e	85.5 e	87.4 e	92.8 e	96.9 e	100 	104.6 e	108.3 e	111 e	114 e	122.6 e	129.3 e	132.5 e	143.8 e
A,B1GQ,I15,TR83	: 	: 	: 	: 	: 	: 	: 	: 	: 	: 	: 	: 	: 	72.6 e	73 e	78.3 e	83.9 e	86.4 e	90 e	93.3 e	100 	103 e	107.9 e	107.1 e	108.6 e	113.6 e	117.6 e	122.5 e	135.7 e
A,B1GQ,I15,TR9	: 	: 	: 	: 	: 	: 	: 	: 	: 	: 	: 	: 	: 	67.4 e	67 e	72 e	77.7 e	82.1 e	86.2 e	90 e	100 	97.8 e	103.8 e	104.4 e	109.5 e	112 e	113.1 e	110.2 e	114.9 e
A,B1GQ,I15,TR90	: 	: 	: 	: 	: 	: 	: 	: 	: 	: 	: 	: 	: 	67.4 e	67 e	72 e	77.7 e	82.1 e	86.2 e	90 e	100 	97.8 e	103.8 e	104.4 e	109.5 e	112 e	113.1 e	110.2 e	114.9 e
A,B1GQ,I15,TRA	: 	: 	: 	: 	: 	: 	: 	: 	: 	: 	: 	: 	: 	66.8 e	69.8 e	79 e	84.2 e	90.4 e	95.8 e	95.2 e	100 	106.1 e	113.5 e	114.6 e	113.9 e	121.2 e	125 e	124.1 e	131.1 e
A,B1GQ,I15,TRA1	: 	: 	: 	: 	: 	: 	: 	: 	: 	: 	: 	: 	: 	68.8 e	71.7 e	79.4 e	83.3 e	89.8 e	96.8 e	97.7 e	100 	106.1 e	114.3 e	115.6 e	114.9 e	120.7 e	125.9 e	122.5 e	128.5 e
A,B1GQ,I15,TRA2	: 	: 	: 	: 	: 	: 	: 	: 	: 	: 	: 	: 	: 	63.9 e	67.2 e	78.5 e	85.3 e	91.2 e	94.3 e	91.6 e	100 	106.1 e	112.4 e	113.2 e	112.4 e	121.8 e	123.8 e	126.4 e	134.7 e
A,B1GQ,I15,TRB	: 	: 	: 	: 	: 	: 	: 	: 	: 	: 	: 	: 	: 	66.4 e	69 e	74.9 e	83.2 e	90.9 e	94.4 e	96.4 e	100 	104.7 e	113.5 e	117.9 e	120.2 e	128.2 e	134.3 e	134.1 e	145.3 e
A,B1GQ,I15,TRB1	: 	: 	: 	: 	: 	: 	: 	: 	: 	: 	: 	: 	: 	67.1 e	69.3 e	74.4 e	83.4 e	86.2 e	93.7 e	95.2 e	100 	103.7 e	112.4 e	115 e	116.9 e	125.4 e	133.3 e	129.9 e	141.2 e
A,B1GQ,I15,TRB2	: 	: 	: 	: 	: 	: 	: 	: 	: 	: 	: 	: 	: 	65.5 e	68.7 e	75.5 e	82.9 e	96.8 e	95.2 e	98 e	100 	106 e	114.8 e	121.5 e	124.5 e	131.6 e	135.6 e	139.6 e	150.7 e
A,B1GQ,I15,TRC	: 	: 	: 	: 	: 	: 	: 	: 	: 	: 	: 	: 	: 	58.3 e	59.9 e	66.9 e	74.2 e	79.9 e	89.6 e	93.1 e	100 	102 e	110.9 e	113.7 e	117.3 e	128.1 e	139.8 e	147.8 e	153.9 e
A,B1GQ,I15,TRC1	: 	: 	: 	: 	: 	: 	: 	: 	: 	: 	: 	: 	: 	54.1 e	53.8 e	59.7 e	67.1 e	75.1 e	85.1 e	90.9 e	100 	101.7 e	108.6 e	111.8 e	114.8 e	129.9 e	144.1 e	151.6 e	152.8 e
A,B1GQ,I15,TRC2	: 	: 	: 	: 	: 	: 	: 	: 	: 	: 	: 	: 	: 	62.2 e	64.5 e	71.8 e	79 e	82.9 e	92.8 e	93 e	100 	102 e	109.4 e	108.9 e	112 e	119 e	126.7 e	137.2 e	146.9 e
A,B1GQ,I15,TRC3	: 	: 	: 	: 	: 	: 	: 	: 	: 	: 	: 	: 	: 	59.8 e	63.3 e	71.7 e	79.2 e	83.4 e	92.4 e	97 e	100 	102.6 e	117.1 e	124.2 e	129.4 e	138.1 e	151.3 e	156.7 e	166.6 e
A,B1GQ,PCH_PRE,AL	: 	: 	: 	: 	: 	: 	: 	: 	: 	: 	: 	: 	: 	: 	3.4 e	3.7 e	2.5 e	1.4 e	1 e	1.8 e	2.2 e	3.3 e	3.8 e	4 e	2.1 e	-3.3 e	8.9 e	4.9 e	: 
A,B1GQ,PCH_PRE,AL0	: 	: 	: 	: 	: 	: 	: 	: 	: 	: 	: 	: 	: 	: 	3.4 e	3.7 e	2.5 e	1.4 e	1 e	1.8 e	2.2 e	3.3 e	3.8 e	4 e	2.1 e	-3.3 e	8.9 e	: 	: 
A,B1GQ,PCH_PRE,AL01	: 	: 	: 	: 	: 	: 	: 	: 	: 	: 	: 	: 	: 	: 	4.1 e	6.7 e	-0.9 e	2.1 e	-0.5 e	-1.1 e	4.3 e	3.8 e	2.4 e	2.5 e	2.1 e	-5.4 e	8.7 e	: 	: 
A,B1GQ,PCH_PRE,AL02	: 	: 	: 	: 	: 	: 	: 	: 	: 	: 	: 	: 	: 	: 	4.2 e	2.1 e	-0.9 e	1 e	1.6 e	2.6 e	4.9 e	3.3 e	7.1 e	4.9 e	2.2 e	-2.6 e	10.6 e	: 	: 
A,B1GQ,PCH_PRE,AL03	: 	: 	: 	: 	: 	: 	: 	: 	: 	: 	: 	: 	: 	: 	1.3 e	3.8 e	11.2 e	1.6 e	1.4 e	2.7 e	-3.1 e	3 e	-0.4 e	3.7 e	1.8 e	-2.9 e	6 e	: 	: 
A,B1GQ,PCH_PRE,AT	: 	: 	: 	: 	: 	: 	1.3 e	1.5 e	1.1 e	2.6 e	2.3 e	3.3 e	3.8 e	1.5 e	-3.6 e	1.8 e	2.9 e	0.6 e	-0.3 e	0.8 e	1.3 e	2.1 e	2.3 e	2.5 e	1.8 e	-6.3 e	4.8 e	5.3 e	-1 e
A,B1GQ,PCH_PRE,AT1	: 	: 	: 	: 	: 	: 	0.5 e	2.1 e	0.3 e	2.8 e	2 e	3.2 e	3.6 e	1.8 e	-1.5 e	1.3 e	2.3 e	-0.1 e	-0.3 e	0.1 e	0.8 e	2.6 e	1.3 e	2.6 e	1.6 e	-6.5 e	5.1 e	3.5 e	0.9 e
A,B1GQ,PCH_PRE,AT11	: 	: 	: 	: 	: 	: 	1 e	2.2 e	-1 e	4.1 e	-0.2 e	2 e	3.5 e	-1 e	-0.1 e	2.6 e	2.8 e	1.4 e	1.1 e	1.9 e	3.1 e	1.1 e	2.8 e	1.2 e	0.8 e	-5.9 e	5.4 e	3.8 e	-1.2 e
A,B1GQ,PCH_PRE,AT12	: 	: 	: 	: 	: 	: 	-1.2 e	0.1 e	1 e	5.5 e	2 e	3.1 e	4.5 e	3.8 e	-2.2 e	0.1 e	3.2 e	0.1 e	-0.3 e	1.4 e	1.1 e	2.5 e	3.1 e	2.2 e	3 e	-7.7 e	4.5 e	3.2 e	-1.3 e
A,B1GQ,PCH_PRE,AT13	: 	: 	: 	: 	: 	: 	1.5 e	3.2 e	-0.1 e	1 e	2.2 e	3.4 e	3 e	0.8 e	-1.2 e	1.9 e	1.7 e	-0.3 e	-0.4 e	-0.9 e	0.4 e	2.7 e	0 e	2.9 e	0.8 e	-5.8 e	5.5 e	3.7 e	2.5 e
A,B1GQ,PCH_PRE,AT2	: 	: 	: 	: 	: 	: 	1.3 e	0.4 e	2 e	3.1 e	0.8 e	3.2 e	4.5 e	1.2 e	-6.1 e	1.6 e	3.3 e	0.9 e	-1.8 e	1.8 e	0.3 e	1.8 e	3.7 e	1.8 e	1.9 e	-6.5 e	5.3 e	5.1 e	-1.2 e
A,B1GQ,PCH_PRE,AT21	: 	: 	: 	: 	: 	: 	0.9 e	1.3 e	1 e	2.7 e	0.3 e	3.1 e	4.6 e	1.4 e	-6.2 e	2 e	2.7 e	-0.4 e	-1.3 e	2.3 e	-0.2 e	0.2 e	3.4 e	3.2 e	1.3 e	-5 e	5 e	5.5 e	-1.2 e
A,B1GQ,PCH_PRE,AT22	: 	: 	: 	: 	: 	: 	1.5 e	0 e	2.4 e	3.3 e	1 e	3.3 e	4.4 e	1.1 e	-6.1 e	1.5 e	3.6 e	1.5 e	-2 e	1.5 e	0.6 e	2.4 e	3.8 e	1.2 e	2.2 e	-7.1 e	5.4 e	4.9 e	-1.1 e
A,B1GQ,PCH_PRE,AT3	: 	: 	: 	: 	: 	: 	2.3 e	1.3 e	1.8 e	2.1 e	3.5 e	3.3 e	3.7 e	1.2 e	-4.8 e	2.5 e	3.5 e	1.3 e	0.6 e	1 e	2.3 e	1.8 e	2.7 e	2.7 e	1.9 e	-6 e	4.2 e	7.4 e	-2.8 e
A,B1GQ,PCH_PRE,AT31	: 	: 	: 	: 	: 	: 	3.2 e	1 e	2.2 e	1.8 e	3.7 e	3.2 e	4 e	2.8 e	-6.9 e	1.9 e	4.3 e	0.8 e	1.1 e	1.2 e	1.8 e	1.6 e	2.8 e	3.2 e	1.7 e	-5.1 e	6.7 e	4.1 e	-1.7 e
A,B1GQ,PCH_PRE,AT32	: 	: 	: 	: 	: 	: 	1.1 e	1.5 e	1.9 e	3.6 e	2.1 e	3.7 e	4.6 e	-0.5 e	-3.7 e	4.7 e	2.9 e	2 e	-2.1 e	0.1 e	2.4 e	2.7 e	2.5 e	2.2 e	2.1 e	-5.4 e	3.7 e	11.2 e	0 e
A,B1GQ,PCH_PRE,AT33	: 	: 	: 	: 	: 	: 	2.4 e	1.5 e	1.5 e	0.7 e	4.7 e	3 e	2.2 e	-0.5 e	-2 e	1.9 e	2.4 e	2.3 e	0.7 e	0.1 e	3.2 e	1.8 e	2.6 e	2.9 e	1.9 e	-8.6 e	-0.9 e	11.6 e	-0.8 e
A,B1GQ,PCH_PRE,AT34	: 	: 	: 	: 	: 	: 	1.1 e	1.7 e	0.6 e	3.1 e	2.6 e	3.8 e	3.8 e	1.3 e	-3.4 e	2.3 e	3.8 e	0.1 e	2.7 e	3.2 e	2.5 e	1.2 e	3.1 e	1.6 e	2.3 e	-5.5 e	5.3 e	6.5 e	-14.1 e
A,B1GQ,PCH_PRE,ATZ	: 	: 	: 	: 	: 	: 	-1.2 e	0.1 e	-3.2 e	-0.2 e	2.8 e	-3.1 e	-3 e	8.6 e	2.2 e	1.6 e	-2.8 e	-0.7 e	-5.1 e	-1.7 e	2.8 e	0 e	-0.9 e	1.4 e	-1.6 e	-2.5 e	2 e	1.5 e	0.2 e
A,B1GQ,PCH_PRE,ATZZ	: 	: 	: 	: 	: 	: 	-1.2 e	0.1 e	-3.2 e	-0.2 e	2.8 e	-3.1 e	-3 e	8.6 e	2.2 e	1.6 e	-2.8 e	-0.7 e	-5.1 e	-1.7 e	2.8 e	0 e	-0.9 e	1.4 e	-1.6 e	-2.5 e	2 e	1.5 e	0.2 e
A,B1GQ,PCH_PRE,BE	: 	: 	: 	: 	: 	: 	1.1 e	1.7 e	1 e	3.6 e	2.3 e	2.6 e	3.7 e	0.4 e	-2 e	2.9 e	1.7 e	0.7 e	0.5 e	1.6 e	2 e	1.3 e	1.6 e	1.8 e	2.2 e	-4.6 e	6.2 e	4.2 e	1.3 e
A,B1GQ,PCH_PRE,BE1	: 	: 	: 	: 	: 	: 	2.6 e	2.5 e	-0.8 e	2.6 e	1.5 e	3.2 e	2 e	-0.1 e	-2.2 e	2.1 e	0.4 e	1.3 e	-0.2 e	0.5 e	0.9 e	-0.5 e	1.1 e	1.1 e	2.5 e	-4.6 e	4.7 e	1.4 e	0.6 e
A,B1GQ,PCH_PRE,BE10	: 	: 	: 	: 	: 	: 	2.6 e	2.5 e	-0.8 e	2.6 e	1.5 e	3.2 e	2 e	-0.1 e	-2.2 e	2.1 e	0.4 e	1.3 e	-0.2 e	0.5 e	0.9 e	-0.5 e	1.1 e	1.1 e	2.5 e	-4.6 e	4.7 e	1.4 e	0.6 e
A,B1GQ,PCH_PRE,BE2	: 	: 	: 	: 	: 	: 	0.9 e	1.8 e	1.6 e	3.6 e	2.6 e	2.9 e	4.4 e	0.3 e	-1.8 e	2.6 e	2.5 e	0.7 e	0.8 e	2 e	2.7 e	1.8 e	1.7 e	1.5 e	2 e	-4.8 e	7.7 e	5.3 e	1.4 e
A,B1GQ,PCH_PRE,BE21	: 	: 	: 	: 	: 	: 	-0.5 e	3 e	1.1 e	4.4 e	4.4 e	0.9 e	4.4 e	0.8 e	-2.2 e	2.7 e	3.4 e	0.4 e	0.7 e	1.9 e	3.2 e	1.7 e	1.2 e	1.7 e	2.4 e	-4 e	5.7 e	5.8 e	0.9 e
A,B1GQ,PCH_PRE,BE22	: 	: 	: 	: 	: 	: 	1.4 e	1.8 e	1.7 e	1.8 e	0.5 e	3.8 e	4.2 e	1.7 e	-6.1 e	3.9 e	3.3 e	0.4 e	0.5 e	3.2 e	0.4 e	1.7 e	2.1 e	1.6 e	1 e	-5.4 e	6.8 e	3.7 e	0.9 e
A,B1GQ,PCH_PRE,BE23	: 	: 	: 	: 	: 	: 	1 e	2.9 e	2 e	3.4 e	1.5 e	3.3 e	4.9 e	-0.6 e	-0.4 e	2.5 e	1.9 e	0.1 e	0.7 e	2 e	3.9 e	1.7 e	2.5 e	0.8 e	1.8 e	-4 e	8.7 e	4.5 e	0.4 e
A,B1GQ,PCH_PRE,BE24	: 	: 	: 	: 	: 	: 	3.4 e	-0.7 e	2.3 e	3.6 e	2.7 e	4.3 e	3.8 e	0.7 e	0.8 e	1.4 e	1.6 e	2.1 e	0.7 e	1.3 e	2.8 e	2.1 e	1.6 e	2.2 e	2.2 e	-6.6 e	11.6 e	8.1 e	3 e
A,B1GQ,PCH_PRE,BE25	: 	: 	: 	: 	: 	: 	0.8 e	1.2 e	1.2 e	3.5 e	1.9 e	4.4 e	4.2 e	-1 e	-2.8 e	3 e	1.8 e	0.9 e	1.1 e	2.4 e	1.7 e	1.7 e	1.7 e	1.3 e	2 e	-5 e	7.1 e	3 e	2 e
A,B1GQ,PCH_PRE,BE3	: 	: 	: 	: 	: 	: 	0.4 e	0.9 e	1.4 e	4.4 e	2.3 e	1.1 e	3.4 e	1.3 e	-2.3 e	4.1 e	0.9 e	0.3 e	0.3 e	1.3 e	1.2 e	1.5 e	1.8 e	3 e	2.6 e	-4.2 e	3.6 e	3.8 e	1.4 e
A,B1GQ,PCH_PRE,BE31	: 	: 	: 	: 	: 	: 	2.8 e	3.4 e	0.3 e	6.9 e	5.5 e	-1.6 e	6.9 e	1.3 e	0.6 e	11.3 e	-6.6 e	3 e	3.9 e	4.7 e	1.4 e	4.4 e	3.2 e	8.5 e	9.5 e	-4.6 e	-5.6 e	7.7 e	3.8 e
A,B1GQ,PCH_PRE,BE32	: 	: 	: 	: 	: 	: 	-0.1 e	-0.2 e	2.7 e	5 e	1.1 e	0.8 e	2.9 e	1.8 e	-4.5 e	3.2 e	2.5 e	-0.6 e	-0.5 e	1.2 e	1.2 e	0.7 e	1.1 e	2.3 e	0.2 e	-5.3 e	5.5 e	2.5 e	0.1 e
A,B1GQ,PCH_PRE,BE33	: 	: 	: 	: 	: 	: 	0 e	0.4 e	0.5 e	3.5 e	1.9 e	1.6 e	3.3 e	0.8 e	-1.9 e	2.1 e	2.8 e	0.4 e	-0.2 e	-0.2 e	1.1 e	0.8 e	1.9 e	1.4 e	1.5 e	-3 e	5.8 e	2.8 e	0.9 e
A,B1GQ,PCH_PRE,BE34	: 	: 	: 	: 	: 	: 	-1.5 e	2.2 e	0.3 e	2.1 e	3.3 e	3.5 e	1.6 e	-1 e	-1.7 e	2.6 e	2.2 e	-1.2 e	-0.1 e	0.5 e	2.2 e	0.6 e	2 e	1.3 e	1.8 e	-3.2 e	7.3 e	3.4 e	0.1 e
A,B1GQ,PCH_PRE,BE35	: 	: 	: 	: 	: 	: 	0.8 e	1.5 e	2 e	3.3 e	2.2 e	2.5 e	1.7 e	2.3 e	-1.6 e	3.6 e	1.5 e	-0.3 e	-0.7 e	1.4 e	1 e	1.7 e	1.2 e	1.5 e	1.2 e	-4.1 e	6.8 e	4 e	2.5 e
A,B1GQ,PCH_PRE,BEZ	: 	: 	: 	: 	: 	: 	0.3 e	-6.1 e	-16.7 e	-29.1 e	-19 e	-5.3 e	-1.3 e	1 e	1.4 e	19.3 e	-2.3 e	3.1 e	-3 e	1.2 e	-3 e	-30.8 e	3.1 e	29.6 e	9.1 e	-38.7 e	1.9 e	1.8 e	1.3 e
A,B1GQ,PCH_PRE,BEZZ	: 	: 	: 	: 	: 	: 	0.3 e	-6.1 e	-16.7 e	-29.1 e	-19 e	-5.3 e	-1.3 e	1 e	1.4 e	19.3 e	-2.3 e	3.1 e	-3 e	1.2 e	-3 e	-30.8 e	3.1 e	29.6 e	9.1 e	-38.7 e	1.9 e	1.8 e	1.3 e
A,B1GQ,PCH_PRE,BG	: 	: 	: 	: 	: 	: 	3.8 e	5.9 e	5.2 e	6.5 e	7.1 e	6.8 e	6.7 e	6.1 e	-3.3 e	1.6 e	2.1 e	0.7 e	-0.5 e	0.9 e	3.4 e	3 e	2.7 e	2.5 e	3.8 e	-3.2 e	7.8 e	4 e	1.9 e
A,B1GQ,PCH_PRE,BG3	: 	: 	: 	: 	: 	: 	0 e	3.5 e	2.8 e	3.9 e	6.3 e	1.5 e	1.8 e	4.9 e	-5.6 e	-0.3 e	0.8 e	2.5 e	0.2 e	2.3 e	0.7 e	4 e	2.4 e	3.1 e	-1.4 e	-5.7 e	6.5 e	1.1 e	1.2 e
A,B1GQ,PCH_PRE,BG31	: 	: 	: 	: 	: 	: 	2.1 e	1 e	-0.6 e	0.6 e	3.9 e	-2.1 e	1.2 e	2 e	-6.5 e	-3.3 e	-0.6 e	-1.9 e	-0.9 e	3.2 e	-2.8 e	2.4 e	4.6 e	9.7 e	-3.6 e	0.8 e	5.6 e	-2 e	3.5 e
A,B1GQ,PCH_PRE,BG32	: 	: 	: 	: 	: 	: 	5.6 e	8.6 e	-2.4 e	2.5 e	6 e	0.9 e	2.1 e	2.8 e	-5.5 e	-1.2 e	1 e	2.9 e	0.8 e	2.3 e	-1.5 e	1.8 e	2.3 e	2.2 e	0.8 e	-4.4 e	5.9 e	6 e	5.8 e
A,B1GQ,PCH_PRE,BG33	: 	: 	: 	: 	: 	: 	0.4 e	5.2 e	4.8 e	5.5 e	6.5 e	7.4 e	4.8 e	6.3 e	-7.6 e	1.3 e	2.3 e	2.5 e	0.7 e	1.6 e	0.4 e	1.1 e	2.2 e	3.2 e	1 e	-6.3 e	4.5 e	5.1 e	3.9 e
A,B1GQ,PCH_PRE,BG34	: 	: 	: 	: 	: 	: 	-5.6 e	0.3 e	8 e	6.2 e	8 e	-0.5 e	-0.7 e	7.2 e	-3.2 e	0.7 e	0.3 e	4.8 e	0.1 e	2.3 e	4.3 e	8.9 e	1.6 e	0.1 e	-3.5 e	-9.8 e	9.6 e	-3.7 e	-4.3 e
A,B1GQ,PCH_PRE,BG4	: 	: 	: 	: 	: 	: 	7.5 e	8 e	7.4 e	8.6 e	7.7 e	11 e	10.1 e	6.9 e	-1.9 e	2.7 e	2.9 e	-0.3 e	-1 e	0.1 e	5.2 e	2.4 e	3 e	2.2 e	6.9 e	-1.8 e	8.4 e	5.7 e	2.3 e
A,B1GQ,PCH_PRE,BG41	: 	: 	: 	: 	: 	: 	9 e	10.1 e	7 e	9.1 e	8.2 e	13.5 e	13 e	8.3 e	-1.5 e	3.1 e	3.7 e	-1.2 e	-1.3 e	0.5 e	4.6 e	2.6 e	3.2 e	1.8 e	8 e	-1.9 e	9.2 e	4.4 e	3.6 e
A,B1GQ,PCH_PRE,BG42	: 	: 	: 	: 	: 	: 	4.1 e	3 e	8.2 e	7.5 e	6.4 e	4.4 e	1.9 e	2.5 e	-3.3 e	1.6 e	0.1 e	2.8 e	-0.2 e	-1.2 e	7.1 e	2 e	2 e	3.7 e	2.9 e	-1.8 e	5.9 e	10.4 e	-2.2 e
A,B1GQ,PCH_PRE,CY	: 	: 	: 	: 	: 	: 	4 e	3.7 e	2.6 e	5 e	4.9 e	4.7 e	5.1 e	3.6 e	-2 e	2.3 e	0.4 e	-3.4 e	-6.6 e	-1.8 e	3.4 e	6.6 e	5.8 e	6.3 e	5.9 e	-3.2 e	11.4 e	7.4 e	2.6 e
A,B1GQ,PCH_PRE,CY0	: 	: 	: 	: 	: 	: 	4 e	3.7 e	2.6 e	5 e	4.9 e	4.7 e	5.1 e	3.6 e	-2 e	2.3 e	0.4 e	-3.4 e	-6.6 e	-1.8 e	3.4 e	6.6 e	5.8 e	6.3 e	5.9 e	-3.2 e	11.4 e	7.4 e	2.6 e
A,B1GQ,PCH_PRE,CY00	: 	: 	: 	: 	: 	: 	4 e	3.7 e	2.6 e	5 e	4.9 e	4.7 e	5.1 e	3.6 e	-2 e	2.3 e	0.4 e	-3.4 e	-6.6 e	-1.8 e	3.4 e	6.6 e	5.8 e	6.3 e	5.9 e	-3.2 e	11.4 e	7.4 e	2.6 e
A,B1GQ,PCH_PRE,CZ	: 	: 	: 	: 	: 	: 	2.9 e	1.5 e	3.3 e	4.7 e	6.4 e	6.6 e	5.5 e	2.6 e	-4.8 e	2.7 e	1.8 e	-0.8 e	0 e	2.2 e	5 e	2.6 e	5.2 e	2.8 e	3.6 e	-5.3 e	4 e	2.8 e	-0.1 e
A,B1GQ,PCH_PRE,CZ0	: 	: 	: 	: 	: 	: 	2.9 e	1.5 e	3.3 e	4.7 e	6.4 e	6.6 e	5.5 e	2.6 e	-4.8 e	2.7 e	1.8 e	-0.8 e	0 e	2.2 e	5 e	2.6 e	5.2 e	2.8 e	3.6 e	-5.3 e	4 e	2.8 e	-0.1 e
A,B1GQ,PCH_PRE,CZ01	: 	: 	: 	: 	: 	: 	5.2 e	3.5 e	5.4 e	6.9 e	7.2 e	4.7 e	10.4 e	1.4 e	-5.8 e	3.7 e	-1.5 e	0.2 e	2 e	3.9 e	5.6 e	2.9 e	4.6 e	4.7 e	3.6 e	-4.9 e	6.4 e	3.8 e	-2.3 e
A,B1GQ,PCH_PRE,CZ02	: 	: 	: 	: 	: 	: 	3 e	5.7 e	0.9 e	5.8 e	5.2 e	13.7 e	10.7 e	4.5 e	-6.3 e	1.6 e	7.2 e	-0.7 e	-2.6 e	2.1 e	5.8 e	5.4 e	7.3 e	2.5 e	8 e	-8.5 e	3.3 e	5.9 e	1.4 e
A,B1GQ,PCH_PRE,CZ03	: 	: 	: 	: 	: 	: 	1.9 e	0.1 e	2.9 e	7 e	5.8 e	6.4 e	-4.4 e	3.5 e	-2.6 e	3.5 e	1.3 e	-1.9 e	0.6 e	1.5 e	4 e	1.9 e	6.3 e	2.3 e	2.5 e	-5 e	3.2 e	1.9 e	0.9 e
A,B1GQ,PCH_PRE,CZ04	: 	: 	: 	: 	: 	: 	-0.4 e	0.6 e	4.7 e	-0.5 e	4.5 e	7.1 e	0.9 e	1.1 e	0.4 e	-3.8 e	-1.9 e	0.5 e	-1.6 e	0.2 e	5.5 e	-0.4 e	2.1 e	-0.7 e	3.8 e	-7.4 e	2.1 e	2.1 e	-1.3 e
A,B1GQ,PCH_PRE,CZ05	: 	: 	: 	: 	: 	: 	1.7 e	0.1 e	0.5 e	4.6 e	7 e	6.6 e	4.4 e	2 e	-4.3 e	3.9 e	3.2 e	-3.6 e	0.3 e	2 e	5.2 e	3.3 e	7.5 e	2.4 e	3.1 e	-3.9 e	0.7 e	3 e	2.7 e
A,B1GQ,PCH_PRE,CZ06	: 	: 	: 	: 	: 	: 	3.9 e	0.3 e	3.6 e	4.1 e	5.8 e	5.5 e	7 e	3 e	-5.2 e	2.9 e	3 e	0 e	1.3 e	0.5 e	4.9 e	1 e	4.5 e	3.1 e	3.5 e	-2.6 e	4.4 e	0.8 e	0.9 e
A,B1GQ,PCH_PRE,CZ07	: 	: 	: 	: 	: 	: 	2.3 e	-0.7 e	3.9 e	4.9 e	5.4 e	6.3 e	2.8 e	7.1 e	-4.3 e	3.7 e	3 e	-1.7 e	-0.3 e	3.2 e	4.5 e	2.7 e	5.8 e	1.6 e	3.8 e	-4.8 e	2.9 e	1.2 e	1.1 e
A,B1GQ,PCH_PRE,CZ08	: 	: 	: 	: 	: 	: 	2.5 e	0.4 e	2.5 e	1.5 e	8.7 e	5.7 e	3.3 e	0.3 e	-7.5 e	3.5 e	3.5 e	0 e	-4.2 e	2.5 e	3 e	2.9 e	3.1 e	2.5 e	-0.9 e	-7.5 e	5.3 e	2.3 e	-1.4 e
A,B1GQ,PCH_PRE,DE	: 	: 	: 	: 	: 	: 	1.7 e	-0.2 e	-0.7 e	1.2 e	0.7 e	3.8 e	3 e	1 e	-5.7 e	4.2 e	3.9 e	0.4 e	0.4 e	2.2 e	1.5 e	2.2 e	2.7 e	1 e	1.1 e	-4.1 e	3.7 e	1.4 e	-0.3 e
A,B1GQ,PCH_PRE,DE1	: 	: 	: 	: 	: 	: 	3.3 e	-0.9 e	-0.2 e	0.3 e	0.5 e	6.4 e	3.7 e	0.4 e	-9.8 e	7.8 e	5.2 e	0.7 e	0.7 e	2.2 e	2.5 e	1.1 e	3.6 e	2.1 e	-0.4 e	-5.1 e	4.3 e	1.7 e	-0.4 e
A,B1GQ,PCH_PRE,DE11	: 	: 	: 	: 	: 	: 	4.5 e	-1.7 e	0.3 e	-0.9 e	-0.8 e	7.7 e	4.5 e	-1.5 e	-11.4 e	10 e	5.7 e	1.6 e	0.9 e	2 e	4 e	0.1 e	4.4 e	2.7 e	-2.6 e	-5.3 e	4.7 e	1.9 e	-0.4 e
A,B1GQ,PCH_PRE,DE12	: 	: 	: 	: 	: 	: 	2.9 e	0.1 e	-1 e	0.6 e	1.7 e	5.4 e	2.9 e	1.7 e	-8 e	5.4 e	3.9 e	-0.1 e	0.1 e	2.2 e	1.7 e	0.9 e	3.4 e	1.4 e	0.8 e	-5.4 e	3.9 e	2.5 e	-0.5 e
A,B1GQ,PCH_PRE,DE13	: 	: 	: 	: 	: 	: 	1.5 e	-0.7 e	-0.4 e	1.1 e	1 e	5.6 e	2.4 e	1.8 e	-8.5 e	5.8 e	5.3 e	0.2 e	1.1 e	3 e	0.9 e	1.4 e	2.7 e	1.9 e	1.4 e	-4.8 e	3.8 e	1.1 e	-0.3 e
A,B1GQ,PCH_PRE,DE14	: 	: 	: 	: 	: 	: 	2.5 e	-0.6 e	0 e	2.3 e	1.6 e	5.1 e	4 e	2.3 e	-10.2 e	8.1 e	5.9 e	0.2 e	1 e	1.9 e	1.8 e	3.4 e	2.9 e	1.9 e	1.8 e	-4.1 e	4.4 e	0.8 e	-0.3 e
A,B1GQ,PCH_PRE,DE2	: 	: 	: 	: 	: 	: 	2.9 e	0.8 e	-1.5 e	2.1 e	1.3 e	3.9 e	3.2 e	0.1 e	-4.2 e	5 e	6.1 e	1 e	1.3 e	2.4 e	1.8 e	2.5 e	3.7 e	0.3 e	1.7 e	-4.2 e	4.4 e	1.7 e	0.4 e
A,B1GQ,PCH_PRE,DE21	: 	: 	: 	: 	: 	: 	3.9 e	0.3 e	-1.8 e	2.1 e	1.5 e	4.2 e	4 e	-1.2 e	-3.6 e	4.6 e	6.8 e	1.5 e	2.3 e	2.1 e	2.6 e	2.7 e	3.9 e	0 e	2.8 e	-4.8 e	5.7 e	2.7 e	0.4 e
A,B1GQ,PCH_PRE,DE22	: 	: 	: 	: 	: 	: 	4.9 e	1.1 e	-1.2 e	3.3 e	1 e	2.6 e	3.5 e	0 e	-4 e	8.3 e	5.6 e	-1.7 e	0.9 e	4.5 e	0.4 e	2.1 e	4.1 e	-1 e	1.2 e	-2.3 e	3.9 e	2.6 e	-0.3 e
A,B1GQ,PCH_PRE,DE23	: 	: 	: 	: 	: 	: 	0 e	2.4 e	-0.6 e	1.6 e	2.3 e	3.4 e	4.7 e	1.9 e	-5.7 e	6.9 e	5.5 e	0.4 e	0.6 e	4.3 e	0.7 e	1.7 e	4.8 e	0.2 e	0.8 e	-3.2 e	4.6 e	1.5 e	0.5 e
A,B1GQ,PCH_PRE,DE24	: 	: 	: 	: 	: 	: 	3.1 e	-1.7 e	-2.5 e	1.6 e	0 e	5.2 e	1.3 e	-0.1 e	-2.5 e	4.4 e	4.6 e	0.5 e	0.2 e	1.4 e	2.6 e	2.1 e	3.7 e	0.1 e	0.3 e	-3.9 e	4 e	-0.4 e	0.4 e
A,B1GQ,PCH_PRE,DE25	: 	: 	: 	: 	: 	: 	-0.6 e	2 e	-1.1 e	3.5 e	-1 e	3.6 e	2.8 e	2.4 e	-4.2 e	3.6 e	5.4 e	1.9 e	0.8 e	2.2 e	1.2 e	2.8 e	3.6 e	1.5 e	1.2 e	-4.3 e	3.8 e	0.6 e	0.4 e
A,B1GQ,PCH_PRE,DE26	: 	: 	: 	: 	: 	: 	3.7 e	0.4 e	-0.1 e	1 e	3 e	3 e	2.5 e	-0.4 e	-6.1 e	5.5 e	6.3 e	-0.1 e	-0.3 e	1.6 e	0.3 e	2.5 e	2.9 e	0.3 e	0.4 e	-4.8 e	3.2 e	0.6 e	0.4 e
A,B1GQ,PCH_PRE,DE27	: 	: 	: 	: 	: 	: 	3 e	2.1 e	-1.8 e	1.3 e	2 e	4.5 e	0.8 e	1.8 e	-5.1 e	5 e	5.5 e	1.8 e	0.4 e	2.6 e	1.5 e	2.5 e	2.5 e	1.5 e	1.1 e	-3.7 e	1.5 e	0.7 e	0.4 e
A,B1GQ,PCH_PRE,DE3	: 	: 	: 	: 	: 	: 	-0.2 e	-2.1 e	-2.4 e	-1.1 e	1.8 e	3.4 e	3 e	3.8 e	-1.1 e	2.9 e	3.9 e	-0.2 e	0.3 e	2.7 e	3.6 e	5.1 e	4.3 e	3.8 e	3.3 e	-3 e	4.2 e	4.4 e	1.5 e
A,B1GQ,PCH_PRE,DE30	: 	: 	: 	: 	: 	: 	-0.2 e	-2.1 e	-2.4 e	-1.1 e	1.8 e	3.4 e	3 e	3.8 e	-1.1 e	2.9 e	3.9 e	-0.2 e	0.3 e	2.7 e	3.6 e	5.1 e	4.3 e	3.8 e	3.3 e	-3 e	4.2 e	4.4 e	1.5 e
A,B1GQ,PCH_PRE,DE4	: 	: 	: 	: 	: 	: 	0.3 e	0 e	0 e	1.6 e	0.8 e	3.5 e	1.5 e	2 e	-2.8 e	2.9 e	1 e	1.2 e	0.5 e	3.8 e	0.9 e	2.1 e	2.6 e	0.6 e	1.8 e	-2.4 e	1.9 e	2 e	2.2 e
A,B1GQ,PCH_PRE,DE40	: 	: 	: 	: 	: 	: 	0.3 e	0 e	0 e	1.6 e	0.8 e	3.5 e	1.5 e	2 e	-2.8 e	2.9 e	1 e	1.2 e	0.5 e	3.8 e	0.9 e	2.1 e	2.6 e	0.6 e	1.8 e	-2.4 e	1.9 e	2 e	2.2 e
A,B1GQ,PCH_PRE,DE5	: 	: 	: 	: 	: 	: 	1.9 e	1.5 e	0.9 e	-0.1 e	1.1 e	4.5 e	1.3 e	0 e	-9.5 e	5 e	2 e	3 e	-1 e	1.2 e	0.4 e	1.9 e	1.4 e	-0.3 e	-1.4 e	-5.1 e	5.3 e	1.8 e	-0.6 e
A,B1GQ,PCH_PRE,DE50	: 	: 	: 	: 	: 	: 	1.9 e	1.5 e	0.9 e	-0.1 e	1.1 e	4.5 e	1.3 e	0 e	-9.5 e	5 e	2 e	3 e	-1 e	1.2 e	0.4 e	1.9 e	1.4 e	-0.3 e	-1.4 e	-5.1 e	5.3 e	1.8 e	-0.6 e
A,B1GQ,PCH_PRE,DE6	: 	: 	: 	: 	: 	: 	5.4 e	0.4 e	-2.3 e	0.7 e	1.5 e	1.7 e	2.2 e	3.9 e	-4.1 e	0.6 e	0.5 e	0.5 e	3 e	-0.4 e	2 e	2.1 e	1.8 e	0 e	3.2 e	-5.1 e	2.7 e	4.6 e	-1.2 e
A,B1GQ,PCH_PRE,DE60	: 	: 	: 	: 	: 	: 	5.4 e	0.4 e	-2.3 e	0.7 e	1.5 e	1.7 e	2.2 e	3.9 e	-4.1 e	0.6 e	0.5 e	0.5 e	3 e	-0.4 e	2 e	2.1 e	1.8 e	0 e	3.2 e	-5.1 e	2.7 e	4.6 e	-1.2 e
A,B1GQ,PCH_PRE,DE7	: 	: 	: 	: 	: 	: 	2.4 e	-1.6 e	0.4 e	0 e	0.3 e	3.2 e	2.5 e	0.6 e	-7.2 e	3 e	3.6 e	-0.9 e	0.5 e	1.7 e	0.5 e	2.7 e	2.2 e	0.5 e	1.5 e	-5.2 e	4.7 e	0.6 e	1.1 e
A,B1GQ,PCH_PRE,DE71	: 	: 	: 	: 	: 	: 	2.8 e	-2.2 e	0.1 e	-0.3 e	0.3 e	3.2 e	2.5 e	0.6 e	-7 e	2.9 e	3.7 e	-0.9 e	0.7 e	1.7 e	0.4 e	2.6 e	2.2 e	0.5 e	1.4 e	-5 e	4.9 e	0.1 e	1.2 e
A,B1GQ,PCH_PRE,DE72	: 	: 	: 	: 	: 	: 	1.3 e	-0.5 e	0 e	2.4 e	1.1 e	2.9 e	3 e	1.8 e	-9.8 e	3.1 e	3.5 e	-1.1 e	-0.6 e	2.4 e	0.1 e	2.4 e	3.3 e	1.3 e	1.5 e	-4 e	4.5 e	-0.8 e	0.9 e
A,B1GQ,PCH_PRE,DE73	: 	: 	: 	: 	: 	: 	1.3 e	0.4 e	2.2 e	-0.5 e	-0.4 e	3.4 e	2 e	-0.4 e	-5.8 e	3.7 e	3.1 e	-0.5 e	0.5 e	0.9 e	1.3 e	3.4 e	1.1 e	0 e	1.9 e	-6.8 e	3.9 e	4.2 e	1 e
A,B1GQ,PCH_PRE,DE8	: 	: 	: 	: 	: 	: 	-1 e	0.4 e	-0.2 e	0.6 e	-0.4 e	2.1 e	3.4 e	0.9 e	-1.2 e	1 e	2.3 e	-0.5 e	0.2 e	3.1 e	0.3 e	1.4 e	4.3 e	-1.8 e	4.4 e	-3.9 e	1.9 e	3.1 e	3.3 e
A,B1GQ,PCH_PRE,DE80	: 	: 	: 	: 	: 	: 	-1 e	0.4 e	-0.2 e	0.6 e	-0.4 e	2.1 e	3.4 e	0.9 e	-1.2 e	1 e	2.3 e	-0.5 e	0.2 e	3.1 e	0.3 e	1.4 e	4.3 e	-1.8 e	4.4 e	-3.9 e	1.9 e	3.1 e	3.3 e
A,B1GQ,PCH_PRE,DE9	: 	: 	: 	: 	: 	: 	-0.2 e	-1.6 e	-0.4 e	1.7 e	1.9 e	4.1 e	2.8 e	1.7 e	-5.4 e	5.5 e	4.7 e	0.6 e	-0.9 e	2.9 e	-0.6 e	6 e	0.9 e	1.2 e	2.1 e	-4.3 e	1.9 e	0.6 e	0.2 e
A,B1GQ,PCH_PRE,DE91	: 	: 	: 	: 	: 	: 	0.8 e	-4.2 e	0.4 e	1.4 e	3.4 e	3.2 e	4.4 e	1.2 e	-8.7 e	9.9 e	7.1 e	-1 e	-0.7 e	3.8 e	-5.2 e	15.9 e	-1.6 e	3.6 e	2.8 e	-9.1 e	-2.2 e	-0.4 e	0.7 e
A,B1GQ,PCH_PRE,DE92	: 	: 	: 	: 	: 	: 	-0.9 e	-0.1 e	-1.5 e	-0.2 e	3.5 e	4.3 e	0.8 e	2.1 e	-4.7 e	3.6 e	4 e	0.1 e	-1.9 e	2.3 e	0.4 e	3.9 e	0.8 e	0.8 e	1.6 e	-4.1 e	3.6 e	-1.2 e	0.2 e
A,B1GQ,PCH_PRE,DE93	: 	: 	: 	: 	: 	: 	-1.1 e	-0.1 e	-0.1 e	1.8 e	0.1 e	3.5 e	3.2 e	0.9 e	-3.7 e	2.5 e	3.9 e	2.5 e	0.4 e	3.2 e	1.1 e	0.8 e	1.8 e	1.2 e	2.4 e	-1.3 e	3 e	1.3 e	0 e
A,B1GQ,PCH_PRE,DE94	: 	: 	: 	: 	: 	: 	0 e	-1.7 e	-0.1 e	3.7 e	0.2 e	4.9 e	3.4 e	2.3 e	-4.4 e	5.3 e	3.8 e	1.3 e	-0.7 e	2.6 e	1.6 e	3 e	2.6 e	-0.4 e	1.8 e	-1.8 e	3 e	2.6 e	0.1 e
A,B1GQ,PCH_PRE,DEA	: 	: 	: 	: 	: 	: 	1.2 e	0.2 e	-1.3 e	1.3 e	0.4 e	2.9 e	3.6 e	1.2 e	-5.4 e	2.4 e	2.8 e	-0.4 e	0.2 e	2 e	1.5 e	1.2 e	2.5 e	1.3 e	0 e	-3.5 e	2.7 e	0.2 e	-1 e
A,B1GQ,PCH_PRE,DEA1	: 	: 	: 	: 	: 	: 	2.5 e	-0.7 e	-0.6 e	1.5 e	0.2 e	1.8 e	4.3 e	2.8 e	-6 e	1 e	2.3 e	-1.2 e	-0.1 e	1.7 e	0.7 e	0.9 e	2.7 e	1.3 e	-0.5 e	-3.5 e	2.8 e	-0.5 e	-1.1 e
A,B1GQ,PCH_PRE,DEA2	: 	: 	: 	: 	: 	: 	1.2 e	2.6 e	-3.6 e	0.9 e	-0.8 e	4.2 e	3.6 e	-0.7 e	-3.1 e	2.1 e	2.5 e	0.3 e	1.6 e	2.3 e	3.3 e	0.9 e	2.7 e	1.7 e	-0.9 e	-4.4 e	3 e	0.7 e	-0.8 e
A,B1GQ,PCH_PRE,DEA3	: 	: 	: 	: 	: 	: 	1.4 e	-0.8 e	0 e	2.8 e	0.8 e	3.4 e	3 e	1.7 e	-6.3 e	4 e	2.8 e	-0.1 e	-1.7 e	0.9 e	1.5 e	2.3 e	2.9 e	0.3 e	1.5 e	-1.6 e	2.2 e	0.5 e	-0.9 e
A,B1GQ,PCH_PRE,DEA4	: 	: 	: 	: 	: 	: 	-0.1 e	-0.9 e	-0.8 e	0.6 e	1.8 e	2.9 e	3.9 e	-0.1 e	-5.7 e	2.7 e	4.7 e	0.6 e	1 e	3 e	0.3 e	2.2 e	1.4 e	1.2 e	1.4 e	-1.9 e	1.3 e	-0.2 e	-1 e
A,B1GQ,PCH_PRE,DEA5	: 	: 	: 	: 	: 	: 	-0.4 e	-0.5 e	-0.3 e	1.1 e	1.3 e	2.5 e	2.3 e	1.5 e	-6.7 e	4.2 e	3.2 e	-0.8 e	-0.4 e	2.2 e	0.7 e	0.9 e	2 e	1.3 e	0.2 e	-4.2 e	3.6 e	0.4 e	-1 e
A,B1GQ,PCH_PRE,DEB	: 	: 	: 	: 	: 	: 	-1.5 e	0.9 e	-0.4 e	2.4 e	-0.2 e	3.6 e	2.4 e	0.3 e	-5 e	5.3 e	3 e	1.3 e	-0.1 e	2.1 e	2.5 e	1.1 e	1.4 e	0.2 e	0.6 e	-4 e	11 e	-0.1 e	-5 e
A,B1GQ,PCH_PRE,DEB1	: 	: 	: 	: 	: 	: 	-1.5 e	1.1 e	-0.6 e	2 e	0.2 e	3.4 e	1.2 e	0.1 e	-5.7 e	3.9 e	3.1 e	0.6 e	0.2 e	2.9 e	1.4 e	0.8 e	3.2 e	0.6 e	1.1 e	-3 e	2.6 e	1.5 e	-2.3 e
A,B1GQ,PCH_PRE,DEB2	: 	: 	: 	: 	: 	: 	-0.6 e	2.1 e	1.7 e	2.1 e	-0.4 e	2.4 e	2.2 e	1.4 e	-4.9 e	3.6 e	4.3 e	0.5 e	1.3 e	1.2 e	2 e	2.1 e	0.2 e	0.5 e	0.6 e	-3 e	0.5 e	2.3 e	-2.2 e
A,B1GQ,PCH_PRE,DEB3	: 	: 	: 	: 	: 	: 	-1.6 e	0.5 e	-0.7 e	2.8 e	-0.4 e	4 e	3.3 e	0.2 e	-4.6 e	6.7 e	2.7 e	1.9 e	-0.5 e	1.7 e	3.2 e	1.1 e	0.5 e	-0.1 e	0.2 e	-4.8 e	18.9 e	-1.5 e	-7.3 e
A,B1GQ,PCH_PRE,DEC	: 	: 	: 	: 	: 	: 	2 e	-1.5 e	-0.3 e	3.2 e	3.5 e	3.1 e	2 e	0.2 e	-10.6 e	5.1 e	4.7 e	-1.5 e	-2.5 e	3.2 e	0.3 e	-0.5 e	1.9 e	-0.6 e	-2 e	-5.2 e	3.2 e	0.3 e	-0.5 e
A,B1GQ,PCH_PRE,DEC0	: 	: 	: 	: 	: 	: 	2 e	-1.5 e	-0.3 e	3.2 e	3.5 e	3.1 e	2 e	0.2 e	-10.6 e	5.1 e	4.7 e	-1.5 e	-2.5 e	3.2 e	0.3 e	-0.5 e	1.9 e	-0.6 e	-2 e	-5.2 e	3.2 e	0.3 e	-0.5 e
A,B1GQ,PCH_PRE,DED	: 	: 	: 	: 	: 	: 	1.5 e	2 e	1.1 e	1.9 e	-0.5 e	4.5 e	2.8 e	-0.2 e	-4.1 e	3.3 e	3.5 e	0.6 e	0.2 e	3.2 e	2.2 e	1.8 e	2.3 e	0.7 e	1.5 e	-3.9 e	2.7 e	1.8 e	-0.4 e
A,B1GQ,PCH_PRE,DED2	: 	: 	: 	: 	: 	: 	2.5 e	2.9 e	2.2 e	2.6 e	-0.6 e	3 e	2.9 e	-1.1 e	-3.8 e	2.6 e	2.4 e	0.2 e	1 e	2.8 e	3.8 e	1.2 e	2.1 e	1.3 e	1.4 e	-3.7 e	2.1 e	2.6 e	-0.6 e
A,B1GQ,PCH_PRE,DED4	: 	: 	: 	: 	: 	: 	0.5 e	1.3 e	0.6 e	1.8 e	-0.4 e	5.2 e	2.5 e	-0.3 e	-5.9 e	4.3 e	3.4 e	-0.6 e	-1.6 e	3 e	1 e	1.7 e	1.7 e	-0.1 e	0.4 e	-5.1 e	2.9 e	1.3 e	-0.3 e
A,B1GQ,PCH_PRE,DED5	: 	: 	: 	: 	: 	: 	1.4 e	1.6 e	0.2 e	0.8 e	-0.3 e	6.1 e	3.1 e	1.5 e	-2 e	3.1 e	5.4 e	2.6 e	1.4 e	4 e	1.5 e	2.8 e	3.3 e	0.7 e	3.1 e	-2.9 e	3.3 e	1.2 e	-0.3 e
A,B1GQ,PCH_PRE,DEE	: 	: 	: 	: 	: 	: 	-0.7 e	2.3 e	-0.3 e	1 e	-0.6 e	3.7 e	2.1 e	0.3 e	-5.5 e	4.5 e	-0.5 e	2.6 e	-0.7 e	1.1 e	0.4 e	1.5 e	1 e	-0.3 e	1.7 e	-2.6 e	1.6 e	1.8 e	-1.4 e
A,B1GQ,PCH_PRE,DEE0	: 	: 	: 	: 	: 	: 	-0.7 e	2.3 e	-0.3 e	1 e	-0.6 e	3.7 e	2.1 e	0.3 e	-5.5 e	4.5 e	-0.5 e	2.6 e	-0.7 e	1.1 e	0.4 e	1.5 e	1 e	-0.3 e	1.7 e	-2.6 e	1.6 e	1.8 e	-1.4 e
A,B1GQ,PCH_PRE,DEF	: 	: 	: 	: 	: 	: 	1.3 e	-1.9 e	-0.3 e	1.6 e	0.2 e	2.8 e	1.2 e	2.5 e	-3.6 e	1 e	2.9 e	2.7 e	-0.8 e	1.7 e	0.8 e	2.3 e	2.9 e	0.5 e	2.5 e	-2 e	0 e	1.8 e	-1.2 e
A,B1GQ,PCH_PRE,DEF0	: 	: 	: 	: 	: 	: 	1.3 e	-1.9 e	-0.3 e	1.6 e	0.2 e	2.8 e	1.2 e	2.5 e	-3.6 e	1 e	2.9 e	2.7 e	-0.8 e	1.7 e	0.8 e	2.3 e	2.9 e	0.5 e	2.5 e	-2 e	0 e	1.8 e	-1.2 e
A,B1GQ,PCH_PRE,DEG	: 	: 	: 	: 	: 	: 	0.7 e	0.1 e	1.4 e	1.6 e	-0.3 e	3.6 e	2.3 e	-0.3 e	-5.2 e	5 e	4.6 e	0 e	1.3 e	3.6 e	0.8 e	1.2 e	2 e	-0.3 e	0 e	-3.4 e	2.5 e	1.8 e	0 e
A,B1GQ,PCH_PRE,DEG0	: 	: 	: 	: 	: 	: 	0.7 e	0.1 e	1.4 e	1.6 e	-0.3 e	3.6 e	2.3 e	-0.3 e	-5.2 e	5 e	4.6 e	0 e	1.3 e	3.6 e	0.8 e	1.2 e	2 e	-0.3 e	0 e	-3.4 e	2.5 e	1.8 e	0 e
A,B1GQ,PCH_PRE,DK	: 	: 	: 	: 	: 	: 	1 e	0.5 e	0.4 e	2.8 e	2.4 e	3.8 e	1 e	-0.4 e	-5 e	1.6 e	1.3 e	0 e	1.4 e	1.3 e	2.1 e	3.1 e	3.1 e	1.9 e	1.7 e	-1.8 e	7.4 e	1.5 e	2.5 e
A,B1GQ,PCH_PRE,DK0	: 	: 	: 	: 	: 	: 	1.2 e	0.4 e	0.5 e	2.5 e	2.5 e	4.3 e	1.4 e	0.1 e	-4.7 e	1.9 e	1.6 e	0.3 e	2 e	1.5 e	2.4 e	3.1 e	3.3 e	2 e	1.8 e	-1.5 e	7.4 e	1.5 e	2.6 e
A,B1GQ,PCH_PRE,DK01	: 	: 	: 	: 	: 	: 	2 e	-1.5 e	1 e	3.7 e	5.2 e	1.8 e	1.5 e	1.2 e	-3.9 e	3.6 e	1.6 e	1.8 e	2.9 e	2.3 e	3.7 e	4 e	3.8 e	3 e	1.3 e	-2.2 e	7.3 e	4.4 e	5 e
A,B1GQ,PCH_PRE,DK02	: 	: 	: 	: 	: 	: 	1.6 e	0.8 e	0.3 e	2.6 e	1.7 e	3.1 e	-0.8 e	-3.6 e	-6.1 e	2.5 e	0.5 e	-1.3 e	1.8 e	1 e	4.7 e	-1.2 e	3.8 e	1.4 e	3.2 e	-2.5 e	6.6 e	1.2 e	0.1 e
A,B1GQ,PCH_PRE,DK03	: 	: 	: 	: 	: 	: 	-0.1 e	0.8 e	0.6 e	1.7 e	-0.1 e	6.6 e	2.9 e	-0.2 e	-5.5 e	1.4 e	2.2 e	-0.4 e	2 e	0.7 e	1.5 e	1.4 e	2.3 e	1.1 e	1.4 e	-1.6 e	7.9 e	1.2 e	2.6 e
A,B1GQ,PCH_PRE,DK04	: 	: 	: 	: 	: 	: 	1.3 e	1.8 e	-0.6 e	2.7 e	0.9 e	6.8 e	1.1 e	-0.1 e	-4.4 e	-0.2 e	2.6 e	-1.1 e	1.1 e	1.5 e	-0.4 e	6.2 e	3 e	1.5 e	2.9 e	0.4 e	7.8 e	-2.8 e	-0.5 e
A,B1GQ,PCH_PRE,DK05	: 	: 	: 	: 	: 	: 	-0.2 e	3.1 e	0.5 e	-0.5 e	1.3 e	5.6 e	1.3 e	0.5 e	-5.3 e	0.5 e	-0.2 e	0.5 e	0.2 e	0.2 e	2.8 e	0.7 e	3.4 e	0.9 e	0.8 e	-1.7 e	6.8 e	-1.8 e	-1 e
A,B1GQ,PCH_PRE,DKZ	: 	: 	: 	: 	: 	: 	-5.9 e	4.3 e	0 e	11.5 e	-0.6 e	-7.7 e	-8.9 e	-11.4 e	-11.4 e	-9.3 e	-9.2 e	-9 e	-15.1 e	-6 e	-12.4 e	2.4 e	-18 e	-9.2 e	-6.8 e	-25.8 e	6.2 e	6.2 e	-3.9 e
A,B1GQ,PCH_PRE,DKZZ	: 	: 	: 	: 	: 	: 	-5.9 e	4.3 e	0 e	11.5 e	-0.6 e	-7.7 e	-8.9 e	-11.4 e	-11.4 e	-9.3 e	-9.2 e	-9 e	-15.1 e	-6 e	-12.4 e	2.4 e	-18 e	-9.2 e	-6.8 e	-25.8 e	6.2 e	6.2 e	-3.9 e
A,B1GQ,PCH_PRE,EE	: 	: 	: 	: 	: 	: 	5.9 e	6.9 e	7.6 e	6.8 e	9.5 e	9.8 e	7.6 e	-5.1 e	-14.6 e	2.4 e	7.6 e	3.7 e	1.8 e	3.3 e	1.8 e	3.1 e	5.6 e	3.7 e	3.7 e	-2.9 e	7.2 e	0.1 e	-3 e
A,B1GQ,PCH_PRE,EE0	: 	: 	: 	: 	: 	: 	5.9 e	6.9 e	7.6 e	6.8 e	9.5 e	9.8 e	7.6 e	-5.1 e	-14.6 e	2.4 e	7.6 e	3.7 e	1.8 e	3.3 e	1.8 e	3.1 e	5.6 e	3.7 e	3.7 e	-2.9 e	7.2 e	0.1 e	-3 e
A,B1GQ,PCH_PRE,EE00	: 	: 	: 	: 	: 	: 	5.9 e	6.9 e	7.6 e	6.8 e	9.5 e	9.8 e	7.6 e	-5.1 e	-14.6 e	2.4 e	7.6 e	3.7 e	1.8 e	3.3 e	1.8 e	3.1 e	5.6 e	3.7 e	3.7 e	-2.9 e	7.2 e	0.1 e	-3 e
A,B1GQ,PCH_PRE,EL	: 	: 	: 	: 	: 	: 	4.7 e	4.7 e	5.8 e	5.4 e	1.2 e	6.4 e	3.5 e	0.1 e	-4.1 e	-5.7 e	-9.9 e	-8.3 e	-2.3 e	0.8 e	-0.2 e	0 e	1.5 e	2.1 e	2.3 e	-9.2 e	8.7 e	5.7 e	2.3 e
A,B1GQ,PCH_PRE,EL3	: 	: 	: 	: 	: 	: 	5 e	5.8 e	6.3 e	5.4 e	1.6 e	8.2 e	4.1 e	0.4 e	-3.4 e	-6 e	-10.3 e	-9.7 e	-1.8 e	1.2 e	0 e	0 e	1.9 e	1.9 e	3.3 e	-8 e	9.1 e	5.9 e	3 e
A,B1GQ,PCH_PRE,EL30	: 	: 	: 	: 	: 	: 	5 e	5.8 e	6.3 e	5.4 e	1.6 e	8.2 e	4.1 e	0.4 e	-3.4 e	-6 e	-10.3 e	-9.7 e	-1.8 e	1.2 e	0 e	0 e	1.9 e	1.9 e	3.3 e	-8 e	9.1 e	5.9 e	3 e
A,B1GQ,PCH_PRE,EL4	: 	: 	: 	: 	: 	: 	3.9 e	4.3 e	6.6 e	7.4 e	1.4 e	6.2 e	2.6 e	2.6 e	-6.5 e	-6 e	-9.5 e	-8.2 e	2.3 e	2 e	-1 e	-1.9 e	1.8 e	1.9 e	1.7 e	-17.3 e	11.4 e	8.8 e	2.5 e
A,B1GQ,PCH_PRE,EL41	: 	: 	: 	: 	: 	: 	4.8 e	1.3 e	14.3 e	2.8 e	3.6 e	7.9 e	3.7 e	1.9 e	-6.1 e	-5.8 e	-7.9 e	-7.5 e	-1.2 e	1.2 e	-1.6 e	-0.9 e	-0.3 e	1.6 e	2.4 e	-10.8 e	6.2 e	5.4 e	2.5 e
A,B1GQ,PCH_PRE,EL42	: 	: 	: 	: 	: 	: 	0.4 e	2.5 e	7.5 e	7.2 e	3.5 e	5.8 e	3.6 e	3.7 e	-9.2 e	-6 e	-7.8 e	-7.2 e	5.1 e	0.5 e	-1.9 e	-2.8 e	0.9 e	2.9 e	1.8 e	-23.2 e	13.9 e	8.7 e	4 e
A,B1GQ,PCH_PRE,EL43	: 	: 	: 	: 	: 	: 	6.1 e	6.4 e	4 e	8.9 e	-0.4 e	6 e	1.6 e	2 e	-4.7 e	-6 e	-11.1 e	-9 e	1.5 e	3.4 e	-0.1 e	-1.6 e	3 e	1.3 e	1.4 e	-15.1 e	11.4 e	9.7 e	1.6 e
A,B1GQ,PCH_PRE,EL5	: 	: 	: 	: 	: 	: 	4.2 e	3.3 e	4.3 e	6.3 e	0.3 e	4.5 e	4.2 e	-0.7 e	-3.9 e	-4.6 e	-9 e	-7.3 e	-4.3 e	-0.5 e	-0.5 e	0.4 e	0.3 e	2.4 e	0.7 e	-8.7 e	7.1 e	5.9 e	1.4 e
A,B1GQ,PCH_PRE,EL51	: 	: 	: 	: 	: 	: 	2.9 e	2.5 e	3.3 e	5.2 e	2.1 e	-0.2 e	6.6 e	1 e	-4 e	-0.4 e	-13.2 e	-7.3 e	-4.6 e	-0.2 e	-1.1 e	1.9 e	-0.7 e	2 e	0.4 e	-8.2 e	8.4 e	2.9 e	1.7 e
A,B1GQ,PCH_PRE,EL52	: 	: 	: 	: 	: 	: 	5 e	4.1 e	4.2 e	7.6 e	-0.9 e	5.9 e	5.1 e	-0.2 e	-4.1 e	-6.9 e	-9 e	-8 e	-3.8 e	0 e	1.6 e	1.1 e	0.7 e	3 e	1.9 e	-7.9 e	7.2 e	8.1 e	0.8 e
A,B1GQ,PCH_PRE,EL53	: 	: 	: 	: 	: 	: 	1.6 e	-0.3 e	7.2 e	6.5 e	4.3 e	4.7 e	-2.8 e	-5.4 e	-2.1 e	0.3 e	-2.3 e	-0.2 e	-9.8 e	-3.9 e	-9 e	-6 e	-0.3 e	-0.4 e	-6.4 e	-14.4 e	4.4 e	-1.7 e	3.3 e
A,B1GQ,PCH_PRE,EL54	: 	: 	: 	: 	: 	: 	4.4 e	3.2 e	3.4 e	0.9 e	0.5 e	4.3 e	1.6 e	-2.4 e	-4.5 e	-2.2 e	-8.1 e	-10.6 e	-0.2 e	0.7 e	-0.7 e	0.9 e	-0.5 e	2.4 e	0.9 e	-8.9 e	7.2 e	4.3 e	2.8 e
A,B1GQ,PCH_PRE,EL6	: 	: 	: 	: 	: 	: 	4.6 e	4 e	6 e	3.4 e	1 e	4.8 e	1.9 e	-1.1 e	-4.9 e	-6.1 e	-10 e	-6.2 e	-3.1 e	0.5 e	-0.1 e	0.3 e	1.6 e	2.1 e	1.9 e	-8.5 e	8 e	3.8 e	1.7 e
A,B1GQ,PCH_PRE,EL61	: 	: 	: 	: 	: 	: 	5.5 e	10.6 e	8.4 e	4.7 e	-2.8 e	5.2 e	1.6 e	-0.3 e	-4.3 e	-8.7 e	-10.5 e	-4.4 e	-1.2 e	1.8 e	1 e	-1 e	0.3 e	3.5 e	3.1 e	-7.4 e	10.9 e	1.2 e	0 e
A,B1GQ,PCH_PRE,EL62	: 	: 	: 	: 	: 	: 	3.4 e	2.7 e	9 e	4.3 e	2.7 e	3.5 e	3.2 e	2.3 e	-9.1 e	-6.3 e	-13.1 e	-6.2 e	0.7 e	2.6 e	-1.9 e	-0.3 e	0.6 e	2 e	1.1 e	-21.5 e	12.9 e	9.7 e	2.9 e
A,B1GQ,PCH_PRE,EL63	: 	: 	: 	: 	: 	: 	4.4 e	3.2 e	5 e	6.2 e	1.6 e	7.5 e	1.8 e	-2.6 e	-6.7 e	-3.6 e	-11.2 e	-6.6 e	-4.1 e	1.3 e	-0.9 e	-1.3 e	0.6 e	-0.1 e	1.9 e	-8.7 e	6.8 e	7 e	0.7 e
A,B1GQ,PCH_PRE,EL64	: 	: 	: 	: 	: 	: 	3.7 e	1 e	5 e	0.7 e	3.1 e	-0.4 e	1.1 e	-2.4 e	-3.6 e	-6.3 e	-8.9 e	-7.5 e	-6.1 e	-2.1 e	-1.1 e	2.5 e	3.5 e	4 e	1.1 e	-4 e	6.5 e	-0.3 e	4.2 e
A,B1GQ,PCH_PRE,EL65	: 	: 	: 	: 	: 	: 	5.4 e	1.8 e	4.2 e	1.7 e	2.2 e	7.7 e	2.7 e	-0.6 e	-3.4 e	-5.5 e	-8 e	-6.5 e	-2.7 e	0.1 e	1.2 e	1.4 e	2.5 e	0.9 e	1.6 e	-9 e	5.8 e	6 e	1.4 e
A,B1GQ,PCH_PRE,ES	: 	: 	: 	: 	: 	: 	3.9 	2.8 	2.9 	3.1 	3.6 	4 	3.5 	0.8 	-3.8 	0.1 	-0.6 	-2.9 	-1.4 	1.5 	4.1 	2.9 	2.9 	2.4 	2 	-10.9 	6.7 	6.2 p	2.7 p
A,B1GQ,PCH_PRE,ES1	: 	: 	: 	: 	: 	: 	3.6 	2.5 	2.5 	3.1 	3.2 	4.1 	3.6 	1.3 	-4 	0.4 	-1.5 	-2.8 	-1.9 	0.7 	4 	2.3 	2.5 	2 	1.4 	-9.4 	6 	4.8 p	2.5 p
A,B1GQ,PCH_PRE,ES11	: 	: 	: 	: 	: 	: 	3.4 	2.6 	2.8 	3.7 	3.4 	4.3 	4 	1.6 	-3.7 	0.5 	-1.6 	-2.5 	-1.1 	0.8 	4.8 	2.6 	2.5 	2.1 	1.4 	-8.9 	6 	5 p	2.3 p
A,B1GQ,PCH_PRE,ES12	: 	: 	: 	: 	: 	: 	3.7 	2.2 	2.3 	2.1 	3 	4 	3 	0.8 	-4.9 	0.6 	-0.9 	-3.9 	-3 	-0.1 	2.8 	1.4 	2.1 	1.6 	1.3 	-10.3 	5.4 	4.4 p	2.8 p
A,B1GQ,PCH_PRE,ES13	: 	: 	: 	: 	: 	: 	4.3 	2.9 	1.4 	2.1 	3.1 	3 	3.1 	0.7 	-3.6 	-0.3 	-2.1 	-2.4 	-3.1 	1.5 	2.5 	2.4 	3 	2.2 	1.3 	-9.9 	7.1 	4.7 p	2.6 p
A,B1GQ,PCH_PRE,ES2	: 	: 	: 	: 	: 	: 	3.1 	2.4 	2.5 	2.8 	3.2 	3.8 	3.4 	1.2 	-4 	0.7 	-0.8 	-2.8 	-1.3 	1.6 	3.3 	2.5 	2.5 	2.2 	1.5 	-9.7 	6.1 	5.3 p	2.5 p
A,B1GQ,PCH_PRE,ES21	: 	: 	: 	: 	: 	: 	3.3 	1.6 	2 	2.7 	3.3 	3.7 	3 	1.2 	-3.8 	0.8 	-0.7 	-1.8 	-2.1 	1.8 	4 	2.6 	2.4 	2.1 	1.5 	-10.3 	6.4 	6.5 p	2.4 p
A,B1GQ,PCH_PRE,ES22	: 	: 	: 	: 	: 	: 	2.9 	2.9 	2.9 	3.3 	3.1 	4 	3.3 	1.9 	-4 	0.6 	0.3 	-3.2 	-1.1 	2 	3.5 	2.5 	3.6 	1.9 	2.3 	-10.1 	6.9 	5.2 p	2.1 p
A,B1GQ,PCH_PRE,ES23	: 	: 	: 	: 	: 	: 	2.6 	2.2 	4 	3.6 	3.6 	4.3 	3.9 	1.6 	-4.4 	0.7 	-1.2 	-3.5 	-2.6 	1.2 	3.7 	1.7 	0.8 	1.9 	1.4 	-8.7 	5 	5.1 p	4.2 p
A,B1GQ,PCH_PRE,ES24	: 	: 	: 	: 	: 	: 	2.8 	3.7 	2.7 	2.6 	3.1 	3.9 	4 	0.7 	-4.3 	0.3 	-1.6 	-4.4 	0.5 	1.2 	1.9 	2.6 	2.5 	2.6 	1.1 	-8.5 	5.5 	3.3 p	2.6 p
A,B1GQ,PCH_PRE,ES3	: 	: 	: 	: 	: 	: 	4.4 	2.7 	3 	3.6 	4.5 	4.8 	3.8 	1.5 	-2.2 	0.4 	0.8 	-1.5 	-1.8 	1.7 	4.5 	3.9 	3.8 	3 	2.9 	-10.2 	6.4 	8.1 p	2.5 p
A,B1GQ,PCH_PRE,ES30	: 	: 	: 	: 	: 	: 	4.4 	2.7 	3 	3.6 	4.5 	4.8 	3.8 	1.5 	-2.2 	0.4 	0.8 	-1.5 	-1.8 	1.7 	4.5 	3.9 	3.8 	3 	2.9 	-10.2 	6.4 	8.1 p	2.5 p
A,B1GQ,PCH_PRE,ES4	: 	: 	: 	: 	: 	: 	2.9 	3.3 	3.1 	2.9 	3.2 	3.7 	3.9 	1 	-3.2 	0.2 	-0.8 	-4.1 	-1.1 	-0.2 	3.4 	2.5 	1.9 	2.7 	1 	-8.5 	5.1 	2.8 p	3.1 p
A,B1GQ,PCH_PRE,ES41	: 	: 	: 	: 	: 	: 	2.1 	2.6 	2.5 	2.3 	2.5 	2.8 	3 	0 	-3.2 	0.2 	-0.3 	-3.7 	-2.1 	0.4 	2.9 	2.3 	1.2 	2.9 	0.7 	-8.6 	5 	3.5 p	3 p
A,B1GQ,PCH_PRE,ES42	: 	: 	: 	: 	: 	: 	4.2 	4.3 	4 	3.9 	4.3 	5.1 	5.4 	2.2 	-3.1 	-0.2 	-1.5 	-5.1 	-0.1 	-1.3 	4.1 	3.2 	2 	2.8 	1 	-7.9 	5.7 	2.6 p	3.3 p
A,B1GQ,PCH_PRE,ES43	: 	: 	: 	: 	: 	: 	2.9 	3.4 	3 	2.9 	3.4 	3.5 	3.7 	1.3 	-3.1 	1 	-0.9 	-3.2 	-0.7 	0.2 	3.2 	1.4 	3.7 	1.6 	1.9 	-9.3 	4.4 	1.2 p	2.7 p
A,B1GQ,PCH_PRE,ES5	: 	: 	: 	: 	: 	: 	4.4 	2.5 	2.7 	3.1 	3.5 	4 	3.4 	0.4 	-4.4 	0.1 	-1.4 	-3 	-1.2 	2.1 	4.3 	3 	3 	2.3 	2.1 	-12.4 	7.6 	6.9 p	2.7 p
A,B1GQ,PCH_PRE,ES51	: 	: 	: 	: 	: 	: 	4.4 	2.6 	3 	3.2 	3.5 	4 	3.4 	0.2 	-3.7 	0.5 	-1.5 	-2.8 	-1.2 	1.9 	4.5 	3.2 	2.8 	2.3 	2.2 	-11.9 	7.2 	6.5 p	2.5 p
A,B1GQ,PCH_PRE,ES52	: 	: 	: 	: 	: 	: 	5 	2.9 	2.5 	3.1 	3.4 	4 	3.2 	0.5 	-5.8 	-0.4 	-1.6 	-3.9 	-1.2 	2.3 	3.8 	2.3 	3.4 	2.2 	2 	-10.5 	7.6 	5.5 p	2.3 p
A,B1GQ,PCH_PRE,ES53	: 	: 	: 	: 	: 	: 	2.6 	0.7 	1.2 	2.1 	3.7 	3.6 	3.6 	1.6 	-4.1 	-0.6 	-0.1 	-1.3 	-1.2 	3.2 	4.3 	4.2 	3 	3 	1.9 	-22.7 	11.5 	16.1 p	5.7 p
A,B1GQ,PCH_PRE,ES6	: 	: 	: 	: 	: 	: 	3.8 	3.5 	3.9 	3.3 	3.4 	3.9 	3.5 	0.3 	-4.3 	-1.1 	-0.4 	-3.4 	-1.7 	1.8 	4.4 	2.6 	2.6 	2.1 	1.9 	-10.4 	6.6 	4.7 p	2.3 p
A,B1GQ,PCH_PRE,ES61	: 	: 	: 	: 	: 	: 	3.8 	3.6 	4 	3.4 	3.4 	4 	3.5 	0.1 	-4.1 	-1.3 	-0.3 	-3.5 	-1.9 	1.7 	3.8 	2.4 	2.5 	2.5 	1.9 	-10.8 	6.5 	4.9 p	2.4 p
A,B1GQ,PCH_PRE,ES62	: 	: 	: 	: 	: 	: 	4.2 	3.7 	3.7 	2.8 	4.2 	4.1 	4 	1.4 	-5.1 	0.2 	-1 	-2.8 	-1.1 	2.4 	7.6 	3.6 	3.1 	-0.2 	2.3 	-8.9 	7.2 	4 p	2 p
A,B1GQ,PCH_PRE,ES63	: 	: 	: 	: 	: 	: 	-3.2 	-2.2 	-0.3 	-1.8 	-1.6 	-1.4 	-0.2 	-1.6 	-4.3 	-1.4 	0.7 	-1.9 	0.8 	-0.3 	2.8 	1.7 	2.3 	2.1 	1.1 	-8.8 	3.6 	3.1 p	1.7 p
A,B1GQ,PCH_PRE,ES64	: 	: 	: 	: 	: 	: 	-3.2 	-3 	-0.8 	-1.8 	-1.3 	-1.3 	-1.9 	-2 	-4 	-2.4 	1.3 	-1.8 	0.6 	1.5 	2.9 	2.3 	2.4 	2.4 	1.6 	-9 	3.3 	3 p	1.8 p
A,B1GQ,PCH_PRE,ES7	: 	: 	: 	: 	: 	: 	4.6 	2.1 	3.1 	1.7 	2.8 	2.8 	3 	-0.2 	-4.5 	0.8 	-0.5 	-2.4 	-0.8 	0.7 	2.9 	2.5 	3.7 	2.4 	1.6 	-18.8 	8.6 	12.1 p	5.1 p
A,B1GQ,PCH_PRE,ES70	: 	: 	: 	: 	: 	: 	4.6 	2.1 	3.1 	1.7 	2.8 	2.8 	3 	-0.2 	-4.5 	0.8 	-0.5 	-2.4 	-0.8 	0.7 	2.9 	2.5 	3.7 	2.4 	1.6 	-18.8 	8.6 	12.1 p	5.1 p
A,B1GQ,PCH_PRE,ESZ	: 	: 	: 	: 	: 	: 	3.8 	0 	-8.7 	13.1 	6.5 	10.8 	-3.1 	1.3 	1.7 	5.1 	35.5 	-18.1 	5 	-2.2 	4.4 	-6.4 	-0.9 	1.4 	-0.3 	0.2 	0.5 	0.3 p	-0.8 p
A,B1GQ,PCH_PRE,ESZZ	: 	: 	: 	: 	: 	: 	3.8 	0 	-8.7 	13.1 	6.5 	10.8 	-3.1 	1.3 	1.7 	5.1 	35.5 	-18.1 	5 	-2.2 	4.4 	-6.4 	-0.9 	1.4 	-0.3 	0.2 	0.5 	0.3 p	-0.8 p
A,B1GQ,PCH_PRE,EU27_2020	: 	: 	: 	: 	: 	: 	2.4 	1.4 	1.3 	3 	2.4 	4 	3.6 	1.1 	-3.8 	2.7 	2.5 	-0.2 	0.5 	2.2 	2.9 	2.5 	3.4 	2.6 	2.4 	-5.5 	6.4 	3.5 	0.4 
A,B1GQ,PCH_PRE,FI	: 	: 	: 	: 	: 	: 	2.6 e	1.7 e	2 e	4 e	2.8 e	4 e	5.3 e	0.8 e	-8.1 e	3.2 e	2.4 e	-1.5 e	-1 e	-0.5 e	0.5 e	2.6 e	3.3 e	1.2 e	1.3 e	-2.5 e	2.7 e	0.8 e	-1.2 e
A,B1GQ,PCH_PRE,FI1	: 	: 	: 	: 	: 	: 	2.6 e	1.7 e	2.1 e	4 e	2.8 e	4 e	5.4 e	0.8 e	-8.2 e	3.2 e	2.4 e	-1.6 e	-1 e	-0.5 e	0.5 e	2.6 e	3.3 e	1.2 e	1.3 e	-2.4 e	2.6 e	0.7 e	-1.2 e
A,B1GQ,PCH_PRE,FI19	: 	: 	: 	: 	: 	: 	4.8 e	1.2 e	3 e	3 e	3.7 e	3.5 e	6.6 e	0.5 e	-9.2 e	2.8 e	4.1 e	-1.5 e	-3.6 e	-0.7 e	0.3 e	1.1 e	3 e	0.9 e	0.4 e	-1.7 e	3.8 e	1.9 e	1.6 e
A,B1GQ,PCH_PRE,FI1B	: 	: 	: 	: 	: 	: 	4.2 e	-0.5 e	0.6 e	4.1 e	3.4 e	5.1 e	6.6 e	2.3 e	-5.8 e	4 e	0.3 e	-2.5 e	1.6 e	-0.9 e	1.9 e	2.8 e	3.3 e	2.1 e	2.7 e	-3.2 e	3.4 e	-0.6 e	-2.6 e
A,B1GQ,PCH_PRE,FI1C	: 	: 	: 	: 	: 	: 	0.4 e	4 e	1.6 e	4.6 e	1.5 e	2.8 e	4.3 e	-0.2 e	-10.1 e	0.8 e	5.1 e	-0.8 e	-2.9 e	0.1 e	-0.6 e	2.4 e	4.5 e	0.3 e	0.3 e	-2.5 e	1.9 e	0 e	-1.2 e
A,B1GQ,PCH_PRE,FI1D	: 	: 	: 	: 	: 	: 	-0.6 e	4.1 e	4.3 e	4.4 e	1.9 e	3.9 e	2.7 e	-0.7 e	-9.5 e	4.5 e	2.1 e	-0.6 e	-1 e	0.1 e	-0.9 e	4.2 e	2.6 e	0.8 e	0.6 e	-1.5 e	0.4 e	2.8 e	-1.7 e
A,B1GQ,PCH_PRE,FI2	: 	: 	: 	: 	: 	: 	13.6 e	-0.9 e	-1.9 e	2.5 e	3.1 e	1.1 e	-1 e	-6 e	7.6 e	0.1 e	1.4 e	6.4 e	1.4 e	-0.1 e	-4.5 e	-1.8 e	0.6 e	-7.5 e	3.1 e	-13.8 e	12.2 e	5.4 e	3.4 e
A,B1GQ,PCH_PRE,FI20	: 	: 	: 	: 	: 	: 	13.6 e	-0.9 e	-1.9 e	2.5 e	3.1 e	1.1 e	-1 e	-6 e	7.6 e	0.1 e	1.4 e	6.4 e	1.4 e	-0.1 e	-4.5 e	-1.8 e	0.6 e	-7.5 e	3.1 e	-13.8 e	12.2 e	5.4 e	3.4 e
A,B1GQ,PCH_PRE,FIZ	: 	: 	: 	: 	: 	: 	-14.8 e	-14.2 e	-44.2 e	-4.8 e	-8.2 e	13.3 e	0.3 e	-9.4 e	-1.7 e	5.2 e	11.8 e	-8 e	-26.7 e	-0.5 e	-9.1 e	-3 e	5.3 e	22 e	27.4 e	-13.6 e	1.8 e	4.9 e	2.2 e
A,B1GQ,PCH_PRE,FIZZ	: 	: 	: 	: 	: 	: 	-14.8 e	-14.2 e	-44.2 e	-4.8 e	-8.2 e	13.3 e	0.3 e	-9.4 e	-1.7 e	5.2 e	11.8 e	-8 e	-26.7 e	-0.5 e	-9.1 e	-3 e	5.3 e	22 e	27.4 e	-13.6 e	1.8 e	4.9 e	2.2 e
A,B1GQ,PCH_PRE,FR	: 	: 	: 	: 	: 	: 	1.9 	1.1 	1 	2.9 	1.9 	2.7 	2.5 	0.4 	-2.8 	2 	2.4 	0.2 	0.8 	1 	1.1 	0.9 	2.1 	1.6 	2 	-7.4 	6.9 	2.6 p	0.9 p
A,B1GQ,PCH_PRE,FR1	: 	: 	: 	: 	: 	: 	1.4 p	1.5 p	0.3 p	1.9 p	2.5 p	1.9 p	3.9 p	1.5 p	-3 p	4.9 p	1 p	1.2 p	1.7 p	0.9 p	1.3 p	1.5 p	2.1 p	2.2 p	3 p	-10.2 p	4.8 p	4 p	4.1 p
A,B1GQ,PCH_PRE,FR10	: 	: 	: 	: 	: 	: 	1.4 p	1.5 p	0.3 p	1.9 p	2.5 p	1.9 p	3.9 p	1.5 p	-3 p	4.9 p	1 p	1.2 p	1.7 p	0.9 p	1.3 p	1.5 p	2.1 p	2.2 p	3 p	-10.2 p	4.8 p	4 p	4.1 p
A,B1GQ,PCH_PRE,FRB	: 	: 	: 	: 	: 	: 	1.8 p	0.3 p	0.7 p	2.7 p	0.6 p	2.1 p	1.9 p	-2.8 p	-2.4 p	0.9 p	2.1 p	-0.5 p	0.2 p	0 p	0.6 p	-0.3 p	1.7 p	0.7 p	1.1 p	-6.3 p	6.5 p	-0.2 p	4.4 p
A,B1GQ,PCH_PRE,FRB0	: 	: 	: 	: 	: 	: 	1.8 p	0.3 p	0.7 p	2.7 p	0.6 p	2.1 p	1.9 p	-2.8 p	-2.4 p	0.9 p	2.1 p	-0.5 p	0.2 p	0 p	0.6 p	-0.3 p	1.7 p	0.7 p	1.1 p	-6.3 p	6.5 p	-0.2 p	4.4 p
A,B1GQ,PCH_PRE,FRC	: 	: 	: 	: 	: 	: 	1 p	0.2 p	0 p	2.7 p	-0.1 p	1.7 p	2.8 p	0 p	-3.9 p	-1 p	2.6 p	-2.6 p	-0.1 p	1.3 p	0 p	-0.6 p	2.5 p	0.5 p	0.8 p	-5.7 p	6.5 p	-0.1 p	-1.5 p
A,B1GQ,PCH_PRE,FRC1	: 	: 	: 	: 	: 	: 	-0.1 p	0.2 p	0 p	3.4 p	0 p	2.3 p	3.5 p	0.2 p	-4.1 p	-1.5 p	2.9 p	-1.1 p	0.1 p	1.2 p	-0.7 p	-1.8 p	3.4 p	1.2 p	0 p	-5.6 p	7.7 p	1.4 p	-0.8 p
A,B1GQ,PCH_PRE,FRC2	: 	: 	: 	: 	: 	: 	2.5 p	0.1 p	0 p	1.8 p	-0.3 p	0.9 p	1.8 p	-0.4 p	-3.7 p	-0.4 p	2.1 p	-4.8 p	-0.5 p	1.3 p	1 p	1.3 p	1.1 p	-0.6 p	2.1 p	-5.8 p	4.6 p	-2.3 p	-2.5 p
A,B1GQ,PCH_PRE,FRD	: 	: 	: 	: 	: 	: 	0.3 p	0.6 p	1.4 p	2.7 p	0.6 p	1.9 p	2.5 p	-0.4 p	-3.6 p	1.6 p	2.5 p	-0.7 p	0.4 p	-0.3 p	0.8 p	-1.2 p	0.1 p	0.2 p	0.9 p	-6.6 p	10.4 p	3.8 p	0.6 p
A,B1GQ,PCH_PRE,FRD1	: 	: 	: 	: 	: 	: 	0.1 p	1.2 p	1.9 p	3.4 p	0.5 p	2.4 p	1.3 p	0.3 p	-3.1 p	0.3 p	3.2 p	-1.9 p	0.6 p	-0.5 p	0.5 p	0.1 p	-0.8 p	1 p	1.4 p	-5.8 p	10 p	1 p	4 p
A,B1GQ,PCH_PRE,FRD2	: 	: 	: 	: 	: 	: 	0.4 p	0.2 p	1.1 p	2.1 p	0.7 p	1.6 p	3.4 p	-0.9 p	-4 p	2.5 p	1.9 p	0.1 p	0.3 p	-0.1 p	0.9 p	-2 p	0.7 p	-0.4 p	0.5 p	-7.2 p	10.7 p	5.9 p	-1.9 p
A,B1GQ,PCH_PRE,FRE	: 	: 	: 	: 	: 	: 	1 p	1.1 p	1.3 p	1.7 p	1.3 p	2.4 p	2.5 p	1 p	-3.4 p	0.4 p	2.5 p	-0.9 p	0.5 p	0.4 p	1.1 p	-0.3 p	2.5 p	0.6 p	1 p	-5.9 p	6.5 p	0.8 p	-1.6 p
A,B1GQ,PCH_PRE,FRE1	: 	: 	: 	: 	: 	: 	1 p	1.5 p	1.4 p	2.2 p	1.5 p	3.2 p	2.3 p	1.8 p	-3.2 p	0.1 p	2.7 p	-1.3 p	0.9 p	0.8 p	0.8 p	0.5 p	2.2 p	1.1 p	0.9 p	-5.6 p	7.2 p	0.7 p	0.6 p
A,B1GQ,PCH_PRE,FRE2	: 	: 	: 	: 	: 	: 	1 p	0.2 p	1 p	0.7 p	0.8 p	0.7 p	2.9 p	-0.8 p	-3.8 p	1.1 p	2 p	-0.1 p	-0.3 p	-0.7 p	1.8 p	-2.1 p	3.1 p	-0.5 p	1.3 p	-6.6 p	5 p	1.1 p	-6.4 p
A,B1GQ,PCH_PRE,FRF	: 	: 	: 	: 	: 	: 	0.4 p	0.1 p	0.1 p	3.2 p	-0.1 p	1.8 p	2.4 p	-0.6 p	-3.7 p	-0.8 p	3 p	-2.1 p	0.6 p	0.6 p	-0.1 p	-0.3 p	2.2 p	1.2 p	0.6 p	-6.9 p	5.2 p	2.3 p	-0.7 p
A,B1GQ,PCH_PRE,FRF1	: 	: 	: 	: 	: 	: 	0.7 p	0.1 p	0.3 p	1.7 p	-0.2 p	2.3 p	3.4 p	1.2 p	-2.8 p	-1.1 p	3 p	-1.3 p	1.1 p	1 p	0.3 p	1.4 p	2.1 p	2 p	1.2 p	-7.1 p	5.4 p	0.9 p	-1.3 p
A,B1GQ,PCH_PRE,FRF2	: 	: 	: 	: 	: 	: 	-1.7 p	-0.3 p	-1 p	5.7 p	-0.7 p	1.1 p	3.1 p	-0.9 p	-5.7 p	0.2 p	5.3 p	-3.5 p	0.2 p	-0.7 p	-0.5 p	-2.1 p	3 p	1.5 p	-0.1 p	-7.4 p	8.9 p	7.2 p	-0.3 p
A,B1GQ,PCH_PRE,FRF3	: 	: 	: 	: 	: 	: 	1.4 p	0.3 p	0.7 p	3 p	0.3 p	1.7 p	1.2 p	-2 p	-3.3 p	-1.2 p	1.5 p	-1.9 p	0.3 p	0.9 p	-0.1 p	-0.9 p	1.8 p	0.2 p	0.6 p	-6.4 p	2.6 p	0.4 p	-0.4 p
A,B1GQ,PCH_PRE,FRG	: 	: 	: 	: 	: 	: 	3.1 p	1.3 p	1.6 p	2.5 p	2.1 p	2.3 p	2.9 p	2 p	-3.1 p	0 p	4.8 p	0 p	1.1 p	1.4 p	1.6 p	1.1 p	2.3 p	1.6 p	2.6 p	-4.3 p	5.1 p	0 p	1.1 p
A,B1GQ,PCH_PRE,FRG0	: 	: 	: 	: 	: 	: 	3.1 p	1.3 p	1.6 p	2.5 p	2.1 p	2.3 p	2.9 p	2 p	-3.1 p	0 p	4.8 p	0 p	1.1 p	1.4 p	1.6 p	1.1 p	2.3 p	1.6 p	2.6 p	-4.3 p	5.1 p	0 p	1.1 p
A,B1GQ,PCH_PRE,FRH	: 	: 	: 	: 	: 	: 	2 p	0.9 p	1.8 p	5.4 p	2.6 p	2.8 p	1.4 p	-1.9 p	-3.1 p	0.1 p	3.7 p	0.2 p	1.1 p	1.8 p	1.4 p	1.5 p	2.9 p	0.6 p	2.3 p	-4.9 p	4.6 p	2 p	0.8 p
A,B1GQ,PCH_PRE,FRH0	: 	: 	: 	: 	: 	: 	2 p	0.9 p	1.8 p	5.4 p	2.6 p	2.8 p	1.4 p	-1.9 p	-3.1 p	0.1 p	3.7 p	0.2 p	1.1 p	1.8 p	1.4 p	1.5 p	2.9 p	0.6 p	2.3 p	-4.9 p	4.6 p	2 p	0.8 p
A,B1GQ,PCH_PRE,FRI	: 	: 	: 	: 	: 	: 	3.3 p	2.1 p	0.9 p	2.2 p	2 p	3.2 p	2.3 p	-1.6 p	-1.4 p	1 p	3.4 p	0.3 p	0.1 p	1.5 p	0.8 p	0.8 p	1.8 p	1.8 p	2.1 p	-5.9 p	7.1 p	0.6 p	1.6 p
A,B1GQ,PCH_PRE,FRI1	: 	: 	: 	: 	: 	: 	4.3 p	1.9 p	0.7 p	2.3 p	2.5 p	3.9 p	2 p	-1.5 p	-0.9 p	1.9 p	3.7 p	0.1 p	-0.3 p	1.6 p	1.3 p	1.6 p	1.7 p	2.1 p	2 p	-6.3 p	8 p	2 p	1.7 p
A,B1GQ,PCH_PRE,FRI2	: 	: 	: 	: 	: 	: 	1.6 p	2.7 p	0.5 p	0.2 p	2.7 p	2.2 p	1.5 p	-2.3 p	-2.2 p	-3.1 p	1.9 p	-0.8 p	1.7 p	1 p	0.5 p	-1.7 p	1.8 p	-0.1 p	3.4 p	-5.2 p	4.7 p	-4.9 p	-0.7 p
A,B1GQ,PCH_PRE,FRI3	: 	: 	: 	: 	: 	: 	2 p	2.1 p	1.5 p	3 p	0.6 p	2.2 p	3.2 p	-1.6 p	-2.2 p	0.9 p	3.6 p	1.2 p	0.3 p	1.5 p	-0.1 p	-0.1 p	2.1 p	1.7 p	2 p	-5.5 p	6.2 p	0 p	2.3 p
A,B1GQ,PCH_PRE,FRJ	: 	: 	: 	: 	: 	: 	4.4 p	1.7 p	2.3 p	3.6 p	3.3 p	5 p	0.8 p	0.6 p	-1.1 p	0.2 p	3.8 p	1 p	0.8 p	1.9 p	1.3 p	1.3 p	1.7 p	2.1 p	2.2 p	-7.3 p	10.2 p	2.7 p	4 p
A,B1GQ,PCH_PRE,FRJ1	: 	: 	: 	: 	: 	: 	3.5 p	1.5 p	3.5 p	3.7 p	2.5 p	4 p	2.3 p	0.8 p	-1.2 p	1.1 p	3.4 p	-0.5 p	-0.3 p	1.1 p	0.9 p	1.1 p	1.9 p	1.5 p	2.4 p	-4.8 p	12.1 p	3 p	4.5 p
A,B1GQ,PCH_PRE,FRJ2	: 	: 	: 	: 	: 	: 	5.2 p	1.8 p	1.3 p	3.4 p	4 p	5.8 p	-0.5 p	0.5 p	-0.9 p	-0.5 p	4.1 p	2.2 p	1.7 p	2.5 p	1.7 p	1.5 p	1.6 p	2.6 p	2.1 p	-9.2 p	8.6 p	2.4 p	3.6 p
A,B1GQ,PCH_PRE,FRK	: 	: 	: 	: 	: 	: 	1.6 p	0.1 p	0.9 p	4.5 p	1.6 p	3.7 p	1.9 p	1.3 p	-3.5 p	1.6 p	3.9 p	-0.2 p	0.7 p	1.1 p	1.2 p	1.6 p	2.6 p	2.5 p	1.8 p	-6.3 p	5 p	0.5 p	2.8 p
A,B1GQ,PCH_PRE,FRK1	: 	: 	: 	: 	: 	: 	0.6 p	1 p	0.8 p	3 p	1.2 p	1.6 p	2.5 p	-2.4 p	-3 p	-0.7 p	4.6 p	-0.8 p	1.4 p	0.9 p	1.1 p	0 p	4.4 p	1.1 p	1.6 p	-6 p	4 p	-1.1 p	-1.3 p
A,B1GQ,PCH_PRE,FRK2	: 	: 	: 	: 	: 	: 	1.8 p	-0.1 p	0.9 p	4.8 p	1.7 p	4 p	1.8 p	2 p	-3.6 p	2 p	3.7 p	-0.2 p	0.5 p	1.2 p	1.3 p	1.9 p	2.3 p	2.7 p	1.8 p	-6.4 p	5.2 p	0.7 p	3.5 p
A,B1GQ,PCH_PRE,FRL	: 	: 	: 	: 	: 	: 	3.2 p	0.8 p	2 p	4.3 p	3.2 p	3.3 p	1.1 p	-0.5 p	-1.7 p	3.5 p	1.3 p	1.6 p	-0.8 p	0.9 p	0.8 p	0.6 p	2.1 p	1.5 p	1.4 p	-7.1 p	17 p	6.5 p	-12.9 p
A,B1GQ,PCH_PRE,FRL0	: 	: 	: 	: 	: 	: 	3.2 p	0.8 p	2 p	4.3 p	3.2 p	3.3 p	1.1 p	-0.5 p	-1.7 p	3.5 p	1.3 p	1.6 p	-0.8 p	0.9 p	0.8 p	0.6 p	2.1 p	1.5 p	1.4 p	-7.1 p	17 p	6.5 p	-12.9 p
A,B1GQ,PCH_PRE,FRM	: 	: 	: 	: 	: 	: 	4.1 p	0.9 p	2.9 p	3.7 p	4.5 p	5.2 p	0.1 p	6.7 p	2.9 p	0.4 p	4.5 p	0.1 p	1 p	1 p	2.1 p	0.6 p	2.9 p	2.5 p	1.4 p	-8.6 p	28 p	17.6 p	-4.1 p
A,B1GQ,PCH_PRE,FRM0	: 	: 	: 	: 	: 	: 	4.1 p	0.9 p	2.9 p	3.7 p	4.5 p	5.2 p	0.1 p	6.7 p	2.9 p	0.4 p	4.5 p	0.1 p	1 p	1 p	2.1 p	0.6 p	2.9 p	2.5 p	1.4 p	-8.6 p	28 p	17.6 p	-4.1 p
A,B1GQ,PCH_PRE,FRY	: 	: 	: 	: 	: 	: 	4.5 p	2.5 p	3.1 p	3.1 p	2 p	2.5 p	0.9 p	0.6 p	-3.9 p	0.2 p	1.3 p	-0.5 p	-0.7 p	2 p	1.4 p	0.9 p	0.9 p	0.1 p	1.2 p	-5.2 p	8.5 p	3.9 p	0.6 p
A,B1GQ,PCH_PRE,FRY1	: 	: 	: 	: 	: 	: 	-13.6 p	-12.5 p	-10.4 p	-13.6 p	-14.4 p	-15.4 p	-17.7 p	-15 p	-21.5 p	-14.1 p	-14.4 p	-15.8 p	-16.4 p	-13.6 p	-15.1 p	-14.3 p	-15.2 p	-14.5 p	-14.2 p	-22.5 p	12.3 p	5.8 p	-0.7 p
A,B1GQ,PCH_PRE,FRY2	: 	: 	: 	: 	: 	: 	9.8 p	7.4 p	10 p	7.8 p	7.1 p	7.6 p	6 p	7.3 p	2.3 p	8.8 p	7.6 p	5.7 p	5.5 p	9.2 p	7.3 p	4.9 p	6.5 p	4.8 p	5.7 p	0.2 p	3.8 p	5.5 p	0.4 p
A,B1GQ,PCH_PRE,FRY3	: 	: 	: 	: 	: 	: 	30.4 p	18 p	8.4 p	17.3 p	13.7 p	19.4 p	12 p	15.7 p	17.8 p	17.5 p	10.9 p	11.4 p	8.2 p	9.6 p	7.3 p	10 p	6.1 p	11.6 p	7.2 p	2 p	19.3 p	0.6 p	-3 p
A,B1GQ,PCH_PRE,FRY4	: 	: 	: 	: 	: 	: 	5.4 p	3.9 p	4.2 p	5.2 p	4.1 p	4.1 p	4.5 p	0.3 p	-3.4 p	-2 p	2.8 p	0 p	0.4 p	2.8 p	3.1 p	2.5 p	2.6 p	0.7 p	2.5 p	-3.5 p	6.8 p	2.7 p	1.7 p
A,B1GQ,PCH_PRE,FRY5	: 	: 	: 	: 	: 	: 	14.2 p	11.8 p	20.1 p	21 p	19.2 p	22.8 p	13.7 p	23.4 p	7.1 p	14.9 p	12.2 p	13.8 p	16.6 p	18.9 p	21.7 p	15.4 p	19.6 p	11.3 p	21 p	12.3 p	5.8 p	6.3 p	3.7 p
A,B1GQ,PCH_PRE,FRZ	: 	: 	: 	: 	: 	: 	15.3 p	14.1 p	3.7 p	-0.3 p	3.5 p	224.1 p	6.8 p	-46.9 p	8.9 p	6.7 p	10 p	10.6 p	10 p	7.4 p	15 p	11.6 p	13.3 p	10.4 p	11.3 p	9 p	2.9 p	-3.1 p	-5.1 p
A,B1GQ,PCH_PRE,FRZZ	: 	: 	: 	: 	: 	: 	15.3 p	14.1 p	3.7 p	-0.3 p	3.5 p	224.1 p	6.8 p	-46.9 p	8.9 p	6.7 p	10 p	10.6 p	10 p	7.4 p	15 p	11.6 p	13.3 p	10.4 p	11.3 p	9 p	2.9 p	-3.1 p	-5.1 p
A,B1GQ,PCH_PRE,HR	: 	: 	: 	: 	: 	: 	3.1 e	5.8 e	5.6 e	4.2 e	4.3 e	5.1 e	5 e	2 e	-6.8 e	-1.3 e	-0.1 e	-2.3 e	-0.1 e	-0.6 e	2.3 e	3.5 e	3.3 e	2.9 e	3.1 e	-8.3 e	12.6 e	7.3 e	3.3 e
A,B1GQ,PCH_PRE,HR0	: 	: 	: 	: 	: 	: 	3.1 e	5.8 e	5.6 e	4.2 e	4.3 e	5.1 e	5 e	2 e	-6.8 e	-1.3 e	-0.1 e	-2.3 e	-0.1 e	-0.6 e	2.3 e	3.5 e	3.3 e	2.9 e	3.1 e	-8.3 e	12.6 e	7.3 e	3.3 e
A,B1GQ,PCH_PRE,HR02	: 	: 	: 	: 	: 	: 	3 e	4.8 e	1.4 e	2.4 e	2.2 e	8.1 e	2 e	3.5 e	-7.5 e	-5.9 e	-0.3 e	-4.2 e	-1 e	-3.5 e	2.4 e	2.4 e	0.6 e	1.7 e	3.1 e	-4.9 e	11.1 e	4.7 e	2.9 e
A,B1GQ,PCH_PRE,HR03	: 	: 	: 	: 	: 	: 	1.9 e	4.5 e	8.7 e	6.1 e	3.2 e	4.3 e	6.4 e	0.9 e	-7.2 e	-2.8 e	-1 e	-2 e	0.1 e	0.9 e	2 e	3.8 e	3.8 e	1.7 e	1.5 e	-13.8 e	17.1 e	11.3 e	2.6 e
A,B1GQ,PCH_PRE,HR05	: 	: 	: 	: 	: 	: 	6 e	5.8 e	7.4 e	5.2 e	6.5 e	4.8 e	5.3 e	2 e	-6.2 e	5.6 e	0.3 e	-1.4 e	-1.5 e	0 e	2.5 e	3.3 e	3.6 e	4.1 e	3.9 e	-7.2 e	10.5 e	4.8 e	4.9 e
A,B1GQ,PCH_PRE,HR06	: 	: 	: 	: 	: 	: 	0.5 e	9.6 e	2.1 e	0.7 e	5.2 e	3.3 e	5.9 e	2.1 e	-6.3 e	-6.7 e	1.2 e	-2.2 e	3.5 e	-1.1 e	2.5 e	4.3 e	4.7 e	4.4 e	4.7 e	-3.5 e	10.7 e	7.7 e	1.9 e
A,B1GQ,PCH_PRE,HU	: 	: 	: 	: 	: 	: 	4.1 e	4.7 e	3.9 e	5 e	4.3 e	3.9 e	0.3 e	1 e	-6.7 e	1.1 e	1.9 e	-1.3 e	2 e	4.3 e	3.7 e	2.4 e	4.1 e	5.6 e	5.1 e	-4.3 e	7.1 e	4.3 e	-0.9 e
A,B1GQ,PCH_PRE,HU1	: 	: 	: 	: 	: 	: 	4.3 e	8 e	3 e	5.2 e	6.4 e	5.3 e	1.7 e	0.2 e	-3.2 e	-0.9 e	1.7 e	-0.9 e	-0.7 e	5.5 e	2.4 e	1.5 e	5 e	6.2 e	8.2 e	-3.6 e	8.3 e	6.7 e	0.2 e
A,B1GQ,PCH_PRE,HU11	: 	: 	: 	: 	: 	: 	2.6 e	8.2 e	1.6 e	5 e	5.8 e	5.8 e	-0.5 e	1.7 e	-2.4 e	-2.5 e	2.9 e	0.4 e	-1.6 e	5.9 e	1.4 e	2 e	5.3 e	6.1 e	8.6 e	-4.4 e	7.3 e	5.6 e	1.1 e
A,B1GQ,PCH_PRE,HU12	: 	: 	: 	: 	: 	: 	11 e	7.3 e	8.2 e	6 e	8.3 e	3.5 e	9.9 e	-4.6 e	-6.1 e	4.8 e	-2.2 e	-5.6 e	2.9 e	3.7 e	6.3 e	-0.1 e	4 e	6.5 e	7.1 e	-1 e	11.9 e	10.3 e	-2.8 e
A,B1GQ,PCH_PRE,HU2	: 	: 	: 	: 	: 	: 	1.6 e	2.5 e	6.2 e	3.9 e	2.1 e	3.3 e	1.4 e	0.8 e	-11.7 e	5.5 e	2.4 e	-2.2 e	4.8 e	3.6 e	5.3 e	4.2 e	2.4 e	4.1 e	2.6 e	-6.7 e	7 e	3.9 e	-3.2 e
A,B1GQ,PCH_PRE,HU21	: 	: 	: 	: 	: 	: 	2.6 e	0.1 e	6.3 e	7.3 e	5 e	0.9 e	4.8 e	-0.9 e	-16.3 e	5.5 e	4.1 e	-3.4 e	3.7 e	3.5 e	7 e	6 e	1.5 e	4.8 e	4.5 e	-7.2 e	11.2 e	4.2 e	-4.7 e
A,B1GQ,PCH_PRE,HU22	: 	: 	: 	: 	: 	: 	-0.6 e	3.9 e	10 e	0.6 e	0.3 e	6.5 e	0.2 e	0.5 e	-10.9 e	8.4 e	2.1 e	-0.6 e	5.2 e	6.2 e	5.7 e	2.8 e	2.1 e	2.5 e	1.5 e	-7.3 e	3.8 e	5 e	-1.5 e
A,B1GQ,PCH_PRE,HU23	: 	: 	: 	: 	: 	: 	3.3 e	3.9 e	0.8 e	4.1 e	0.5 e	2.3 e	-1.8 e	3.8 e	-5.6 e	1.1 e	0.1 e	-2.9 e	5.7 e	-0.2 e	1.8 e	3.7 e	4.6 e	5.6 e	1.4 e	-4.8 e	5.1 e	1.8 e	-3 e
A,B1GQ,PCH_PRE,HU3	: 	: 	: 	: 	: 	: 	6.3 e	2 e	3.2 e	5.6 e	3.1 e	2.2 e	-3.2 e	2.6 e	-8.2 e	0.6 e	1.8 e	-1.2 e	4.3 e	3 e	4.2 e	2.3 e	4.3 e	6.1 e	2 e	-3.3 e	5.1 e	0.1 e	-0.8 e
A,B1GQ,PCH_PRE,HU31	: 	: 	: 	: 	: 	: 	6.3 e	3.1 e	2.8 e	5.3 e	5.4 e	1.6 e	-1.8 e	-2.2 e	-12.1 e	1.1 e	0.8 e	-1.2 e	5.2 e	3 e	7 e	3.1 e	6 e	4.4 e	0.2 e	-3.1 e	5.8 e	-1.4 e	-4.2 e
A,B1GQ,PCH_PRE,HU32	: 	: 	: 	: 	: 	: 	9.1 e	1.1 e	4.8 e	4.5 e	2.1 e	2.7 e	-3.9 e	3.8 e	-6 e	1.4 e	3 e	-1.4 e	2 e	3.9 e	1.8 e	1.5 e	4.6 e	6.2 e	3.4 e	-3.3 e	4.9 e	1 e	1.6 e
A,B1GQ,PCH_PRE,HU33	: 	: 	: 	: 	: 	: 	3.3 e	2 e	1.9 e	7 e	2.3 e	2.3 e	-3.8 e	5.5 e	-7.4 e	-0.7 e	1.3 e	-0.9 e	6.1 e	2.2 e	4.6 e	2.6 e	2.5 e	7.4 e	2 e	-3.5 e	4.8 e	0.5 e	-0.7 e
A,B1GQ,PCH_PRE,IE	: 	: 	: 	: 	: 	: 	5.3 e	5.9 e	3 e	6.8 e	5.7 e	5 e	5.3 e	-4.5 e	-5.1 e	1.7 e	1.6 e	-0.4 e	2.2 e	9.3 e	24.6 e	1.2 e	10 e	7.5 e	5 e	7.2 e	16.3 e	8.6 e	-5.5 e
A,B1GQ,PCH_PRE,IE0	: 	: 	: 	: 	: 	: 	5.3 e	5.9 e	3 e	6.8 e	5.7 e	5 e	5.3 e	-4.5 e	-5.1 e	1.7 e	1.6 e	-0.4 e	2.2 e	9.3 e	24.6 e	1.2 e	10 e	7.5 e	5 e	7.2 e	16.3 e	8.6 e	-5.5 e
A,B1GQ,PCH_PRE,IE04	: 	: 	: 	: 	: 	: 	4.5 e	5.3 e	2.9 e	7 e	7.1 e	-0.5 e	8.1 e	-1.9 e	-13.4 e	12.2 e	-5.3 e	-5.4 e	2.5 e	9.9 e	0.8 e	2.5 e	3.1 e	3.9 e	2.5 e	13.1 e	12.9 e	6.3 e	2.9 e
A,B1GQ,PCH_PRE,IE05	: 	: 	: 	: 	: 	: 	4.9 e	6.4 e	2.8 e	5.3 e	4.3 e	4.8 e	5.1 e	-8 e	0.5 e	-0.4 e	2 e	-1.3 e	-5.8 e	9.2 e	72.4 e	-4.3 e	11.3 e	3.5 e	5.8 e	10.2 e	21.4 e	10.1 e	-10.9 e
A,B1GQ,PCH_PRE,IE06	: 	: 	: 	: 	: 	: 	5.7 e	5.8 e	3.2 e	7.5 e	6.2 e	6.2 e	4.9 e	-3.2 e	-6.1 e	0.8 e	2.8 e	1 e	6 e	9.3 e	8.2 e	5.2 e	10.3 e	10.9 e	4.9 e	4.5 e	13.5 e	8 e	-3 e
A,B1GQ,PCH_PRE,IT	: 	: 	: 	: 	: 	: 	2 e	0.3 e	0.1 e	1.4 e	0.8 e	1.8 e	1.5 e	-1 e	-5.3 e	1.7 e	0.7 e	-3 e	-1.8 e	0 e	0.8 e	1.3 e	1.7 e	0.9 e	0.5 e	-9 e	8.3 e	4.7 e	0.7 e
A,B1GQ,PCH_PRE,ITC	: 	: 	: 	: 	: 	: 	2.2 e	0.7 e	0.5 e	0.9 e	1 e	1.4 e	1.5 e	0.5 e	-6.6 e	3.8 e	0.7 e	-3.4 e	-1.7 e	0.3 e	0.9 e	1.6 e	2.3 e	1.3 e	0 e	-8.4 e	9.2 e	3.9 e	0.7 e
A,B1GQ,PCH_PRE,ITC1	: 	: 	: 	: 	: 	: 	1.6 e	0 e	0.7 e	1.3 e	1.1 e	1.8 e	0.8 e	-2 e	-8.4 e	3.6 e	1 e	-4.9 e	-0.1 e	-1.1 e	1.2 e	1.3 e	2.9 e	1 e	-0.5 e	-9.6 e	8.3 e	3.5 e	0.2 e
A,B1GQ,PCH_PRE,ITC2	: 	: 	: 	: 	: 	: 	1.1 e	0.1 e	4.3 e	-1 e	-0.4 e	1 e	0.2 e	0.1 e	-5.6 e	4.3 e	-0.2 e	-0.9 e	-5.2 e	-1.8 e	-1.3 e	-2 e	2.4 e	1 e	-0.3 e	-9.8 e	5.2 e	5.2 e	1.5 e
A,B1GQ,PCH_PRE,ITC3	: 	: 	: 	: 	: 	: 	2.6 e	-2.6 e	0.6 e	0.6 e	0.9 e	0.4 e	2.4 e	-0.2 e	-6.4 e	-0.9 e	0.5 e	-3.5 e	-3.1 e	0.7 e	-0.3 e	0.5 e	1.3 e	-0.7 e	0.3 e	-11.5 e	7.4 e	3.8 e	1.8 e
A,B1GQ,PCH_PRE,ITC4	: 	: 	: 	: 	: 	: 	2.4 e	1.4 e	0.5 e	0.8 e	1 e	1.3 e	1.7 e	1.6 e	-6 e	4.6 e	0.6 e	-2.9 e	-2 e	0.8 e	0.9 e	1.9 e	2.1 e	1.7 e	0.2 e	-7.5 e	9.8 e	4 e	0.7 e
A,B1GQ,PCH_PRE,ITF	: 	: 	: 	: 	: 	: 	1.6 e	-0.4 e	-1.1 e	0.3 e	0.2 e	1.7 e	1 e	-2 e	-4.7 e	-0.7 e	-0.1 e	-2.2 e	-3 e	-0.5 e	1.6 e	0.5 e	0.8 e	0.5 e	0.3 e	-8.6 e	7.8 e	5.2 e	1.3 e
A,B1GQ,PCH_PRE,ITF1	: 	: 	: 	: 	: 	: 	1.8 e	-0.9 e	-1.2 e	-2.2 e	2.5 e	2.1 e	1.7 e	0.1 e	-6 e	2.2 e	2.7 e	-1.7 e	-2.5 e	-1.4 e	-0.1 e	0.3 e	0.7 e	-0.1 e	0.6 e	-9.1 e	7.8 e	5.5 e	2.2 e
A,B1GQ,PCH_PRE,ITF2	: 	: 	: 	: 	: 	: 	1.9 e	-0.3 e	-1.2 e	1.3 e	-0.8 e	2.4 e	0.8 e	-4.6 e	-4.1 e	-1.5 e	-1.4 e	-3.8 e	-7.4 e	-1.2 e	1.7 e	0.5 e	1.7 e	1.1 e	1.4 e	-8.3 e	6.4 e	3 e	1.2 e
A,B1GQ,PCH_PRE,ITF3	: 	: 	: 	: 	: 	: 	2 e	0.9 e	-1 e	0.1 e	-0.1 e	1.4 e	1.3 e	-2 e	-4.6 e	-2 e	-1.2 e	-2.4 e	-2.9 e	0 e	1.7 e	0.4 e	1 e	0.4 e	0.7 e	-9.3 e	7.6 e	6.1 e	1.3 e
A,B1GQ,PCH_PRE,ITF4	: 	: 	: 	: 	: 	: 	0.9 e	-1.3 e	-1.4 e	0.6 e	0.4 e	2.1 e	0.3 e	-2.9 e	-4.4 e	0.7 e	0.4 e	-1.2 e	-3.4 e	-0.2 e	1.1 e	0.7 e	0.7 e	1 e	0 e	-7.3 e	8.1 e	5.4 e	1.2 e
A,B1GQ,PCH_PRE,ITF5	: 	: 	: 	: 	: 	: 	-0.7 e	-0.5 e	-2.9 e	0.8 e	-1.2 e	2.4 e	1.8 e	-3.1 e	-6 e	-2.9 e	2.1 e	-2.5 e	1.2 e	-1.4 e	8.8 e	2.3 e	0.5 e	2.7 e	-1.4 e	-9.6 e	10.4 e	0.1 e	0.4 e
A,B1GQ,PCH_PRE,ITF6	: 	: 	: 	: 	: 	: 	2.2 e	-1.6 e	0 e	1.9 e	-0.6 e	0.6 e	0.7 e	-1.1 e	-4.1 e	-0.8 e	-1 e	-3.8 e	-3.3 e	-1.1 e	1.7 e	-0.7 e	0.5 e	-1 e	-0.1 e	-8.7 e	7.3 e	3.7 e	1.4 e
A,B1GQ,PCH_PRE,ITG	: 	: 	: 	: 	: 	: 	2.2 e	-0.6 e	0.3 e	0.6 e	1.3 e	1.3 e	0.1 e	-1 e	-4.2 e	-0.4 e	-1.1 e	-2 e	-2.8 e	-1.9 e	1 e	-0.5 e	0.6 e	-0.7 e	0.3 e	-8.5 e	8 e	7.4 e	1.9 e
A,B1GQ,PCH_PRE,ITG1	: 	: 	: 	: 	: 	: 	2.3 e	-0.6 e	-0.2 e	0.3 e	2 e	1.6 e	-0.3 e	-1.5 e	-4.3 e	-0.3 e	-1.5 e	-2.3 e	-2.6 e	-2.4 e	0.4 e	0.2 e	0.6 e	-1 e	0 e	-8.2 e	8.1 e	7.9 e	2.2 e
A,B1GQ,PCH_PRE,ITG2	: 	: 	: 	: 	: 	: 	2.1 e	-0.7 e	1.7 e	1.5 e	-0.5 e	0.5 e	0.9 e	0.4 e	-4.2 e	-0.4 e	0.1 e	-1.3 e	-3.6 e	-0.7 e	2.4 e	-2.2 e	0.7 e	0.1 e	1.3 e	-9.5 e	7.8 e	6.3 e	1.3 e
A,B1GQ,PCH_PRE,ITH	: 	: 	: 	: 	: 	: 	1.2 e	-0.7 e	0.6 e	2 e	1.2 e	2.5 e	2 e	-1.5 e	-5.8 e	2.2 e	1.9 e	-2.8 e	-0.6 e	0.6 e	0.9 e	1.5 e	2.1 e	1.4 e	0.6 e	-8.9 e	8.6 e	4.2 e	0.4 e
A,B1GQ,PCH_PRE,ITH1	: 	: 	: 	: 	: 	: 	0.1 e	-1.9 e	0.9 e	3.2 e	0 e	3.6 e	2.1 e	0.3 e	-1.3 e	3 e	2.5 e	2.1 e	-0.2 e	0.8 e	1.8 e	0.9 e	1.9 e	3.5 e	1.5 e	-8.8 e	5.8 e	6.4 e	1.2 e
A,B1GQ,PCH_PRE,ITH2	: 	: 	: 	: 	: 	: 	1.5 e	-1 e	0.3 e	0.7 e	0.6 e	1.2 e	2.2 e	-1.2 e	-2.6 e	2.5 e	0.7 e	-0.8 e	0.5 e	0.4 e	-0.8 e	1.6 e	1.3 e	3.2 e	1.5 e	-7.6 e	5.9 e	5.5 e	0.1 e
A,B1GQ,PCH_PRE,ITH3	: 	: 	: 	: 	: 	: 	0.7 e	-1.1 e	1.9 e	2.7 e	1.2 e	1.6 e	1.6 e	-2 e	-5.6 e	1.8 e	1.6 e	-3.2 e	-0.9 e	0.4 e	1.2 e	1.8 e	2.2 e	0.7 e	0.9 e	-9.9 e	8.7 e	4.8 e	0.9 e
A,B1GQ,PCH_PRE,ITH4	: 	: 	: 	: 	: 	: 	2.2 e	-0.8 e	-2.9 e	0.9 e	2.8 e	2.5 e	1.8 e	-2.8 e	-7 e	3.1 e	0.2 e	-4.6 e	0.1 e	-0.3 e	1.9 e	-0.2 e	1.8 e	1.6 e	0.9 e	-8.4 e	8.6 e	1.7 e	-0.6 e
A,B1GQ,PCH_PRE,ITH5	: 	: 	: 	: 	: 	: 	1.5 e	0 e	0.1 e	1.6 e	1 e	3.4 e	2.4 e	-0.9 e	-6.7 e	2.2 e	2.7 e	-2.9 e	-0.7 e	1 e	0.5 e	1.7 e	2.3 e	1.4 e	0.1 e	-8.3 e	9.3 e	3.6 e	0 e
A,B1GQ,PCH_PRE,ITI	: 	: 	: 	: 	: 	: 	2.6 e	1.5 e	-0.1 e	2.6 e	0.5 e	2 e	1.8 e	-1.8 e	-3.6 e	0.6 e	0.7 e	-3.4 e	-2.2 e	-0.1 e	-0.1 e	1.7 e	1.2 e	0.7 e	1.2 e	-10.3 e	6.9 e	5.5 e	0.2 e
A,B1GQ,PCH_PRE,ITI1	: 	: 	: 	: 	: 	: 	1.5 e	0.3 e	0.4 e	1.3 e	0 e	2.2 e	1.7 e	-1.3 e	-3.8 e	1 e	1 e	-1.8 e	-2 e	0.8 e	-0.1 e	0.8 e	1.4 e	1.2 e	2.6 e	-13.1 e	8.6 e	6.4 e	-0.2 e
A,B1GQ,PCH_PRE,ITI2	: 	: 	: 	: 	: 	: 	1.7 e	-0.6 e	0.5 e	1.2 e	0 e	1.8 e	0.8 e	-1.4 e	-7.6 e	1.7 e	-0.6 e	-4.4 e	-3 e	-2.9 e	2.8 e	-0.8 e	1.5 e	2.1 e	-0.4 e	-9.9 e	7.9 e	3.8 e	-0.1 e
A,B1GQ,PCH_PRE,ITI3	: 	: 	: 	: 	: 	: 	1.8 e	2.2 e	-0.4 e	1.8 e	1 e	3.5 e	1.6 e	-3.1 e	-4.5 e	0.4 e	0.1 e	-3.7 e	-2.4 e	1.4 e	-0.5 e	0.6 e	1.7 e	0.5 e	0.5 e	-9.1 e	7.8 e	4.1 e	0.2 e
A,B1GQ,PCH_PRE,ITI4	: 	: 	: 	: 	: 	: 	3.6 e	2.2 e	-0.4 e	3.7 e	0.7 e	1.6 e	2 e	-1.9 e	-2.8 e	0.4 e	0.8 e	-4.1 e	-2.2 e	-0.6 e	-0.3 e	2.8 e	0.9 e	0.3 e	0.7 e	-8.9 e	5.6 e	5.5 e	0.5 e
A,B1GQ,PCH_PRE,ITZ	: 	: 	: 	: 	: 	: 	-25.2 e	-26.1 e	18.6 e	29.1 e	-4.5 e	7.8 e	5.1 e	6.2 e	-8.9 e	-4.2 e	13.3 e	-7 e	10 e	-1.8 e	-7.9 e	35.1 e	13.9 e	0.9 e	-15.5 e	2.8 e	68 e	-64.2 e	-4.7 e
A,B1GQ,PCH_PRE,ITZZ	: 	: 	: 	: 	: 	: 	-25.2 e	-26.1 e	18.6 e	29.1 e	-4.5 e	7.8 e	5.1 e	6.2 e	-8.9 e	-4.2 e	13.3 e	-7 e	10 e	-1.8 e	-7.9 e	35.1 e	13.9 e	0.9 e	-15.5 e	2.8 e	68 e	-64.2 e	-4.7 e
A,B1GQ,PCH_PRE,LT	: 	: 	: 	: 	: 	: 	6.5 e	6.7 e	10.6 e	6.5 e	7.7 e	7.4 e	11.1 e	2.6 e	-14.8 e	0.4 e	6.3 e	4.4 e	4 e	3.8 e	2.8 e	2.7 e	4.6 e	4.9 e	4.7 e	0 e	6.4 e	2.5 e	0.3 e
A,B1GQ,PCH_PRE,LT0	: 	: 	: 	: 	: 	: 	6.5 e	6.7 e	10.6 e	6.5 e	7.7 e	7.4 e	11.1 e	2.6 e	-14.8 e	0.4 e	6.3 e	4.4 e	4 e	3.8 e	2.8 e	2.7 e	4.6 e	4.9 e	4.7 e	0 e	6.4 e	2.5 e	0.3 e
A,B1GQ,PCH_PRE,LT01	: 	: 	: 	: 	: 	: 	8.2 e	11.9 e	10.9 e	7 e	9.6 e	11.9 e	14 e	0.7 e	-14.9 e	0.4 e	4.7 e	6 e	6.4 e	5.2 e	3.8 e	3.4 e	4.6 e	7.5 e	6.8 e	0.2 e	7.9 e	3.9 e	4.4 e
A,B1GQ,PCH_PRE,LT02	: 	: 	: 	: 	: 	: 	5.6 e	4 e	10.3 e	6.2 e	6.7 e	4.8 e	9.2 e	3.8 e	-14.8 e	0.5 e	7.4 e	3.4 e	2.6 e	2.9 e	2.2 e	2.2 e	4.6 e	3.1 e	3.2 e	-0.1 e	5.3 e	1.5 e	-2.8 e
A,B1GQ,PCH_PRE,LU	: 	: 	: 	: 	: 	: 	3.1 e	3.2 e	2.6 e	4.2 e	2.5 e	6 e	8.1 e	-0.3 e	-3.2 e	3.8 e	1 e	1.6 e	3.2 e	2.6 e	2.3 e	5 e	1.3 e	1.2 e	2.9 e	-0.9 e	7.2 e	1.4 e	-1.1 e
A,B1GQ,PCH_PRE,LU0	: 	: 	: 	: 	: 	: 	3.1 e	3.2 e	2.6 e	4.2 e	2.5 e	6 e	8.1 e	-0.3 e	-3.2 e	3.8 e	1 e	1.6 e	3.2 e	2.6 e	2.3 e	5 e	1.3 e	1.2 e	2.9 e	-0.9 e	7.2 e	1.4 e	-1.1 e
A,B1GQ,PCH_PRE,LU00	: 	: 	: 	: 	: 	: 	3.1 e	3.2 e	2.6 e	4.2 e	2.5 e	6 e	8.1 e	-0.3 e	-3.2 e	3.8 e	1 e	1.6 e	3.2 e	2.6 e	2.3 e	5 e	1.3 e	1.2 e	2.9 e	-0.9 e	7.2 e	1.4 e	-1.1 e
A,B1GQ,PCH_PRE,LV	: 	: 	: 	: 	: 	: 	6.5 e	7.7 e	8.4 e	8.7 e	11.6 e	12.8 e	10.4 e	-3.4 e	-16 e	-3.7 e	3 e	7.3 e	2.1 e	2.1 e	3.8 e	2.6 e	3.4 e	4.3 e	0.7 e	-3.5 e	6.9 e	1.8 e	1.7 e
A,B1GQ,PCH_PRE,LV0	: 	: 	: 	: 	: 	: 	6.5 e	7.8 e	8.5 e	8.8 e	11.6 e	12.9 e	10.5 e	-3.3 e	-15.9 e	-3.5 e	3.2 e	7.5 e	2.3 e	2.2 e	3.9 e	2.7 e	3.5 e	4.5 e	0.8 e	-3.3 e	7.1 e	2 e	1.8 e
A,B1GQ,PCH_PRE,LV00	: 	: 	: 	: 	: 	: 	6.5 e	7.8 e	8.5 e	8.8 e	11.6 e	12.9 e	10.5 e	-3.3 e	-15.9 e	-3.5 e	3.2 e	7.5 e	2.3 e	2.2 e	3.9 e	2.7 e	3.5 e	4.5 e	0.8 e	-3.3 e	7.1 e	2 e	1.8 e
A,B1GQ,PCH_PRE,ME	: 	: 	: 	: 	: 	: 	: 	: 	: 	: 	: 	: 	6.8 e	7.2 e	-5.8 e	2.7 e	3.2 e	-2.7 e	3.5 e	1.8 e	3.4 e	2.9 e	4.7 e	5.1 e	4.1 e	-15.3 e	13 e	6.4 e	6.3 e
A,B1GQ,PCH_PRE,ME0	: 	: 	: 	: 	: 	: 	: 	: 	: 	: 	: 	: 	6.8 e	7.2 e	-5.8 e	2.7 e	3.2 e	-2.7 e	3.5 e	1.8 e	3.4 e	2.9 e	4.7 e	5.1 e	4.1 e	-15.3 e	13 e	6.4 e	6.3 e
A,B1GQ,PCH_PRE,ME00	: 	: 	: 	: 	: 	: 	: 	: 	: 	: 	: 	: 	6.8 e	7.2 e	-5.8 e	2.7 e	3.2 e	-2.7 e	3.5 e	1.8 e	3.4 e	2.9 e	4.7 e	5.1 e	4.1 e	-15.3 e	13 e	6.4 e	6.3 e
A,B1GQ,PCH_PRE,MK	: 	: 	: 	: 	: 	: 	-3.1 e	1.5 e	2.2 e	4.7 e	4.7 e	5.1 e	6.5 e	5.5 e	-0.4 e	3.4 e	2.3 e	-0.5 e	2.9 e	3.6 e	3.9 e	2.8 e	1.1 e	2.9 e	3.9 e	-4.7 e	4.5 e	2.8 e	2.1 e
A,B1GQ,PCH_PRE,MK0	: 	: 	: 	: 	: 	: 	-3.1 e	1.5 e	2.2 e	4.7 e	4.7 e	5.1 e	6.5 e	5.5 e	-0.4 e	3.4 e	2.3 e	-0.5 e	2.9 e	3.6 e	3.9 e	2.8 e	1.1 e	2.9 e	3.9 e	-4.7 e	4.5 e	2.8 e	2.1 e
A,B1GQ,PCH_PRE,MK00	: 	: 	: 	: 	: 	: 	-3.1 e	1.5 e	2.2 e	4.7 e	4.7 e	5.1 e	6.5 e	5.5 e	-0.4 e	3.4 e	2.3 e	-0.5 e	2.9 e	3.6 e	3.9 e	2.8 e	1.1 e	2.9 e	3.9 e	-4.7 e	4.5 e	2.8 e	2.1 e
A,B1GQ,PCH_PRE,MT	: 	: 	: 	: 	: 	: 	-0.8 e	2.7 e	3.7 e	0.4 e	2.9 e	2.3 e	5 e	4.4 e	-1.4 e	6.2 e	1 e	4.1 e	6.3 e	7.6 e	9.6 e	4.1 e	13 e	7.2 e	4.1 e	-3.3 e	13.2 e	4.3 e	6.7 e
A,B1GQ,PCH_PRE,MT0	: 	: 	: 	: 	: 	: 	-0.8 e	2.7 e	3.7 e	0.4 e	2.9 e	2.3 e	5 e	4.4 e	-1.4 e	6.2 e	1 e	4.1 e	6.3 e	7.7 e	9.6 e	4.1 e	13 e	7.2 e	4.1 e	-3.3 e	13.2 e	4.3 e	6.7 e
A,B1GQ,PCH_PRE,MT00	: 	: 	: 	: 	: 	: 	-0.8 e	2.7 e	3.7 e	0.4 e	2.9 e	2.3 e	5 e	4.4 e	-1.4 e	6.2 e	1 e	4.1 e	6.3 e	7.7 e	9.6 e	4.1 e	13 e	7.2 e	4.1 e	-3.3 e	13.2 e	4.3 e	6.7 e
A,B1GQ,PCH_PRE,MTZ	: 	: 	: 	: 	: 	: 	13 e	-1.6 e	-4 e	30.1 e	16.5 e	1.7 e	13.6 e	6.3 e	2.6 e	13.1 e	4.2 e	2.2 e	-0.7 e	-4.1 e	-1.9 e	-0.9 e	3.2 e	6.3 e	5.5 e	-29.8 e	58.9 e	-0.1 e	43.9 e
A,B1GQ,PCH_PRE,MTZZ	: 	: 	: 	: 	: 	: 	13 e	-1.6 e	-4 e	30.1 e	16.5 e	1.7 e	13.6 e	6.3 e	2.6 e	13.1 e	4.2 e	2.2 e	-0.7 e	-4.1 e	-1.9 e	-0.9 e	3.2 e	6.3 e	5.5 e	-29.8 e	58.9 e	-0.1 e	43.9 e
A,B1GQ,PCH_PRE,NL	: 	: 	: 	: 	: 	: 	2.3 e	0.2 e	0.2 e	2 e	2.1 e	3.5 e	3.8 e	2.2 e	-3.7 e	2.2 e	1.8 e	-1 e	0 e	1.6 e	2.1 e	2.4 e	2.8 e	2.3 e	2.3 e	-3.9 e	6.3 e	5 e	0.1 e
A,B1GQ,PCH_PRE,NL1	: 	: 	: 	: 	: 	: 	2.8 e	0.5 e	0.3 e	1.4 e	0.7 e	1.6 e	2.7 e	2.3 e	-4 e	9.5 e	-0.2 e	-1.6 e	1.3 e	-3.1 e	-1.9 e	1.3 e	1.2 e	-0.3 e	1 e	-4.4 e	5 e	2.8 e	-4.4 e
A,B1GQ,PCH_PRE,NL11	: 	: 	: 	: 	: 	: 	2.2 e	0.9 e	-0.5 e	1.9 e	-0.8 e	0.2 e	0.9 e	3 e	-4.5 e	17.7 e	-2.6 e	-1.4 e	4.7 e	-7.4 e	-5.7 e	1.7 e	0.6 e	-3.2 e	-0.6 e	-7.5 e	4.8 e	2.1 e	-11.1 e
A,B1GQ,PCH_PRE,NL12	: 	: 	: 	: 	: 	: 	3.4 e	-0.7 e	1.6 e	1.2 e	2.3 e	2.4 e	4.2 e	1.6 e	-2.7 e	5.5 e	2.3 e	-3.2 e	-2.9 e	1.1 e	2.3 e	1.5 e	1.7 e	1.4 e	2.7 e	-1.7 e	5.5 e	4 e	0.4 e
A,B1GQ,PCH_PRE,NL13	: 	: 	: 	: 	: 	: 	3.1 e	1.3 e	-0.2 e	0.9 e	1.2 e	2.8 e	4 e	1.9 e	-4.5 e	-0.4 e	1.4 e	0.1 e	-0.6 e	1.2 e	0.3 e	0.3 e	1.7 e	2.4 e	1.3 e	-3.1 e	4.7 e	2.3 e	0.6 e
A,B1GQ,PCH_PRE,NL2	: 	: 	: 	: 	: 	: 	3.2 e	-0.4 e	1 e	1.4 e	2 e	4.7 e	3.7 e	2.4 e	-2 e	2.7 e	2.8 e	-2 e	-1.1 e	1.5 e	2.6 e	2.4 e	2.3 e	2.6 e	2.7 e	-2.9 e	6.3 e	5 e	0.2 e
A,B1GQ,PCH_PRE,NL21	: 	: 	: 	: 	: 	: 	3 e	-0.7 e	0.9 e	1.6 e	2.3 e	3 e	4.1 e	3.9 e	-1.4 e	2.5 e	2.6 e	-2.2 e	-1 e	0.8 e	3.1 e	3.1 e	2.8 e	2.6 e	1.9 e	-3.1 e	7 e	4.9 e	-0.6 e
A,B1GQ,PCH_PRE,NL22	: 	: 	: 	: 	: 	: 	2.9 e	-0.5 e	0.4 e	0.9 e	1.6 e	5 e	3.2 e	2.1 e	-1.8 e	2.7 e	2.7 e	-1.7 e	-1.3 e	1.7 e	2.5 e	2 e	1.9 e	2.4 e	2.8 e	-2.9 e	6 e	4.9 e	0.2 e
A,B1GQ,PCH_PRE,NL23	: 	: 	: 	: 	: 	: 	6.1 e	1.3 e	5.7 e	3.6 e	3.5 e	8.1 e	5.3 e	-0.4 e	-5 e	3.8 e	4.1 e	-3.7 e	-0.6 e	2.7 e	1.3 e	2 e	2.6 e	3.2 e	4.1 e	-2.4 e	5.7 e	6.1 e	2.5 e
A,B1GQ,PCH_PRE,NL3	: 	: 	: 	: 	: 	: 	2 e	0.8 e	-0.1 e	2 e	2.4 e	3.4 e	4.3 e	2.1 e	-4.1 e	-0.4 e	1.6 e	-0.6 e	0.4 e	2.8 e	2.8 e	2.4 e	3 e	2.6 e	2.5 e	-4.3 e	6.2 e	6 e	1.1 e
A,B1GQ,PCH_PRE,NL32	: 	: 	: 	: 	: 	: 	0.4 e	3.4 e	-0.4 e	2.7 e	1.9 e	3.7 e	3.5 e	2.2 e	-4.6 e	-0.6 e	2.7 e	0.4 e	1.4 e	4.7 e	3.4 e	3.4 e	3.8 e	3.7 e	3.6 e	-7.7 e	7.8 e	8.5 e	1.6 e
A,B1GQ,PCH_PRE,NL34	: 	: 	: 	: 	: 	: 	1.9 e	3.9 e	2.5 e	1.5 e	0.8 e	1.2 e	8.2 e	4.8 e	-7.6 e	7.1 e	1.5 e	-2 e	-0.9 e	1.8 e	1.4 e	1 e	2.4 e	2.8 e	0.4 e	-1 e	3 e	5.1 e	-0.1 e
A,B1GQ,PCH_PRE,NL35	: 	: 	: 	: 	: 	: 	: 	: 	: 	: 	: 	: 	: 	: 	: 	: 	0.3 e	-0.6 e	1.5 e	1.7 e	2.2 e	2.5 e	4.8 e	2.8 e	1.9 e	-0.3 e	6.5 e	4.1 e	1.4 e
A,B1GQ,PCH_PRE,NL36	: 	: 	: 	: 	: 	: 	: 	: 	: 	: 	: 	: 	: 	: 	: 	: 	1.2 e	-1.5 e	-0.8 e	1.5 e	2.5 e	1.5 e	1.5 e	1.2 e	1.9 e	-2.7 e	4.7 e	4.4 e	0.5 e
A,B1GQ,PCH_PRE,NL4	: 	: 	: 	: 	: 	: 	2.3 e	-0.9 e	-0.1 e	2.6 e	2.1 e	3.5 e	3.2 e	1.9 e	-3.7 e	4.8 e	2.6 e	-0.5 e	-0.7 e	1.2 e	1.9 e	3.1 e	3.3 e	2.4 e	2 e	-3.2 e	6.9 e	3.5 e	0.2 e
A,B1GQ,PCH_PRE,NL41	: 	: 	: 	: 	: 	: 	2.3 e	-1.4 e	0.2 e	2.4 e	2.9 e	3.6 e	2.7 e	2.4 e	-3.2 e	4.8 e	2.8 e	0.1 e	-0.8 e	1.3 e	2.5 e	2.8 e	3.9 e	2.7 e	2.6 e	-2.8 e	7.3 e	4.2 e	0.6 e
A,B1GQ,PCH_PRE,NL42	: 	: 	: 	: 	: 	: 	2 e	0.2 e	-0.6 e	2.9 e	0.3 e	3.1 e	4.5 e	0.6 e	-4.9 e	4.7 e	2.2 e	-2 e	-0.4 e	0.8 e	0.5 e	4.1 e	1.8 e	1.7 e	0.7 e	-4.5 e	6 e	1.6 e	-1.1 e
A,B1GQ,PCH_PRE,NLZ	: 	: 	: 	: 	: 	: 	3 e	1 e	-0.7 e	8 e	-12 e	-1.6 e	-2.9 e	8.6 e	-8.2 e	23.4 e	-9.3 e	-3.8 e	-5.2 e	-6.1 e	-2.9 e	-3.6 e	-5.4 e	-12.1 e	-8.5 e	-15.9 e	5.4 e	-6.4 e	-19.2 e
A,B1GQ,PCH_PRE,NLZZ	: 	: 	: 	: 	: 	: 	3 e	1 e	-0.7 e	8 e	-12 e	-1.6 e	-2.9 e	8.6 e	-8.2 e	23.4 e	-9.3 e	-3.8 e	-5.2 e	-6.1 e	-2.9 e	-3.6 e	-5.4 e	-12.1 e	-8.5 e	-15.9 e	5.4 e	-6.4 e	-19.2 e
A,B1GQ,PCH_PRE,NO	: 	: 	: 	: 	: 	: 	: 	: 	: 	: 	: 	: 	: 	: 	-1.9 e	0.8 e	1.1 e	2.7 e	1 e	2 e	1.9 e	1.2 e	2.5 e	0.8 e	1.1 e	-1.3 e	3.9 e	3 e	: 
A,B1GQ,PCH_PRE,PL	: 	: 	: 	: 	: 	: 	1.2 e	1.9 e	3.5 e	5.1 e	3.3 e	6.2 e	6.8 e	4.4 e	2.6 e	3.2 e	5.3 e	1.5 e	0.7 e	3.9 e	4.4 e	3 e	5.2 e	6.2 e	4.6 e	-2 e	6.9 e	5.3 e	0.1 e
A,B1GQ,PCH_PRE,PL2	: 	: 	: 	: 	: 	: 	0.6 e	2.9 e	3.5 e	4.3 e	1.6 e	8 e	7.1 e	6.2 e	1.8 e	2.9 e	5.9 e	1 e	0 e	3.9 e	5.1 e	3.3 e	5.2 e	6.5 e	3.7 e	-2.9 e	8.7 e	4.4 e	-0.3 e
A,B1GQ,PCH_PRE,PL21	: 	: 	: 	: 	: 	: 	-0.7 e	3.2 e	4.8 e	6.9 e	3.8 e	4.6 e	4.3 e	6 e	2.9 e	1.9 e	6.3 e	1.3 e	0.4 e	4.1 e	5.8 e	3.2 e	6.2 e	7 e	4.4 e	-1.7 e	7.8 e	3.3 e	1 e
A,B1GQ,PCH_PRE,PL22	: 	: 	: 	: 	: 	: 	1.3 e	2.7 e	2.7 e	2.8 e	0.4 e	10 e	8.7 e	6.3 e	1.1 e	3.4 e	5.6 e	0.8 e	-0.2 e	3.8 e	4.8 e	3.4 e	4.5 e	6.1 e	3.3 e	-3.8 e	9.4 e	5.2 e	-1.2 e
A,B1GQ,PCH_PRE,PL4	: 	: 	: 	: 	: 	: 	0.6 e	0.3 e	3.6 e	7.9 e	3.5 e	4.8 e	4.5 e	3.1 e	2.7 e	2.3 e	5 e	2.1 e	0.7 e	4.6 e	4.7 e	3.1 e	5.2 e	5.4 e	4.4 e	-1.5 e	6.7 e	5 e	-1 e
A,B1GQ,PCH_PRE,PL41	: 	: 	: 	: 	: 	: 	1.4 e	0.2 e	5.5 e	9.6 e	3 e	4.3 e	5.1 e	3.1 e	3.5 e	1.9 e	5.8 e	2.5 e	1.2 e	4.6 e	5.4 e	3.6 e	5.5 e	5.4 e	5.1 e	-1.3 e	6.5 e	5.5 e	-1.2 e
A,B1GQ,PCH_PRE,PL42	: 	: 	: 	: 	: 	: 	-1.2 e	0.3 e	0.4 e	3.8 e	3 e	5.7 e	2.6 e	2.1 e	2.7 e	3.1 e	3.6 e	1 e	-0.1 e	4.4 e	3.9 e	2.2 e	5.2 e	5.8 e	3.1 e	-1.9 e	6.8 e	3.7 e	-0.4 e
A,B1GQ,PCH_PRE,PL43	: 	: 	: 	: 	: 	: 	0.4 e	1.1 e	2.1 e	8.4 e	6.1 e	5.3 e	5.4 e	5.2 e	-0.4 e	2.8 e	4 e	2.2 e	-0.2 e	4.9 e	2.8 e	2.5 e	4.2 e	4.5 e	3.4 e	-1.5 e	7.2 e	5 e	-0.9 e
A,B1GQ,PCH_PRE,PL5	: 	: 	: 	: 	: 	: 	-0.4 e	3 e	1.8 e	3.3 e	3.7 e	2.9 e	8.7 e	3.7 e	1.4 e	4 e	6 e	1.4 e	-0.6 e	4.3 e	3.6 e	1.9 e	4.8 e	5.4 e	4.3 e	-2.4 e	8.2 e	4.4 e	-1.2 e
A,B1GQ,PCH_PRE,PL51	: 	: 	: 	: 	: 	: 	0.1 e	3.4 e	2.2 e	2.8 e	5.3 e	2.5 e	9.1 e	4.6 e	2.1 e	4.6 e	6.1 e	1.7 e	-0.6 e	4.2 e	3.9 e	2.2 e	4.8 e	5.5 e	4.4 e	-2.2 e	8.3 e	4.8 e	-1.2 e
A,B1GQ,PCH_PRE,PL52	: 	: 	: 	: 	: 	: 	-2 e	1.8 e	0.7 e	5.4 e	-1.7 e	4.4 e	7.6 e	0.2 e	-1.3 e	2 e	5.3 e	0.5 e	-0.2 e	4.8 e	2.5 e	0.9 e	4.8 e	5.2 e	3.7 e	-3.3 e	7.6 e	2.5 e	-1.3 e
A,B1GQ,PCH_PRE,PL6	: 	: 	: 	: 	: 	: 	1.4 e	2.8 e	3.4 e	6.4 e	2.7 e	5.5 e	6.2 e	3.4 e	2.4 e	2.8 e	4.8 e	1.4 e	0.3 e	3.6 e	4.5 e	3.1 e	4.5 e	6 e	3.8 e	-2.1 e	7.6 e	5.2 e	0.3 e
A,B1GQ,PCH_PRE,PL61	: 	: 	: 	: 	: 	: 	2 e	2 e	3 e	6.4 e	2.3 e	6.9 e	6.7 e	4 e	-1 e	2.6 e	4.1 e	0.4 e	0.8 e	3.1 e	3.9 e	2.1 e	4.3 e	6.2 e	2.5 e	-0.7 e	7.3 e	5.2 e	-2.7 e
A,B1GQ,PCH_PRE,PL62	: 	: 	: 	: 	: 	: 	-1.1 e	1.9 e	6.1 e	3.4 e	1.5 e	4.1 e	3.6 e	4.6 e	2.5 e	3 e	4.3 e	0 e	-0.1 e	4.8 e	2.5 e	1.9 e	4.1 e	3.9 e	3.2 e	-0.8 e	7.2 e	4 e	-0.1 e
A,B1GQ,PCH_PRE,PL63	: 	: 	: 	: 	: 	: 	2.2 e	4.1 e	2.5 e	7.9 e	3.6 e	5.1 e	7.2 e	2.4 e	5.2 e	2.8 e	5.7 e	2.8 e	0.1 e	3.5 e	6 e	4.3 e	4.8 e	6.7 e	5.1 e	-3.8 e	8 e	5.6 e	2.6 e
A,B1GQ,PCH_PRE,PL7	: 	: 	: 	: 	: 	: 	1.2 e	3.4 e	5 e	4.8 e	1.9 e	6.7 e	6.1 e	5.8 e	0.8 e	4 e	4.2 e	1.5 e	-0.7 e	4.2 e	3.3 e	1.5 e	4.5 e	5.4 e	4.3 e	-0.5 e	6 e	3.5 e	-1.3 e
A,B1GQ,PCH_PRE,PL71	: 	: 	: 	: 	: 	: 	1.6 e	3.5 e	5.1 e	4.9 e	2.9 e	6.3 e	5.8 e	5.8 e	1.6 e	4.6 e	4.5 e	2.2 e	-0.3 e	4.4 e	3.5 e	1.6 e	4.7 e	5.1 e	5.1 e	-0.3 e	5.6 e	3.9 e	-1.8 e
A,B1GQ,PCH_PRE,PL72	: 	: 	: 	: 	: 	: 	0.4 e	3.2 e	4.8 e	4.6 e	-0.4 e	7.8 e	6.6 e	5.9 e	-0.8 e	2.5 e	3.6 e	-0.1 e	-1.7 e	3.8 e	2.7 e	1.2 e	3.9 e	6.4 e	2.2 e	-0.8 e	7.1 e	2.5 e	0.1 e
A,B1GQ,PCH_PRE,PL8	: 	: 	: 	: 	: 	: 	3.2 e	1.8 e	3.8 e	3.4 e	3.2 e	4.7 e	5.3 e	4.9 e	1.6 e	3.1 e	5.6 e	0.8 e	1.5 e	3.2 e	2.6 e	2.6 e	4.8 e	5.5 e	4.3 e	-2.2 e	6.9 e	5.3 e	0.8 e
A,B1GQ,PCH_PRE,PL81	: 	: 	: 	: 	: 	: 	2.4 e	1 e	4.1 e	2.6 e	1.6 e	4.7 e	5.8 e	5.3 e	0.7 e	3.3 e	5.6 e	1.7 e	1 e	3 e	1.7 e	2.9 e	4.2 e	3.6 e	4.1 e	-1.4 e	6.6 e	5.8 e	-0.2 e
A,B1GQ,PCH_PRE,PL82	: 	: 	: 	: 	: 	: 	3.3 e	2.5 e	4 e	5.4 e	5.3 e	5.5 e	4.7 e	6.1 e	1.3 e	3.3 e	6.3 e	0.3 e	1.7 e	3.2 e	3.9 e	2.9 e	4.8 e	7.3 e	4.1 e	-4.7 e	8.5 e	4.6 e	0.5 e
A,B1GQ,PCH_PRE,PL84	: 	: 	: 	: 	: 	: 	4.6 e	2.1 e	2.9 e	1.6 e	2.4 e	3.1 e	5.6 e	2.3 e	3.5 e	2.4 e	4.3 e	0.3 e	1.9 e	3.7 e	1.8 e	1.5 e	5.6 e	5.5 e	4.9 e	1 e	4.9 e	5.5 e	2.8 e
A,B1GQ,PCH_PRE,PL9	: 	: 	: 	: 	: 	: 	2.1 e	0.4 e	3.6 e	4.7 e	5.7 e	8 e	8.5 e	3.6 e	5.4 e	3.6 e	5 e	2 e	2.3 e	3.6 e	5.3 e	4 e	6 e	7.9 e	6.3 e	-1.9 e	4.9 e	7.3 e	2 e
A,B1GQ,PCH_PRE,PL91	: 	: 	: 	: 	: 	: 	1.8 e	0.2 e	3.4 e	3.9 e	6.7 e	8.2 e	9.2 e	3.2 e	5.4 e	3.2 e	4.4 e	2.3 e	3.3 e	3.2 e	5.4 e	4.1 e	6.8 e	9.3 e	6.3 e	-2.7 e	5 e	7.6 e	1.8 e
A,B1GQ,PCH_PRE,PL92	: 	: 	: 	: 	: 	: 	3.3 e	1 e	4.2 e	7.4 e	2.6 e	7.3 e	6.1 e	5.1 e	5.4 e	4.9 e	7.1 e	1 e	-0.8 e	4.9 e	4.7 e	3.6 e	3.5 e	3.3 e	6.2 e	0.7 e	4.5 e	6.1 e	2.7 e
A,B1GQ,PCH_PRE,PT	: 	: 	: 	: 	: 	: 	1.9 	0.8 	-0.9 	1.8 	0.8 	1.6 	2.5 	0.3 	-3.1 	1.7 	-1.7 	-4.1 	-0.9 	0.8 	1.8 	2 	3.5 	2.8 	2.7 	-8.3 	5.7 	7 	2.5 p
A,B1GQ,PCH_PRE,PT1	: 	: 	: 	: 	: 	: 	2 	0.6 	-0.9 	1.7 	0.7 	1.6 	2.6 	0.3 	-3.2 	1.8 	-1.7 	-4 	-0.9 	0.8 	1.8 	2 	3.5 	2.9 	2.7 	-8.1 	5.6 	6.8 	2.5 p
A,B1GQ,PCH_PRE,PT11	: 	: 	: 	: 	: 	: 	3 	-0.7 	-2.4 	0.7 	1.4 	1.7 	3.4 	0.7 	-3.8 	2.4 	-1.4 	-3.2 	0.1 	2.1 	2.2 	2.8 	3.5 	3.7 	2.7 	-6.5 	5.6 	5.2 	2.3 p
A,B1GQ,PCH_PRE,PT15	: 	: 	: 	: 	: 	: 	4.7 	1.4 	0.5 	0.5 	2.4 	2.8 	2.7 	0.2 	-6.5 	0 	-3.2 	-3 	-1.8 	2.5 	2.8 	5 	5.4 	2.6 	3.2 	-18.3 	7.4 	20.7 	3.3 p
A,B1GQ,PCH_PRE,PT19	: 	: 	: 	: 	: 	: 	: 	: 	: 	: 	: 	: 	: 	: 	: 	: 	: 	: 	: 	: 	: 	: 	: 	: 	: 	: 	: 	4.1 	1.4 p
A,B1GQ,PCH_PRE,PT1A	: 	: 	: 	: 	: 	: 	: 	: 	: 	: 	: 	: 	: 	: 	: 	: 	: 	: 	: 	: 	: 	: 	: 	: 	: 	: 	: 	9.1 	3.3 p
A,B1GQ,PCH_PRE,PT1B	: 	: 	: 	: 	: 	: 	: 	: 	: 	: 	: 	: 	: 	: 	: 	: 	: 	: 	: 	: 	: 	: 	: 	: 	: 	: 	: 	5.6 	1.7 p
A,B1GQ,PCH_PRE,PT1C	: 	: 	: 	: 	: 	: 	: 	: 	: 	: 	: 	: 	: 	: 	: 	: 	: 	: 	: 	: 	: 	: 	: 	: 	: 	: 	: 	1.7 	0.4 p
A,B1GQ,PCH_PRE,PT1D	: 	: 	: 	: 	: 	: 	: 	: 	: 	: 	: 	: 	: 	: 	: 	: 	: 	: 	: 	: 	: 	: 	: 	: 	: 	: 	: 	4.1 	2.9 p
A,B1GQ,PCH_PRE,PT2	: 	: 	: 	: 	: 	: 	5.4 	3.4 	-0.3 	1.5 	2 	2 	2.4 	2.7 	-2.3 	1.6 	-1.8 	-3.6 	-0.8 	0.5 	3.3 	3 	1.7 	2 	2.6 	-9.1 	7.4 	6.3 	3.4 p
A,B1GQ,PCH_PRE,PT20	: 	: 	: 	: 	: 	: 	5.4 	3.4 	-0.3 	1.5 	2 	2 	2.4 	2.7 	-2.3 	1.6 	-1.8 	-3.6 	-0.8 	0.5 	3.3 	3 	1.7 	2 	2.6 	-9.1 	7.4 	6.3 	3.4 p
A,B1GQ,PCH_PRE,PT3	: 	: 	: 	: 	: 	: 	-0.2 	8.3 	0.5 	5.7 	2.6 	2.4 	1.3 	1.1 	-3.7 	1.2 	-0.1 	-7.7 	-1.1 	1 	1.3 	2.1 	5.1 	1.3 	1.8 	-15.4 	9.2 	16.5 	4.5 p
A,B1GQ,PCH_PRE,PT30	: 	: 	: 	: 	: 	: 	-0.2 	8.3 	0.5 	5.7 	2.6 	2.4 	1.3 	1.1 	-3.7 	1.2 	-0.1 	-7.7 	-1.1 	1 	1.3 	2.1 	5.1 	1.3 	1.8 	-15.4 	9.2 	16.5 	4.5 p
A,B1GQ,PCH_PRE,PTZ	: 	: 	: 	: 	: 	: 	-19.7 	-22.6 	-24.3 	-18.2 	-23.9 	-18.4 	-25.6 	-15.8 	205.7 	-0.6 	-9.1 	-22.6 	6.6 	-8.9 	19.6 	-8.3 	3.4 	-5.6 	3.8 	-7.7 	-2.6 	9.3 	2.3 p
A,B1GQ,PCH_PRE,PTZZ	: 	: 	: 	: 	: 	: 	-19.7 	-22.6 	-24.3 	-18.2 	-23.9 	-18.4 	-25.6 	-15.8 	205.7 	-0.6 	-9.1 	-22.6 	6.6 	-8.9 	19.6 	-8.3 	3.4 	-5.6 	3.8 	-7.7 	-2.6 	9.3 	2.3 p
A,B1GQ,PCH_PRE,RO	: 	: 	: 	: 	: 	: 	5.2 e	5.7 e	2.3 e	10.4 e	4.7 e	8 e	7.2 e	9.3 e	-5.5 e	-3.9 e	4.5 e	1.9 e	0.3 e	4.1 e	3.2 e	2.9 e	8.2 e	6.1 e	3.9 e	-3.7 e	5.5 e	4 e	2.4 e
A,B1GQ,PCH_PRE,RO1	: 	: 	: 	: 	: 	: 	5.4 e	8.4 e	1.1 e	7.8 e	2.3 e	8.9 e	9.4 e	2.1 e	-5.4 e	-3.7 e	0.9 e	3.9 e	-0.4 e	5.5 e	2 e	4.1 e	10.2 e	6.4 e	3.6 e	-3.6 e	6.2 e	4.1 e	2.3 e
A,B1GQ,PCH_PRE,RO11	: 	: 	: 	: 	: 	: 	8.2 e	9.4 e	1.8 e	10.3 e	3.6 e	8.8 e	9.3 e	2.6 e	-5 e	-4.7 e	0.1 e	4.4 e	0.6 e	7.8 e	2.5 e	5.5 e	13.4 e	5.4 e	5.7 e	-2.8 e	7 e	6.1 e	2.4 e
A,B1GQ,PCH_PRE,RO12	: 	: 	: 	: 	: 	: 	2.7 e	7.5 e	0.5 e	5.4 e	0.9 e	9 e	9.4 e	1.6 e	-5.8 e	-2.8 e	1.8 e	3.5 e	-1.4 e	3.2 e	1.6 e	2.6 e	6.9 e	7.5 e	1.3 e	-4.5 e	5.3 e	1.8 e	2.1 e
A,B1GQ,PCH_PRE,RO2	: 	: 	: 	: 	: 	: 	5.3 e	5.6 e	-0.2 e	9.4 e	0.1 e	5.5 e	2.6 e	3.7 e	-5.2 e	-7.9 e	-0.2 e	-2.3 e	1.7 e	2 e	-0.5 e	-0.9 e	5.4 e	3.2 e	0.6 e	-6.5 e	2.6 e	-2.7 e	2.6 e
A,B1GQ,PCH_PRE,RO21	: 	: 	: 	: 	: 	: 	7.1 e	6.2 e	-1 e	5 e	1.1 e	4 e	3.9 e	2.4 e	-8.2 e	-9.2 e	-6.2 e	-2.6 e	-3.4 e	-0.6 e	-3.5 e	-2.7 e	5 e	1.9 e	0.3 e	-6.4 e	1.2 e	0.4 e	2.9 e
A,B1GQ,PCH_PRE,RO22	: 	: 	: 	: 	: 	: 	3.6 e	5.1 e	0.5 e	13.9 e	-1 e	7 e	1.4 e	4.9 e	-2.1 e	-6.5 e	5.8 e	-2 e	6.6 e	4.4 e	2.2 e	0.8 e	5.7 e	4.5 e	0.9 e	-6.6 e	4.1 e	-5.9 e	2.3 e
A,B1GQ,PCH_PRE,RO3	: 	: 	: 	: 	: 	: 	4.2 e	7 e	3.4 e	13.6 e	11.4 e	8.3 e	10 e	18.5 e	-6 e	-1.3 e	10.4 e	1.7 e	1.6 e	5.6 e	5.4 e	4.2 e	9 e	7 e	6.2 e	-0.7 e	7.7 e	8.1 e	2.5 e
A,B1GQ,PCH_PRE,RO31	: 	: 	: 	: 	: 	: 	5.6 e	1.4 e	-0.4 e	11.7 e	0.4 e	4.8 e	-0.1 e	5.1 e	-3.8 e	-13.4 e	2.4 e	-10.2 e	0.1 e	8.3 e	-1.4 e	-1.5 e	0.1 e	3.1 e	-2.6 e	-6.9 e	0.1 e	-3 e	2 e
A,B1GQ,PCH_PRE,RO32	: 	: 	: 	: 	: 	: 	3.4 e	10.4 e	5.7 e	14.7 e	18.1 e	10.1 e	15.4 e	25.5 e	-7 e	5.2 e	14.4 e	7.6 e	2.3 e	4.4 e	8.8 e	6.8 e	13 e	8.7 e	10.1 e	1.8 e	10.8 e	12.6 e	2.7 e
A,B1GQ,PCH_PRE,RO4	: 	: 	: 	: 	: 	: 	7 e	0.1 e	5.4 e	9.4 e	1.1 e	9.6 e	4.6 e	6.9 e	-5.1 e	-5.2 e	2.4 e	5 e	-3.4 e	1.6 e	4 e	2.6 e	7.1 e	7.4 e	3.3 e	-7.1 e	3.4 e	2.1 e	2 e
A,B1GQ,PCH_PRE,RO41	: 	: 	: 	: 	: 	: 	8.3 e	-5.2 e	7.5 e	8 e	-2.6 e	7.1 e	1.2 e	1.8 e	-5.9 e	-11 e	-2.6 e	-2.5 e	-6.3 e	-3.5 e	-1.2 e	-2 e	6.5 e	5.2 e	-0.1 e	-8.7 e	-1.9 e	-3.1 e	1.9 e
A,B1GQ,PCH_PRE,RO42	: 	: 	: 	: 	: 	: 	5.8 e	5.1 e	3.6 e	10.7 e	4.3 e	11.8 e	7.4 e	11.1 e	-4.5 e	-0.5 e	6.2 e	10.8 e	-1.2 e	5.6 e	8 e	6.2 e	7.5 e	9.1 e	6.2 e	-5.7 e	7.7 e	6.4 e	2.1 e
A,B1GQ,PCH_PRE,ROZ	: 	: 	: 	: 	: 	: 	-13.3 e	-15.5 e	1.4 e	-2.3 e	-6.6 e	-9.6 e	33.8 e	5.3 e	-3.7 e	44.3 e	-16.7 e	-14 e	-8.6 e	-5.5 e	24.6 e	-10 e	-3.2 e	-6.8 e	-6.3 e	-5.7 e	-14.4 e	25.9 e	1 e
A,B1GQ,PCH_PRE,ROZZ	: 	: 	: 	: 	: 	: 	-13.3 e	-15.5 e	1.4 e	-2.3 e	-6.6 e	-9.6 e	33.8 e	5.3 e	-3.7 e	44.3 e	-16.7 e	-14 e	-8.6 e	-5.5 e	24.6 e	-10 e	-3.2 e	-6.8 e	-6.3 e	-5.7 e	-14.4 e	25.9 e	1 e
A,B1GQ,PCH_PRE,RS	: 	: 	: 	: 	: 	: 	6.8 e	6.5 e	4.6 e	6.7 e	5.9 e	3.9 e	7.8 e	5.2 e	-3.1 e	1.6 e	0.1 e	-0.4 e	0.5 e	-1.8 e	1.3 e	3 e	2.4 e	4.6 e	4.8 e	-1 e	7.9 e	2.6 e	3.8 e
A,B1GQ,PCH_PRE,RS1	: 	: 	: 	: 	: 	: 	9.6 e	7.7 e	4 e	10.8 e	6 e	4.4 e	11 e	6.1 e	-5.4 e	2 e	-0.2 e	1.1 e	0.1 e	-3.7 e	1.2 e	3.9 e	2.4 e	5.1 e	5.3 e	-1.1 e	5.4 e	2.2 e	6.6 e
A,B1GQ,PCH_PRE,RS11	: 	: 	: 	: 	: 	: 	12.9 e	17.6 e	8.9 e	15.2 e	5.4 e	7 e	12.2 e	8.2 e	-4.6 e	2 e	-2.9 e	1.3 e	-0.9 e	-5.7 e	2.8 e	4.2 e	2.9 e	6.8 e	6.3 e	-1.5 e	4.1 e	1.4 e	10.3 e
A,B1GQ,PCH_PRE,RS12	: 	: 	: 	: 	: 	: 	7.1 e	-1 e	-1.4 e	5.1 e	6.7 e	0.6 e	9.1 e	2.7 e	-6.7 e	2.1 e	4.3 e	0.9 e	1.6 e	-0.4 e	-1.3 e	3.4 e	1.6 e	2.4 e	3.7 e	-0.6 e	7.8 e	3.6 e	0.6 e
A,B1GQ,PCH_PRE,RS2	: 	: 	: 	: 	: 	: 	2.7 e	4.7 e	5.4 e	-0.2 e	5.8 e	3 e	1.8 e	3.2 e	1.6 e	0.7 e	0.7 e	-3.7 e	1.3 e	2.2 e	1.4 e	1.1 e	2.3 e	3.7 e	3.5 e	-0.5 e	13.4 e	3.4 e	-1.4 e
A,B1GQ,PCH_PRE,RS21	: 	: 	: 	: 	: 	: 	3.5 e	4.5 e	6.4 e	0.4 e	7.3 e	1.4 e	7.5 e	2.5 e	2 e	-0.2 e	0.4 e	-3 e	1.4 e	4.8 e	1.9 e	0.6 e	1.1 e	1 e	3.8 e	-1.4 e	9.2 e	3.6 e	-2.9 e
A,B1GQ,PCH_PRE,RS22	: 	: 	: 	: 	: 	: 	1.8 e	4.9 e	4.3 e	-1 e	4.1 e	5 e	-5 e	4.1 e	1.2 e	1.9 e	1 e	-4.6 e	1.1 e	-1.2 e	0.8 e	1.7 e	4 e	7.2 e	3.1 e	0.7 e	18.7 e	3.2 e	0.2 e
A,B1GQ,PCH_PRE,RSZ	: 	: 	: 	: 	: 	: 	4.3 e	10.6 e	3.3 e	9.7 e	-0.1 e	-2.7 e	5.7 e	1.7 e	3.8 e	4.3 e	-3.7 e	16.1 e	-6.7 e	0.3 e	19 e	-2.7 e	-0.7 e	-19.6 e	-9.3 e	-9.5 e	0.4 e	-3 e	-7.7 e
A,B1GQ,PCH_PRE,RSZZ	: 	: 	: 	: 	: 	: 	4.3 e	10.6 e	3.3 e	9.7 e	-0.1 e	-2.7 e	5.7 e	1.7 e	3.8 e	4.3 e	-3.7 e	16.1 e	-6.7 e	0.3 e	19 e	-2.7 e	-0.7 e	-19.6 e	-9.3 e	-9.5 e	0.4 e	-3 e	-7.7 e
A,B1GQ,PCH_PRE,SE	: 	: 	: 	: 	: 	: 	1.4 e	2.3 e	1.9 e	4.2 e	2.8 e	4.7 e	3.2 e	-0.9 e	-4.3 e	5.8 e	3.2 e	-0.4 e	1.1 e	2.3 e	4.4 e	2.3 e	1.8 e	1.9 e	2.5 e	-2 e	5.9 e	1.5 e	-0.2 e
A,B1GQ,PCH_PRE,SE1	: 	: 	: 	: 	: 	: 	1.3 e	2.6 e	1.4 e	4.6 e	3.3 e	4.8 e	4.4 e	-0.6 e	-1.2 e	4.6 e	4.3 e	0.3 e	1.4 e	3 e	5 e	2.7 e	1.3 e	3.2 e	2.9 e	-1.6 e	5.9 e	1.7 e	0.2 e
A,B1GQ,PCH_PRE,SE11	: 	: 	: 	: 	: 	: 	1 e	2.5 e	1.4 e	5.1 e	4 e	5 e	5.5 e	-0.2 e	1 e	3.3 e	4.9 e	0.3 e	2 e	4.1 e	5.7 e	2.4 e	0.7 e	4.1 e	4 e	-1.9 e	5.5 e	1.2 e	0.2 e
A,B1GQ,PCH_PRE,SE12	: 	: 	: 	: 	: 	: 	1.9 e	2.8 e	1.4 e	3.6 e	2.1 e	4.3 e	2.3 e	-1.6 e	-5.8 e	7.4 e	3 e	0.4 e	0.2 e	0.7 e	3.4 e	3.2 e	2.9 e	1.2 e	0.6 e	-1 e	6.7 e	3 e	0.4 e
A,B1GQ,PCH_PRE,SE2	: 	: 	: 	: 	: 	: 	1.6 e	2.2 e	2.6 e	3.5 e	2.3 e	5.7 e	4.2 e	-1.5 e	-6.7 e	6 e	3.1 e	-1.4 e	1.5 e	2.4 e	4.8 e	2.2 e	2.3 e	1.1 e	2.3 e	-2.7 e	6.6 e	1 e	0.9 e
A,B1GQ,PCH_PRE,SE21	: 	: 	: 	: 	: 	: 	0.2 e	1.9 e	1.5 e	4.5 e	-2.2 e	5.7 e	2 e	0.1 e	-10.9 e	6.8 e	3.6 e	-1.9 e	0.4 e	1.7 e	3.6 e	3.3 e	3.6 e	-0.6 e	0.7 e	-2.3 e	8.2 e	0 e	-1 e
A,B1GQ,PCH_PRE,SE22	: 	: 	: 	: 	: 	: 	0.2 e	3.1 e	1 e	4 e	3.2 e	4.4 e	8 e	-5.8 e	-4.6 e	5.8 e	1.3 e	-0.6 e	1.4 e	3.2 e	3.6 e	0.4 e	2.8 e	2.1 e	3.3 e	-0.4 e	4.6 e	0.4 e	2.7 e
A,B1GQ,PCH_PRE,SE23	: 	: 	: 	: 	: 	: 	3.1 e	1.8 e	4.2 e	2.8 e	3.5 e	6.5 e	2.6 e	0.9 e	-6.4 e	5.8 e	4.1 e	-1.8 e	1.9 e	2.1 e	6 e	2.9 e	1.5 e	1.1 e	2.2 e	-4.3 e	7.3 e	1.7 e	0.5 e
A,B1GQ,PCH_PRE,SE3	: 	: 	: 	: 	: 	: 	0.9 e	1.5 e	1.4 e	4.6 e	2.5 e	2.1 e	-2.4 e	-0.2 e	-6.4 e	8.7 e	0.3 e	0.1 e	-0.6 e	0 e	1.7 e	1.7 e	2.1 e	0.1 e	2.1 e	-1.5 e	4.4 e	1.9 e	-4.6 e
A,B1GQ,PCH_PRE,SE31	: 	: 	: 	: 	: 	: 	-2.1 e	3.4 e	2.6 e	3.9 e	2.1 e	2.4 e	-2.1 e	-1 e	-7.1 e	8.3 e	1 e	0.8 e	-0.2 e	0.3 e	1.8 e	2.7 e	1.3 e	0.4 e	1.9 e	-2.4 e	2.8 e	2.1 e	-7.7 e
A,B1GQ,PCH_PRE,SE32	: 	: 	: 	: 	: 	: 	6.4 e	-1.8 e	-0.9 e	4.5 e	4.5 e	0.3 e	-2.3 e	0.9 e	-2.3 e	7.5 e	-2 e	-0.2 e	-1 e	0.7 e	1.2 e	0.4 e	1.9 e	-0.3 e	2 e	-2.4 e	5.1 e	4.5 e	-0.2 e
A,B1GQ,PCH_PRE,SE33	: 	: 	: 	: 	: 	: 	1.5 e	1.3 e	1.2 e	5.7 e	1.7 e	2.9 e	-2.8 e	0.2 e	-8.2 e	10 e	0.8 e	-0.7 e	-0.8 e	-1 e	2 e	1.2 e	3.2 e	-0.1 e	2.3 e	0.3 e	6.2 e	0.3 e	-3.4 e
A,B1GQ,PCH_PRE,SEZ	: 	: 	: 	: 	: 	: 	-1.5 e	-4.1 e	13.7 e	-1.9 e	0 e	-3.2 e	-0.8 e	-2.5 e	12.9 e	7.8 e	1.4 e	-16.5 e	1.1 e	-2.6 e	-2.9 e	-2.4 e	0.1 e	-1.4 e	0.6 e	-6.2 e	-2.1 e	11.1 e	-2.1 e
A,B1GQ,PCH_PRE,SEZZ	: 	: 	: 	: 	: 	: 	-1.5 e	-4.1 e	13.7 e	-1.9 e	0 e	-3.2 e	-0.8 e	-2.5 e	12.9 e	7.8 e	1.4 e	-16.5 e	1.1 e	-2.6 e	-2.9 e	-2.4 e	0.1 e	-1.4 e	0.6 e	-6.2 e	-2.1 e	11.1 e	-2.1 e
A,B1GQ,PCH_PRE,SI	: 	: 	: 	: 	: 	: 	2.8 e	3.3 e	3.2 e	4.5 e	3.9 e	5.9 e	7.1 e	3.4 e	-7.6 e	1.1 e	0.7 e	-2.9 e	-0.8 e	2.8 e	2.4 e	3 e	5.2 e	4.4 e	3.5 e	-4.1 e	8.4 e	2.7 e	2.1 e
A,B1GQ,PCH_PRE,SI0	: 	: 	: 	: 	: 	: 	2.8 e	3.3 e	3.2 e	4.5 e	3.9 e	5.9 e	7.1 e	3.4 e	-7.6 e	1.1 e	0.7 e	-2.9 e	-0.8 e	2.8 e	2.4 e	3 e	5.2 e	4.4 e	3.5 e	-4.1 e	8.4 e	2.7 e	2.1 e
A,B1GQ,PCH_PRE,SI03	: 	: 	: 	: 	: 	: 	1.5 e	3.8 e	0.5 e	4.9 e	3.6 e	5.3 e	6.8 e	3.4 e	-9.2 e	1.4 e	1.1 e	-3.4 e	-1.4 e	2.4 e	2.3 e	2.3 e	4.9 e	3.8 e	4 e	-4.3 e	7.3 e	2.8 e	0.7 e
A,B1GQ,PCH_PRE,SI04	: 	: 	: 	: 	: 	: 	4 e	2.9 e	5.5 e	4.3 e	4 e	6.4 e	7.4 e	3.3 e	-6.3 e	0.9 e	0.3 e	-2.5 e	-0.3 e	3 e	2.5 e	3.6 e	5.4 e	4.8 e	3.2 e	-3.9 e	9.2 e	2.6 e	3.1 e
A,B1GQ,PCH_PRE,SK	: 	: 	: 	: 	: 	: 	2.9 e	4.4 e	4.9 e	5.4 e	6.5 e	8.9 e	10.8 e	5.4 e	-5.5 e	6.8 e	2.6 e	1.6 e	0.7 e	2.7 e	5.2 e	1.9 e	2.9 e	4.1 e	2.3 e	-2.6 e	5.7 e	0.4 e	1.4 e
A,B1GQ,PCH_PRE,SK0	: 	: 	: 	: 	: 	: 	2.9 e	4.4 e	4.9 e	5.4 e	6.5 e	8.9 e	10.8 e	5.4 e	-5.5 e	6.8 e	2.6 e	1.6 e	0.7 e	2.7 e	5.2 e	1.9 e	2.9 e	4.1 e	2.3 e	-2.6 e	5.7 e	0.4 e	1.4 e
A,B1GQ,PCH_PRE,SK01	: 	: 	: 	: 	: 	: 	0.9 e	6 e	2.8 e	4.4 e	14.5 e	5.6 e	12.8 e	4 e	0.6 e	5.7 e	1.6 e	0 e	3.7 e	0.3 e	6.4 e	3.1 e	2.4 e	3.1 e	1 e	-2.4 e	5.9 e	0.3 e	-0.6 e
A,B1GQ,PCH_PRE,SK02	: 	: 	: 	: 	: 	: 	1.5 e	4 e	6.9 e	6.9 e	3.9 e	14.8 e	9.8 e	2.8 e	-9.1 e	7 e	5 e	1.4 e	-1.3 e	3.8 e	2.2 e	2.6 e	1.4 e	3.6 e	4.7 e	-2.9 e	4.3 e	-0.6 e	2.9 e
A,B1GQ,PCH_PRE,SK03	: 	: 	: 	: 	: 	: 	4.7 e	5 e	4.9 e	4.3 e	2.1 e	8 e	11.8 e	8.4 e	-6 e	8.5 e	-1.1 e	2.3 e	0.4 e	3 e	6.3 e	0.9 e	2.5 e	4.7 e	3.5 e	-4.4 e	8.7 e	1.6 e	-0.6 e
A,B1GQ,PCH_PRE,SK04	: 	: 	: 	: 	: 	: 	5.8 e	2.6 e	4.3 e	5.4 e	4.9 e	5 e	9 e	8.7 e	-7.4 e	6.3 e	3.7 e	3.3 e	0 e	4.1 e	7 e	0.5 e	6 e	5.5 e	-0.4 e	-0.7 e	4.8 e	1.1 e	3.7 e
A,B1GQ,PCH_PRE,TR	: 	: 	: 	: 	: 	: 	: 	: 	: 	: 	: 	: 	: 	: 	0.4 e	8.4 e	11.2 e	4.8 e	8.5 e	4.9 e	6.1 e	3.3 e	7.5 e	3 e	0.8 e	1.9 e	11.4 e	5.5 e	5.1 e
A,B1GQ,PCH_PRE,TR1	: 	: 	: 	: 	: 	: 	: 	: 	: 	: 	: 	: 	: 	: 	-0.1 e	8.5 e	12.8 e	6.5 e	9.7 e	6.1 e	7 e	2.6 e	8.4 e	2.6 e	1.1 e	0 e	13 e	8.1 e	5.2 e
A,B1GQ,PCH_PRE,TR10	: 	: 	: 	: 	: 	: 	: 	: 	: 	: 	: 	: 	: 	: 	-0.1 e	8.5 e	12.8 e	6.5 e	9.7 e	6.1 e	7 e	2.6 e	8.4 e	2.6 e	1.1 e	0 e	13 e	8.1 e	5.2 e
A,B1GQ,PCH_PRE,TR2	: 	: 	: 	: 	: 	: 	: 	: 	: 	: 	: 	: 	: 	: 	0.3 e	7.8 e	8.3 e	4.1 e	4.4 e	6.9 e	4.9 e	6.1 e	7.1 e	3.8 e	1.3 e	4.9 e	12.9 e	0.9 e	2.2 e
A,B1GQ,PCH_PRE,TR21	: 	: 	: 	: 	: 	: 	: 	: 	: 	: 	: 	: 	: 	: 	-0.9 e	7.4 e	9.4 e	4.9 e	6.2 e	7.4 e	6.3 e	5.7 e	8.3 e	3.5 e	1.5 e	4.8 e	16.8 e	0.4 e	1.3 e
A,B1GQ,PCH_PRE,TR22	: 	: 	: 	: 	: 	: 	: 	: 	: 	: 	: 	: 	: 	: 	1.9 e	8.3 e	7 e	3.2 e	2.3 e	6.4 e	3.2 e	6.5 e	5.5 e	4.2 e	1.1 e	5 e	7.5 e	1.6 e	3.4 e
A,B1GQ,PCH_PRE,TR3	: 	: 	: 	: 	: 	: 	: 	: 	: 	: 	: 	: 	: 	: 	-0.4 e	9.3 e	10.5 e	3.6 e	6.4 e	5.1 e	4.4 e	5.6 e	7.8 e	4.4 e	-0.8 e	0.8 e	12.1 e	4.2 e	1.5 e
A,B1GQ,PCH_PRE,TR31	: 	: 	: 	: 	: 	: 	: 	: 	: 	: 	: 	: 	: 	: 	-0.7 e	9.6 e	11.6 e	4.1 e	6.5 e	3.9 e	4.8 e	5.6 e	8.1 e	3.7 e	-1.6 e	1.5 e	14.1 e	4.6 e	1.2 e
A,B1GQ,PCH_PRE,TR32	: 	: 	: 	: 	: 	: 	: 	: 	: 	: 	: 	: 	: 	: 	1.2 e	8.2 e	10.3 e	2.6 e	6.2 e	7.3 e	3.8 e	4.4 e	7.3 e	6 e	1.4 e	-2.9 e	13.6 e	7.5 e	2.2 e
A,B1GQ,PCH_PRE,TR33	: 	: 	: 	: 	: 	: 	: 	: 	: 	: 	: 	: 	: 	: 	-1.5 e	9.8 e	8.7 e	3.8 e	6.3 e	5 e	4.2 e	6.7 e	7.6 e	3.9 e	-1.6 e	3.4 e	7 e	0.1 e	1.3 e
A,B1GQ,PCH_PRE,TR4	: 	: 	: 	: 	: 	: 	: 	: 	: 	: 	: 	: 	: 	: 	-3.1 e	8 e	13.8 e	3.2 e	8.3 e	4.6 e	7.4 e	2.7 e	9.1 e	2.8 e	-2.4 e	1.9 e	14 e	3 e	6.9 e
A,B1GQ,PCH_PRE,TR41	: 	: 	: 	: 	: 	: 	: 	: 	: 	: 	: 	: 	: 	: 	-2.2 e	8.6 e	13.1 e	3.4 e	8.1 e	3.3 e	5.8 e	3 e	8.4 e	3.2 e	-1.6 e	-0.9 e	12.9 e	3.4 e	4.7 e
A,B1GQ,PCH_PRE,TR42	: 	: 	: 	: 	: 	: 	: 	: 	: 	: 	: 	: 	: 	: 	-3.9 e	7.4 e	14.5 e	3.1 e	8.6 e	5.9 e	8.9 e	2.4 e	9.8 e	2.4 e	-3.1 e	4.4 e	15 e	2.7 e	8.8 e
A,B1GQ,PCH_PRE,TR5	: 	: 	: 	: 	: 	: 	: 	: 	: 	: 	: 	: 	: 	: 	2 e	6.6 e	11.3 e	3.7 e	11.7 e	2.8 e	4.9 e	5.9 e	4.7 e	2.5 e	3.8 e	5.1 e	9.1 e	6.3 e	8.2 e
A,B1GQ,PCH_PRE,TR51	: 	: 	: 	: 	: 	: 	: 	: 	: 	: 	: 	: 	: 	: 	1.6 e	7.3 e	10.5 e	2.6 e	12 e	2.1 e	5.1 e	6.5 e	3.9 e	1.9 e	4.9 e	5.1 e	10 e	6.3 e	9.6 e
A,B1GQ,PCH_PRE,TR52	: 	: 	: 	: 	: 	: 	: 	: 	: 	: 	: 	: 	: 	: 	3.9 e	3.9 e	14.8 e	8.2 e	10.8 e	5.6 e	4.4 e	3.9 e	7.5 e	5.1 e	-0.3 e	5.1 e	5.8 e	6.4 e	3.3 e
A,B1GQ,PCH_PRE,TR6	: 	: 	: 	: 	: 	: 	: 	: 	: 	: 	: 	: 	: 	: 	2.1 e	8.1 e	9.5 e	3.7 e	7.9 e	5.4 e	5.4 e	0.9 e	7.3 e	5.3 e	1.4 e	-4.2 e	15.6 e	8.5 e	4.7 e
A,B1GQ,PCH_PRE,TR61	: 	: 	: 	: 	: 	: 	: 	: 	: 	: 	: 	: 	: 	: 	3.7 e	10.8 e	10.9 e	3.5 e	7.5 e	7 e	3.8 e	-5.8 e	10.7 e	12 e	3.2 e	-19.8 e	22.9 e	18 e	5.8 e
A,B1GQ,PCH_PRE,TR62	: 	: 	: 	: 	: 	: 	: 	: 	: 	: 	: 	: 	: 	: 	1.2 e	6.5 e	9.1 e	5.3 e	6.7 e	4.6 e	6 e	5.5 e	5.6 e	1.6 e	2.3 e	7.2 e	11.4 e	7.1 e	5 e
A,B1GQ,PCH_PRE,TR63	: 	: 	: 	: 	: 	: 	: 	: 	: 	: 	: 	: 	: 	: 	0.8 e	6.2 e	7.9 e	1.7 e	10.3 e	4.2 e	7.3 e	5 e	5 e	1 e	-2.6 e	4.9 e	12.9 e	-1.8 e	2.6 e
A,B1GQ,PCH_PRE,TR7	: 	: 	: 	: 	: 	: 	: 	: 	: 	: 	: 	: 	: 	: 	1.8 e	8.7 e	9.2 e	2.5 e	7.5 e	4.9 e	5 e	2.9 e	5.7 e	3.1 e	-0.4 e	4.9 e	7.5 e	5.5 e	4.8 e
A,B1GQ,PCH_PRE,TR71	: 	: 	: 	: 	: 	: 	: 	: 	: 	: 	: 	: 	: 	: 	4.4 e	9 e	9.5 e	1.7 e	7.6 e	5.7 e	7.3 e	1.4 e	8.3 e	4.5 e	-1.5 e	4.5 e	7.2 e	8.9 e	4.9 e
A,B1GQ,PCH_PRE,TR72	: 	: 	: 	: 	: 	: 	: 	: 	: 	: 	: 	: 	: 	: 	0.4 e	8.5 e	9 e	2.9 e	7.5 e	4.4 e	3.6 e	3.8 e	4.3 e	2.2 e	0.3 e	5.1 e	7.6 e	3.4 e	4.8 e
A,B1GQ,PCH_PRE,TR8	: 	: 	: 	: 	: 	: 	: 	: 	: 	: 	: 	: 	: 	: 	0.1 e	8.1 e	8.3 e	1.4 e	5.8 e	5 e	4.9 e	2.8 e	4.9 e	-0.5 e	-1 e	5.5 e	5.1 e	2.6 e	7.4 e
A,B1GQ,PCH_PRE,TR81	: 	: 	: 	: 	: 	: 	: 	: 	: 	: 	: 	: 	: 	: 	-2.3 e	10.1 e	12.5 e	-2.8 e	9.4 e	8.7 e	0.8 e	0.7 e	6.4 e	-2.2 e	-8.7 e	6.1 e	8.4 e	-0.7 e	-0.1 e
A,B1GQ,PCH_PRE,TR82	: 	: 	: 	: 	: 	: 	: 	: 	: 	: 	: 	: 	: 	: 	1.3 e	8.6 e	6.9 e	2.2 e	6.2 e	4.4 e	3.2 e	4.6 e	3.5 e	2.5 e	2.7 e	7.5 e	5.4 e	2.5 e	8.5 e
A,B1GQ,PCH_PRE,TR83	: 	: 	: 	: 	: 	: 	: 	: 	: 	: 	: 	: 	: 	: 	0.6 e	7.3 e	7.1 e	3 e	4.1 e	3.7 e	7.2 e	3 e	4.8 e	-0.7 e	1.4 e	4.6 e	3.5 e	4.2 e	10.7 e
A,B1GQ,PCH_PRE,TR9	: 	: 	: 	: 	: 	: 	: 	: 	: 	: 	: 	: 	: 	: 	-0.5 e	7.5 e	7.9 e	5.6 e	5 e	4.4 e	11.1 e	-2.2 e	6.1 e	0.5 e	4.8 e	2.3 e	1 e	-2.5 e	4.2 e
A,B1GQ,PCH_PRE,TR90	: 	: 	: 	: 	: 	: 	: 	: 	: 	: 	: 	: 	: 	: 	-0.5 e	7.5 e	7.9 e	5.6 e	5 e	4.4 e	11.1 e	-2.2 e	6.1 e	0.5 e	4.8 e	2.3 e	1 e	-2.5 e	4.2 e
A,B1GQ,PCH_PRE,TRA	: 	: 	: 	: 	: 	: 	: 	: 	: 	: 	: 	: 	: 	: 	4.6 e	13.2 e	6.5 e	7.4 e	6 e	-0.6 e	5.1 e	6.1 e	7 e	0.9 e	-0.7 e	6.4 e	3.2 e	-0.7 e	5.6 e
A,B1GQ,PCH_PRE,TRA1	: 	: 	: 	: 	: 	: 	: 	: 	: 	: 	: 	: 	: 	: 	4.2 e	10.8 e	4.9 e	7.8 e	7.8 e	0.9 e	2.3 e	6.1 e	7.7 e	1.1 e	-0.6 e	5 e	4.3 e	-2.7 e	4.9 e
A,B1GQ,PCH_PRE,TRA2	: 	: 	: 	: 	: 	: 	: 	: 	: 	: 	: 	: 	: 	: 	5.1 e	16.8 e	8.7 e	6.9 e	3.4 e	-2.8 e	9.1 e	6.1 e	5.9 e	0.7 e	-0.7 e	8.4 e	1.6 e	2.1 e	6.6 e
A,B1GQ,PCH_PRE,TRB	: 	: 	: 	: 	: 	: 	: 	: 	: 	: 	: 	: 	: 	: 	4 e	8.5 e	11 e	9.3 e	3.8 e	2.1 e	3.7 e	4.7 e	8.3 e	3.9 e	2 e	6.6 e	4.8 e	-0.1 e	8.3 e
A,B1GQ,PCH_PRE,TRB1	: 	: 	: 	: 	: 	: 	: 	: 	: 	: 	: 	: 	: 	: 	3.4 e	7.4 e	12.1 e	3.3 e	8.8 e	1.5 e	5.1 e	3.7 e	8.4 e	2.3 e	1.6 e	7.3 e	6.3 e	-2.6 e	8.7 e
A,B1GQ,PCH_PRE,TRB2	: 	: 	: 	: 	: 	: 	: 	: 	: 	: 	: 	: 	: 	: 	4.8 e	10 e	9.7 e	16.8 e	-1.6 e	2.9 e	2.1 e	6 e	8.2 e	5.9 e	2.4 e	5.7 e	3 e	3 e	7.9 e
A,B1GQ,PCH_PRE,TRC	: 	: 	: 	: 	: 	: 	: 	: 	: 	: 	: 	: 	: 	: 	2.6 e	11.7 e	11 e	7.6 e	12.2 e	3.9 e	7.4 e	2 e	8.7 e	2.5 e	3.2 e	9.2 e	9.1 e	5.7 e	4.1 e
A,B1GQ,PCH_PRE,TRC1	: 	: 	: 	: 	: 	: 	: 	: 	: 	: 	: 	: 	: 	: 	-0.5 e	11 e	12.3 e	12 e	13.4 e	6.7 e	10.1 e	1.7 e	6.7 e	2.9 e	2.7 e	13.2 e	10.9 e	5.3 e	0.7 e
A,B1GQ,PCH_PRE,TRC2	: 	: 	: 	: 	: 	: 	: 	: 	: 	: 	: 	: 	: 	: 	3.7 e	11.3 e	10.1 e	4.9 e	11.9 e	0.3 e	7.5 e	2 e	7.3 e	-0.5 e	2.9 e	6.2 e	6.4 e	8.3 e	7.1 e
A,B1GQ,PCH_PRE,TRC3	: 	: 	: 	: 	: 	: 	: 	: 	: 	: 	: 	: 	: 	: 	5.7 e	13.3 e	10.4 e	5.3 e	10.9 e	4.9 e	3.1 e	2.6 e	14.2 e	6 e	4.2 e	6.8 e	9.5 e	3.6 e	6.3 e
